% Model:              FEM_BEM_model_stl_FourProlSpheroids.mph
% Version:            COMSOL 6.3.0.335
% Date:               Oct 16 2025, 09:14
% Table:              Table 2 - TS_D_far
% f0 (1/s)               freq (Hz)                TS_Global_var_Point      Evaluate in the domain at the given coordinates in Geometry 1 (Pa), Ps_Global_var_Point
500                                               500                                               -53.29842304918155                                1.2438577547513319E-5+4.143551408497537E-5i
650                                               650                                               -49.679431156219565                               3.2125377847969094E-5+5.722224196991199E-5i
800                                               800                                               -47.37539468281603                                5.492535283585509E-5+6.560003629241251E-5i
950                                               950                                               -46.14001477151482                                7.096195521855142E-5+6.85068161397906E-5i
1100                                              1100                                              -45.480040347550734                               6.867379202979418E-5+8.129805073464613E-5i
1250                                              1250                                              -42.02924722822875                                4.041697476919737E-5+1.530861443957976E-4i
1400                                              1400                                              -31.610376371455647                               2.360275790974642E-5+5.248951373041377E-4i
1550                                              1550                                              -26.883099362968327                               8.760457396901344E-4-2.2896159890850587E-4i
1700                                              1700                                              -29.689125360160435                               2.532135926215373E-4-6.046198540031744E-4i
1850                                              1850                                              -33.297064564598706                               3.411518446466699E-5-4.313429169506833E-4i
2000                                              2000                                              -36.33379699357215                                -5.3804964645354225E-5-3.002453906110203E-4i
2150                                              2150                                              -39.88409931378013                                -7.962795051197347E-5-1.863900369497573E-4i
2300                                              2300                                              -45.15431382988627                                -5.800586364990146E-5-9.4036548730414E-5i
2450                                              2450                                              -55.072151697733005                               -2.522565712648195E-6-3.518105561173268E-5i
2600                                              2600                                              -49.06513161861125                                6.788046186551044E-5-1.8787949683130023E-5i
2750                                              2750                                              -43.1799929502623                                 1.311090701756612E-4-4.5210804868078824E-5i
2900                                              2900                                              -40.13578838829492                                1.669459007333507E-4-1.0439232998682435E-4i
3050                                              3050                                              -38.394251310380135                               1.623701679782652E-4-1.775671769097542E-4i
3200                                              3200                                              -37.46218912055148                                1.1528770365104579E-4-2.4178898482052347E-4i
3350                                              3350                                              -37.13323810427025                                3.5402382151827894E-5-2.7594531974561853E-4i
3500                                              3500                                              -37.30434799580045                                -5.817155654042061E-5-2.6650520197557537E-4i
3650                                              3650                                              -37.90472258923459                                -1.419718928648006E-4-2.112957182687225E-4i
3800                                              3800                                              -38.837513911942644                               -1.9451815721399646E-4-1.2016421652472076E-4i
3950                                              3950                                              -39.893290909255896                               -2.0209822647110354E-4-1.230072227642598E-5i
4100                                              4100                                              -40.669968042764225                               -1.6235230703354198E-4+8.901401276761867E-5i
4250                                              4250                                              -40.75195267818815                                -8.464652422202068E-5+1.6271337577200562E-4i
4400                                              4400                                              -40.17950344116902                                1.2824764781538267E-5+1.954889733857268E-4i
4550                                              4550                                              -39.3968860040407                                 1.0832109627084696E-4+1.8500169437718483E-4i
4700                                              4700                                              -38.78358830587345                                1.826522160495725E-4+1.3988594856784164E-4i
4850                                              4850                                              -38.524643672218374                               2.2430137002932282E-4+7.662044200584806E-5i
5000                                              5000                                              -38.690874479752836                               2.320960770620939E-4+1.426270302840038E-5i
5150                                              5150                                              -39.29250904421705                                2.1469866118928316E-4-3.132919100934384E-5i
5300                                              5300                                              -40.25294999721908                                1.8716115122741073E-4-5.203361074057611E-5i
5450                                              5450                                              -41.26507455524005                                1.6567989410187778E-4-4.941664599300566E-5i
5600                                              5600                                              -41.63674398726027                                1.622125298388899E-4-3.357363587586093E-5i
5750                                              5750                                              -40.83576309285946                                1.806243910714156E-4-1.93010434741403E-5i
5900                                              5900                                              -39.31011072675689                                2.1552768255311827E-4-2.0843158329175715E-5i
6050                                              6050                                              -37.773929807357945                               2.5413847520516786E-4-4.6870059245196494E-5i
6200                                              6200                                              -36.56734287309089                                2.8055694118722663E-4-9.725631128232326E-5i
6350                                              6350                                              -35.787895569621675                               2.8113897779119545E-4-1.626814117464681E-4i
6500                                              6500                                              -35.46041184898002                                2.492791941358652E-4-2.272169412115277E-4i
6650                                              6650                                              -35.607481873754466                               1.880789278491113E-4-2.73140683279105E-4i
6800                                              6800                                              -36.28080487611292                                1.1000484649442699E-4-2.8650209128389115E-4i
6950                                              6950                                              -37.59379289332469                                3.357977788237543E-5-2.6169419560995166E-4i
7100                                              7100                                              -39.795812920062076                               -2.1907820333399997E-5-2.035819017494056E-4i
7250                                              7250                                              -43.52414457115978                                -4.2059099979119274E-5-1.264884106710884E-4i
7400                                              7400                                              -51.244781626646976                               -2.1655497763728437E-5-5.034106312262754E-5i
7550                                              7550                                              -55.37678825296476                                3.3705384495763546E-5+4.8725639538726995E-6i
7700                                              7700                                              -45.0474098831673                                 1.0909967216760075E-4+2.4678710584535857E-5i
7850                                              7850                                              -40.70069866866247                                1.8445380406384437E-4+4.103545052536184E-6i
8000                                              8000                                              -38.22124540768906                                2.4007536482545389E-4-5.109620924081959E-5i
8150                                              8150                                              -36.74381904831807                                2.6215157055337057E-4-1.2623992802385242E-4i
8300                                              8300                                              -35.95469075069137                                2.463461906878073E-4-2.020958760901026E-4i
8450                                              8450                                              -35.71499583806049                                1.98618361555436E-4-2.604631136571278E-4i
8600                                              8600                                              -35.961288240014994                               1.3299039468761542E-4-2.8928986323972783E-4i
8750                                              8750                                              -36.66718772147967                                6.699191689663042E-5-2.857956122149785E-4i
8900                                              8900                                              -37.815996724297214                               1.621181348976375E-5-2.566643478872921E-4i
9050                                              9050                                              -39.349430008551835                               -1.0325686110257415E-5-2.1530773917988189E-4i
9200                                              9200                                              -41.03049001043261                                -1.2535163379623349E-5-1.7718271453626144E-4i
9350                                              9350                                              -42.2355696208949                                 1.2654193544681114E-6-1.546097823925674E-4i
9500                                              9500                                              -42.284651218755236                               1.7568149557112278E-5-1.527366916062034E-4i
9650                                              9650                                              -41.436548463872036                               2.2519381271457473E-5-1.680103471248806E-4i
9800                                              9800                                              -40.46643836833162                                6.822028332187369E-6-1.8942033389990343E-4i
9950                                              9950                                              -39.803656474633705                               -3.085983266021275E-5-2.0223145885223115E-4i
10100                                             10100                                             -39.570845070549005                               -8.302535228932317E-5-1.9303197413311768E-4i
10250                                             10250                                             -39.76947943692164                                -1.353692742226409E-4-1.5445287656634665E-4i
10400                                             10400                                             -40.33525189999459                                -1.7107743111011153E-4-8.809597143133452E-5i
10550                                             10550                                             -41.10268051643338                                -1.760926236012983E-4-4.7025672470502045E-6i
10700                                             10700                                             -41.73541731044962                                -1.4371291643555661E-4+7.855107590781785E-5i
10850                                             10850                                             -41.813447659078776                               -7.70784997339291E-5+1.4284585227386515E-4i
11000                                             11000                                             -41.23370089053456                                1.12453372203003E-5+1.7315339053292078E-4i
11150                                             11150                                             -40.34174061886422                                1.0250925279525758E-4+1.6268054137713595E-4i
11300                                             11300                                             -39.53574086014437                                1.7690141369464119E-4+1.1497300322305115E-4i
11450                                             11450                                             -39.04599950678249                                2.1903182524563025E-4+4.302929691257784E-5i
11600                                             11600                                             -38.98495156316693                                2.221571571239811E-4-3.432208135645265E-5i
11750                                             11750                                             -39.43046300838397                                1.8988805422992527E-4-9.771210808962039E-5i
11900                                             11900                                             -40.484726097873214                               1.3487923364724486E-4-1.326017716524186E-4i
12050                                             12050                                             -42.33953000059024                                7.492913571061077E-5-1.3313885450261242E-4i
12200                                             12200                                             -45.43168885855681                                2.7694914782327995E-5-1.0336947916567141E-4i
12350                                             12350                                             -51.09122701867178                                5.635188741970332E-6-5.549334822207985E-5i
12500                                             12500                                             -63.12724683012347                                1.2700182074998345E-5-5.778549817203604E-6i
12650                                             12650                                             -51.478007937514896                               4.3715287982248885E-5+3.0579942033703844E-5i
12800                                             12800                                             -46.27321707884904                                8.656920371696852E-5+4.405331203272134E-5i
12950                                             12950                                             -43.68785116774838                                1.264609999928057E-4+3.344540508776195E-5i
13100                                             13100                                             -42.44327579865765                                1.508482171090897E-4+5.847240402978571E-6i
13250                                             13250                                             -42.17174596342396                                1.5356124523052683E-4-2.6050762579332698E-5i
13400                                             13400                                             -42.78795030270024                                1.3676853855121296E-4-4.84250991887869E-5i
13550                                             13550                                             -44.32960665955308                                1.1021011582845741E-4-5.112896541337175E-5i
13700                                             13700                                             -46.61979877960162                                8.792683037101012E-5-3.130679153862115E-5i
13850                                             13850                                             -47.5652800132285                                 8.353780210945683E-5+5.332312987382792E-6i
14000                                             14000                                             -44.79597156216102                                1.055462868613799E-4+4.601649640001426E-5i
14150                                             14150                                             -41.344299034076364                               1.5416874855500584E-4+7.472270466246655E-5i
14300                                             14300                                             -38.6447856035245                                 2.2067131820019403E-4+7.715614114212066E-5i
14450                                             14450                                             -36.682796233531924                               2.8948205025464135E-4+4.536588541470543E-5i
14600                                             14600                                             -35.31420067625386                                3.424714343671087E-4-1.9398927905145413E-5i
14750                                             14750                                             -34.43812522311832                                3.641678458938258E-4-1.0650655663180242E-4i
14900                                             14900                                             -33.996183417372926                               3.4635463909671316E-4-1.9854807085140092E-4i
15050                                             15050                                             -33.96112837810524                                2.906650067683869E-4-2.7602251086455976E-4i
15200                                             15200                                             -34.33090970178499                                2.0833015469673422E-4-3.2273622963641113E-4i
15350                                             15350                                             -35.12824710297546                                1.1711843529155219E-4-3.302933700979338E-4i
15500                                             15500                                             -36.40595014135671                                3.636642320814509E-5-3.00311054265312E-4i
15650                                             15650                                             -38.2593551322292                                 -1.839131755188017E-5-2.4368504849581196E-4i
15800                                             15800                                             -40.84180709893407                                -3.9556303155607875E-5-1.771640747524339E-4i
15950                                             15950                                             -44.30350704098735                                -2.91432498037425E-5-1.183219507288058E-4i
16100                                             16100                                             -47.90114648731776                                2.4404365281394114E-6-8.049579074964619E-5i
16250                                             16250                                             -47.96368832355075                                4.0044719907428306E-5-6.92041979628577E-5i
16400                                             16400                                             -45.49325676747795                                6.868198477588683E-5-8.107918691668825E-5i
16550                                             16550                                             -43.65276420154727                                7.815952564055317E-5-1.0555031489178912E-4i
16700                                             16700                                             -42.81415193677179                                6.60384572787609E-5-1.286970330578452E-4i
16850                                             16850                                             -42.90380899361729                                3.804884549890586E-5-1.3801723202222504E-4i
17000                                             17000                                             -43.96050325003941                                5.8668008700579755E-6-1.2663076580021748E-4i
17150                                             17150                                             -46.27790011233981                                -1.7001576467945423E-5-9.558085299898877E-5i
17300                                             17300                                             -50.88589372772595                                -1.9919558969516693E-5-5.3526731534137006E-5i
17450                                             17450                                             -63.11769707436193                                1.105529390976745E-6-1.392453362147883E-5i
17600                                             17600                                             -53.38733363481229                                4.177648938630263E-5+9.403081288161808E-6i
17750                                             17750                                             -46.86039956931181                                9.052059720376926E-5+6.9125120708557475E-6i
17900                                             17900                                             -43.484099232425834                               1.3187832113775722E-4-2.3259180469969998E-5i
18050                                             18050                                             -41.49082059901094                                1.5122393229100028E-4-7.422311325688824E-5i
18200                                             18200                                             -40.356894376109516                               1.3939718655520128E-4-1.3195736080595655E-4i
18350                                             18350                                             -39.86269131537418                                9.580623502142283E-5-1.7918155450236117E-4i
18500                                             18500                                             -39.89535199862535                                2.903400547665802E-5-2.0033116709006205E-4i
18650                                             18650                                             -40.372521549471934                               -4.5285312131326805E-5-1.8617524780850658E-4i
18800                                             18800                                             -41.17936116361955                                -1.0871760097008742E-4-1.3663135792052472E-4i
18950                                             18950                                             -42.078025672135155                               -1.4516194061298116E-4-6.096655330001255E-5i
19100                                             19100                                             -42.649499893357266                               -1.453289311461603E-4+2.4738986832750776E-5i
19250                                             19250                                             -42.52828105354248                                -1.0923424983499963E-4+1.0205650370442854E-4i
19400                                             19400                                             -41.83063389882852                                -4.599401425137151E-5+1.553271731876693E-4i
19550                                             19550                                             -41.00117625777891                                2.9001681541074298E-5+1.7585058282765242E-4i
19700                                             19700                                             -40.384274009982036                               9.864245358842672E-5+1.6395864294815876E-4i
19850                                             19850                                             -40.14538150214235                                1.4899645267379968E-4+1.2838694606631673E-4i
20000                                             20000                                             -40.354608585711                                  1.7305561896635568E-4+8.315930820201878E-5i
20150                                             20150                                             -41.03995910437745                                1.7214614262589523E-4+4.298643528999335E-5i
20300                                             20300                                             -42.19515945697999                                1.5423117710372525E-4+1.8493414290610133E-5i
20450                                             20450                                             -43.97996649420741                                1.2592473723904707E-4+1.1869033871736434E-5i
20600                                             20600                                             -38.75771065459454                                2.2021412053652156E-4+6.893459746437625E-5i
20750                                             20750                                             -41.25502918976327                                1.6492919191396505E-4+5.253013059558498E-5i
20900                                             20900                                             -40.10463657308863                                1.8815436908664607E-4+6.037973298833599E-5i
21050                                             21050                                             -38.721537864871905                               2.2600043651938018E-4+5.114083725377139E-5i
21200                                             21200                                             -37.59982350174798                                2.6298821739556555E-4+1.8763147473399577E-5i
21350                                             21350                                             -36.87543707833636                                2.8456705961399376E-4-3.397533375715245E-5i
21500                                             21500                                             -36.58824822796254                                2.80027522150339E-4-9.660316256365764E-5i
21650                                             21650                                             -36.76901852967565                                2.4588553368992683E-4-1.5398201692629065E-4i
21800                                             21800                                             -37.47537329996197                                1.8740080339385567E-4-1.9083136771358422E-4i
21950                                             21950                                             -38.82773308384659                                1.1746577323407115E-4-1.9645969223713866E-4i
22100                                             22100                                             -41.088529687648865                               5.314332613154393E-5-1.6824918110958098E-4i
22250                                             22250                                             -44.935631700237984                               1.0816856994777524E-5-1.1278731907948814E-4i
22400                                             22400                                             -53.09177351752106                                1.4525269534382268E-6-4.4280017507669633E-5i
22550                                             22550                                             -55.51722991922197                                2.7379979166464175E-5+1.93190627484352E-5i
22700                                             22700                                             -45.846784524279016                               8.156535767894768E-5+6.128159647111886E-5i
22850                                             22850                                             -41.646789510679326                               1.4958112326213246E-4+7.072611959835218E-5i
23000                                             23000                                             -39.23285804144677                                2.136710832796873E-4+4.552771355070817E-5i
23150                                             23150                                             -37.79489071649187                                2.5769774220057995E-4-7.3139017287005E-6i
23300                                             23300                                             -37.03387050882984                                2.7153468245522117E-4-7.388768404958945E-5i
23450                                             23450                                             -36.816837737438135                               2.5362847260074206E-4-1.3755384278268945E-4i
23600                                             23600                                             -37.08355842043728                                2.1099432971277698E-4-1.8376889391846785E-4i
23750                                             23750                                             -37.81015111197182                                1.566913374591028E-4-2.0414778680066803E-4i
23900                                             23900                                             -38.982127820924674                               1.0556874363409907E-4-1.9854448894740528E-4i
24050                                             24050                                             -40.5419062228712                                 6.963368753243326E-5-1.7452462513833922E-4i
24200                                             24200                                             -42.24762807302986                                5.4448216876445965E-5-1.4448146580536836E-4i
24350                                             24350                                             -43.457715278982                                  5.771440779234194E-5-1.212897537831159E-4i
24500                                             24500                                             -43.48160739522288                                7.040213366182879E-5-1.139592597415584E-4i
24650                                             24650                                             -42.60971384107633                                8.005452241027777E-5-1.2459453092505957E-4i
24800                                             24800                                             -41.634034107302                                  7.518405006523565E-5-1.4766373859831372E-4i
24950                                             24950                                             -40.97747865047775                                4.937233330387647E-5-1.717576693970324E-4i
25100                                             25100                                             -40.75505599003349                                3.7915302426583253E-6-1.8330922286591278E-4i
25250                                             25250                                             -40.960792705463405                               -5.2712057710846416E-5-1.71121912448835E-4i
25400                                             25400                                             -41.51738378465091                                -1.0596548844277187E-4-1.3029207029724432E-4i
25550                                             25550                                             -42.23528324443879                                -1.4062329249975303E-4-6.428415137793575E-5i
25700                                             25700                                             -42.75243315696113                                -1.4485354023396901E-4+1.5522105348830806E-5i
25850                                             25850                                             -42.672032665918415                               -1.1411592707688545E-4+9.272328034326538E-5i
26000                                             26000                                             -41.96959744245496                                -5.2879548694040324E-5+1.503972949377097E-4i
26150                                             26150                                             -41.0205966449457                                 2.62802610739854E-5+1.7587537712160373E-4i
26300                                             26300                                             -40.194540339873456                               1.0596491104303274E-4+1.643751604767374E-4i
26450                                             26450                                             -39.691802784555705                               1.6865938860277652E-4+1.2039833068511197E-4i
26600                                             26600                                             -39.6069395374274                                 2.014941213296928E-4+5.6473187646788325E-5i
26750                                             26750                                             -40.0032256300114                                 1.996549750208354E-4-1.0401578211971518E-5i
26900                                             26900                                             -40.95825180883469                                1.6743454056616924E-4-6.360587965759112E-5i
27050                                             27050                                             -42.595320173443014                               1.1654882993367144E-4-9.176984640901775E-5i
27200                                             27200                                             -45.03884035331963                                6.147062344608045E-5-9.358339798526405E-5i
27350                                             27350                                             -47.673493459624076                               -7.453234886944937E-5-3.5769963763199186E-5i
27500                                             27500                                             -63.60162529477947                                1.2033254705501317E-5+5.453602662242041E-6i
27650                                             27650                                             -52.91793248470271                                1.8637460773518466E-5+4.117811818671324E-5i
27800                                             27800                                             -47.679989078138185                               4.521551473202212E-5+6.913684940557108E-5i
27950                                             27950                                             -45.0301154186774                                 8.027452465730889E-5+7.821573767907708E-5i
28100                                             28100                                             -43.73972403428036                                1.1089807062797385E-4+6.78928335593465E-5i
28250                                             28250                                             -43.43463435219889                                1.2688393150256383E-4+4.515270645844005E-5i
28400                                             28400                                             -44.019937198800925                               1.2405928813752354E-4+2.1462609673394972E-5i
28550                                             28550                                             -45.514706926563655                               1.0564530050077847E-4+8.630767260875416E-6i
28700                                             28700                                             -47.691399448641896                               8.119219548807788E-5+1.4637889156343675E-5i
28850                                             28850                                             -48.47330995447871                                6.346010719021633E-5+4.0716035068499856E-5i
29000                                             29000                                             -45.76419851119211                                6.415590672986804E-5+8.057407495776214E-5i
29150                                             29150                                             -42.40505151293408                                8.996200511085517E-5+1.2205604322435004E-4i
29300                                             29300                                             -39.75617022735543                                1.3998794685526894E-4+1.5070955247631357E-4i
29450                                             29450                                             -37.823379626470214                               2.0555950578032833E-4+1.5418287861335145E-4i
29600                                             29600                                             -36.474081485007495                               2.7235528546282195E-4+1.2612480214080346E-4i
29750                                             29750                                             -35.61232585119006                                3.243139430144648E-4+6.839139703451735E-5i
29900                                             29900                                             -35.181936445003615                               3.481646592441989E-4-9.105990884328286E-6i
30050                                             30050                                             -35.15716968505017                                3.372414337115548E-4-9.090376172327108E-5i
30200                                             30200                                             -35.53727621499573                                2.9346774797794906E-4-1.6015153146531347E-4i
30350                                             30350                                             -36.346692072959115                               2.268764334365514E-4-2.0320802449425024E-4i
30500                                             30500                                             -37.641008523683645                               1.5280410388596177E-4-2.1332992410649787E-4i
30650                                             30650                                             -39.5203813587219                                 8.756713336149913E-5-1.9236061010274863E-4i
30800                                             30800                                             -42.14761402043312                                4.392527232011112E-5-1.4988477244748388E-4i
30950                                             30950                                             -45.687042702943586                               2.7689958265686432E-5-1.001577479203819E-4i
31100                                             31100                                             -49.33079879811786                                3.649101672287269E-5-5.774760428145509E-5i
31250                                             31250                                             -49.18008101858818                                6.1033484000661E-5-3.325776667006952E-5i
31400                                             31400                                             -46.60759288321037                                8.83785784221991E-5-3.0413599863332585E-5i
31550                                             31550                                             -44.76842146222324                                1.0621713263364585E-4-4.5385303458878035E-5i
31700                                             31700                                             -43.955154892421085                               1.0677590939450754E-4-6.847245842889205E-5i
31850                                             31850                                             -44.08256857592116                                8.91682975461272E-5-8.759798499913263E-5i
32000                                             32000                                             -45.19629646187827                                5.948125028609752E-5-9.247752943608578E-5i
32150                                             32150                                             -47.616435578218116                               2.859696057377903E-5-7.81483238531111E-5i
32300                                             32300                                             -52.48560114768801                                8.446729159228283E-6-4.674920449099229E-5i
32450                                             32450                                             -65.56527038447312                                7.898523829208415E-6-6.976173803185937E-6i
32600                                             32600                                             -53.73213288924525                                2.9572636086772075E-5+2.8621653205607167E-5i
32750                                             32750                                             -47.581574026725725                               6.862013561170777E-5+4.7665869176372055E-5i
32900                                             32900                                             -44.337631109815575                               1.1386827936216148E-4+4.203817353987116E-5i
33050                                             33050                                             -42.418706219335306                               1.5100685669211522E-4+1.0751605345027393E-5i
33200                                             33200                                             -41.3388698895841                                 1.668641075787125E-4-3.9301026178995E-5i
33350                                             33350                                             -40.891407580411894                               1.5347332329157526E-4-9.499236834442648E-5i
33500                                             33500                                             -40.96854337023479                                1.1069818911962903E-4-1.4053474142272648E-4i
33650                                             33650                                             -41.48777956018304                                4.660187889260481E-5-1.619440980464848E-4i
33800                                             33800                                             -42.32373239320836                                -2.458883365907827E-5-1.5106546611176608E-4i
33950                                             33950                                             -43.20772924076678                                -8.63348266986197E-5-1.0796971115156762E-4i
34100                                             34100                                             -43.68095034736971                                -1.2433237508047146E-4-4.0983541064520956E-5i
34250                                             34250                                             -43.40150852717664                                -1.3040979914924478E-4+3.564354314189444E-5i
34400                                             34400                                             -42.57094411184503                                -1.0462631036645131E-4+1.0574747450520228E-4i
34550                                             34550                                             -41.66318470864016                                -5.4972725958779556E-5+1.5572905950200777E-4i
34700                                             34700                                             -40.99964067398247                                5.203671422149281E-6+1.7818159316440596E-4i
34850                                             34850                                             -40.719940804559684                               6.124357163872496E-5+1.7360525170251329E-4i
35000                                             35000                                             -40.87300150573373                                1.0146467493415967E-4+1.4973607686297186E-4i
35150                                             35150                                             -41.457836184247185                               1.2039310969103045E-4+1.187417166366167E-4i
35300                                             35300                                             -42.38834309561247                                1.1998930135087571E-4+9.317740932934804E-5i
35450                                             35450                                             -43.350027621543894                               1.0851916716236865E-4+8.196775941327061E-5i
35600                                             35600                                             -43.66923474392465                                9.746865288146056E-5+8.766040457963697E-5i
35750                                             35750                                             -42.8611005379246                                 9.749577375661733E-5+1.0579981762393054E-4i
35900                                             35900                                             -41.369080644503306                               1.1471306197718967E-4+1.2659143420268304E-4i
36050                                             36050                                             -39.87420893847596                                1.4847706010379103E-4+1.3831154360011144E-4i
36200                                             36200                                             -38.70551808168584                                1.913855760890537E-4+1.3138326077122287E-4i
36350                                             36350                                             -37.9619472780626                                 2.3149178692977168E-4+1.0180958666083928E-4i
36500                                             36500                                             -37.67276607156417                                2.560443744641927E-4+5.2899334983314006E-5i
36650                                             36650                                             -37.86689167072716                                2.556187357067863E-4-5.282885173762963E-6i
36800                                             36800                                             -38.60719768840326                                2.273501370414488E-4-5.861613707469626E-5i
36950                                             36950                                             -40.033097901208464                               1.7623917074549578E-4-9.293046017910811E-5i
37100                                             37100                                             -42.48871238806116                                1.1396748791070443E-4-9.779367717976939E-5i
37250                                             37250                                             -48.32640058373863                                5.3163412456480597E-5-5.526507457098706E-5i
37400                                             37400                                             -54.127980719011546                               2.24582335572876E-5-3.227714975539975E-5i
37550                                             37550                                             -55.24355740896135                                1.3598283662041855E-5+3.179642312567399E-5i
37700                                             37700                                             -46.25995072405311                                3.728289770460469E-5+8.985416910833877E-5i
37850                                             37850                                             -42.221917899351375                               8.66530690074585E-5+1.283444428401559E-4i
38000                                             38000                                             -39.882020680243514                               1.4874713752621727E-4+1.377527236924303E-4i
38150                                             38150                                             -38.487378917840516                               2.077374317597802E-4+1.1623725616616287E-4i
38300                                             38300                                             -37.755384347670436                               2.493249573402023E-4+7.004301005342217E-5i
38450                                             38450                                             -37.55963635848747                                2.6463066792770107E-4+1.1476241424945854E-5i
38600                                             38600                                             -37.84316940999526                                2.5241994181240957E-4-4.484482125144407E-5i
38750                                             38750                                             -38.58398816467397                                2.190224614566083E-4-8.630457176661555E-5i
38900                                             38900                                             -39.76856661913669                                1.7601208461409668E-4-1.0587324572441936E-4i
39050                                             39050                                             -41.337856714458205                               1.3637537126659494E-4-1.0390772832835626E-4i
39200                                             39200                                             -43.04017482333661                                1.1036803740116508E-4-8.76458190108842E-5i
39350                                             39350                                             -44.20396578668671                                1.0235108891887279E-4-6.86873343298533E-5i
39500                                             39500                                             -44.091685511864405                               1.0960620128902532E-4-5.981728652648677E-5i
39650                                             39650                                             -42.64387286419922                                1.2345603353491885E-4-8.074218184472848E-5i
39800                                             39800                                             -43.35129647387649                                1.2770298735953478E-4-4.670832285091908E-5i
39950                                             39950                                             -42.16545478908224                                1.223243372147076E-4-9.66003249003311E-5i
40100                                             40100                                             -41.86030371560154                                9.342297068670735E-5-1.3166419998789092E-4i
40250                                             40250                                             -42.05073938446952                                4.41808438661484E-5-1.5163508562576755E-4i
40400                                             40400                                             -42.60620587703726                                -1.6659874351787618E-5-1.4721649086790745E-4i
40550                                             40550                                             -43.30145040471402                                -7.551494922997115E-5-1.1402039639574202E-4i
40700                                             40700                                             -43.73816202557377                                -1.1773114449481481E-4-5.5256481896193144E-5i
40850                                             40850                                             -43.53094659287514                                -1.3189506913768856E-4+1.8551801513444488E-5i
41000                                             41000                                             -42.7284668994257                                 -1.1332297996613505E-4+9.218910049935136E-5i
41150                                             41150                                             -41.74404639721806                                -6.564100514061533E-5+1.4987224133256039E-4i
41300                                             41300                                             -40.93276682099162                                2.4806403320365433E-8+1.796352862958317E-4i
41450                                             41450                                             -40.47688878788078                                6.804536380633497E-5+1.7666376324798616E-4i
41600                                             41600                                             -40.465848965231245                               1.2258520135260964E-4+1.4458335826539326E-4i
41750                                             41750                                             -40.97131111239086                                1.519362229784882E-4+9.433502622835377E-5i
41900                                             41900                                             -42.0992636150436                                 1.5162294418902267E-4+4.0969076037233876E-5i
42050                                             42050                                             -44.05637994735286                                1.2537317274524673E-4-6.796796052643828E-7i
42200                                             42200                                             -47.32213503564168                                8.369163019195103E-5-2.0154244357084572E-5i
42350                                             42350                                             -53.37447317452259                                4.049134278111266E-5-1.412735637318363E-5i
42500                                             42500                                             -62.0748657322461                                 8.826402452033477E-6+1.3044698022102175E-5i
42650                                             42650                                             -51.83736974629483                                -2.9554765741401923E-6+5.110182213752257E-5i
42800                                             42800                                             -47.166664811338784                               6.5079397402745265E-6+8.7396897862968E-5i
42950                                             42950                                             -44.77376821263623                                3.156872950599299E-5+1.1103560138980839E-4i
43100                                             43100                                             -43.6288577315074                                 6.175549688997028E-5+1.1632392346005993E-4i
43250                                             43250                                             -43.416049849103324                               8.544034890267671E-5+1.0447980760908138E-4i
43400                                             43400                                             -44.06055740198751                                9.382527660761752E-5+8.306984549111274E-5i
43550                                             43550                                             -45.58038633455663                                8.396117360220945E-5+6.338220096735458E-5i
43700                                             43700                                             -47.71229705234604                                5.979741242440051E-5+5.655118892200495E-5i
43850                                             43850                                             -48.39008027511038                                3.0637128571930905E-5+6.968749279090414E-5i
44000                                             44000                                             -45.71763228502165                                2.8407919718809183E-6+1.0351061481328472E-4i
44150                                             44150                                             -42.337933942269004                               3.054834190630018E-5+1.4971876319047617E-4i
44300                                             44300                                             -39.84090177973825                                5.004378199174875E-5+1.974541466094326E-4i
44450                                             44450                                             -37.96197040587842                                1.011780668615514E-4+2.3176776644273644E-4i
44600                                             44600                                             -36.64891164142023                                1.6945996181305656E-4+2.404448885491295E-4i
44750                                             44750                                             -35.81565950349842                                2.4000631557735685E-4+2.1732236289562223E-4i
44900                                             44900                                             -35.40965289542506                                2.968591232983542E-4+1.6425527928842776E-4i
45050                                             45050                                             -35.40684963149761                                3.2699235613686817E-4+9.085954216225822E-5i
45200                                             45200                                             -35.80792828832557                                3.2384314031125294E-4+1.2018623593901268E-5i
45350                                             45350                                             -36.638798097918496                               2.8910395716447157E-4-5.613435482998419E-5i
45500                                             45500                                             -37.95757814483353                                2.321670050938751E-4-1.0058077728214432E-4i
45650                                             45650                                             -39.868706864724544                               1.674169696770922E-4-1.1488810656601345E-4i
45800                                             45800                                             -42.54349287222552                                1.1010243635711792E-4-1.0073214831518573E-4i
45950                                             45950                                             -46.158049914553416                               7.205270533888752E-5-6.705872959611447E-5i
46100                                             46100                                             -49.83043472337651                                5.8508470351881225E-5-2.7129747554588413E-5i
46250                                             46250                                             -49.468633676794596                               6.69996806721973E-5+5.62569475370811E-6i
46400                                             46400                                             -46.81927272895807                                8.860577134267578E-5+2.1660960660585538E-5i
46550                                             46550                                             -44.99065869609389                                1.11137326793187E-4+1.8023364648178664E-5i
46700                                             46700                                             -44.20512921834832                                1.2324155756759936E-4-1.0696233117002407E-6i
46850                                             46850                                             -44.36946435760391                                1.1811843077436102E-4-2.5954416393747515E-5i
47000                                             47000                                             -45.53687844465996                                9.569434524597797E-5-4.4953300951999786E-5i
47150                                             47150                                             -48.05258114217439                                6.259785143758467E-5-4.842302875818216E-5i
47300                                             47300                                             -53.16823035027077                                2.9927867353729543E-5-3.2138755990507306E-5i
47450                                             47450                                             -66.38326747182208                                9.531518512240211E-6+1.0670486356723075E-6i
47600                                             47600                                             -53.326796321006626                               9.96075194231727E-6+4.195492427971903E-5i
47750                                             47750                                             -47.48233711313436                                3.3390442125857955E-5+7.76349417823674E-5i
47900                                             47900                                             -44.350745285138835                               7.449462651698546E-5+9.559979973561283E-5i
48050                                             48050                                             -42.49709607282516                                1.2167373662502756E-4+8.77735741703356E-5i
48200                                             48200                                             -41.466443523566966                               1.6029233613940042E-4+5.3327743370523706E-5i
48350                                             48350                                             -41.06308998995764                                1.7695898834640955E-4-6.432625292429606E-7i
48500                                             48500                                             -41.18361814670058                                1.6357980854275755E-4-6.082286919117941E-5i
48650                                             48650                                             -41.74542951868831                                1.1992101156177437E-4-1.1126929898019888E-4i
48800                                             48800                                             -42.61301663217762                                5.393736835618279E-5-1.3786446510677397E-4i
48950                                             48950                                             -43.48874855692527                                -2.0292105643693326E-5-1.3229483663290686E-4i
49100                                             49100                                             -43.87907160249176                                -8.638968360652477E-5-9.43967629690734E-5i
49250                                             49250                                             -43.472115445895966                               -1.30187929463621E-4-3.2148652405306066E-5i
49400                                             49400                                             -42.54559376954026                                -1.435449350149498E-4+4.0664401726231425E-5i
49550                                             49550                                             -41.59229398671816                                -1.2637048283248298E-4+1.0841072917988637E-4i
49700                                             49700                                             -40.913493952634106                               -8.628143965616619E-5+1.5801224273226389E-4i
49850                                             49850                                             -40.63104259951685                                -3.602863366269915E-5+1.8246191186110927E-4i
50000                                             50000                                             -40.784248722172634                               1.0500934274293439E-5+1.8243126961314804E-4i
50150                                             50150                                             -41.36645800960224                                4.2462767894102527E-5+1.6552649487688864E-4i
50300                                             50300                                             -42.28672749195673                                5.5156810983503224E-5+1.4346973657308748E-4i
50450                                             50450                                             -43.22846122240274                                5.1119954304790216E-5+1.2808941123421125E-4i
50600                                             50600                                             -43.52993002023533                                3.889092246051051E-5+1.274053681448173E-4i
50750                                             50750                                             -42.7271027616012                                 2.9884143843861288E-5+1.430194753068159E-4i
50900                                             50900                                             -41.2567160427795                                 3.4334383686329684E-5+1.6961889069933012E-4i
51050                                             51050                                             -39.782517452262354                               5.766281034869092E-5+1.9679708054920475E-4i
51200                                             51200                                             -38.629327541717046                               9.837203984747189E-5+2.1252459559295556E-4i
51350                                             51350                                             -37.896343827632485                               1.4820621292915837E-4+2.0727266856002124E-4i
51500                                             51500                                             -37.6132856665603                                 1.9450206383542223E-4+1.7739407643380112E-4i
51650                                             51650                                             -37.80818646102513                                2.240376202402583E-4+1.26750171093426E-4i
51800                                             51800                                             -38.54010874016095                                2.2721342048409587E-4+6.600115709765042E-5i
51950                                             51950                                             -39.9360868312532                                 2.0123982034342403E-4+9.77494812448576E-6i
52100                                             52100                                             -42.27731505084876                                1.513961634130867E-4-2.7500918098777305E-5i
52250                                             52250                                             -46.30621519569688                                8.98811341908945E-5-3.5845324048322524E-5i
52400                                             52400                                             -55.141955006329006                               3.2570648961338655E-5-1.2782291589297223E-5i
52550                                             52550                                             -54.86299317912863                                -5.3821250874941384E-6+3.5727916600336584E-5i
52700                                             52700                                             -46.21282569772717                                -1.380783856397283E-5+9.6831709108125E-5i
52850                                             52850                                             -42.23670852339509                                9.681667444028097E-6+1.5429122831223108E-4i
53000                                             53000                                             -39.9221590773979                                 5.9266290619586215E-5+1.9290130069404832E-4i
53150                                             53150                                             -38.53299221157136                                1.236646508079864E-4+2.0194295009390295E-4i
53300                                             53300                                             -37.50848901038519                                2.1529226672867274E-4+1.5697615848186963E-4i
53450                                             53450                                             -37.82163743713733                                2.0442197405567963E-4+1.5577297367896925E-4i
53600                                             53600                                             -38.281471520016794                               2.2101839644439458E-4+1.0280154839714672E-4i
53750                                             53750                                             -38.48804018193234                                2.3563488689509748E-4+3.366768418611166E-5i
53900                                             53900                                             -39.88741601538083                                2.0260839201557967E-4-5.77646821930955E-7i
54050                                             54050                                             -41.54038740575105                                1.665426239169654E-4-1.7867948326366623E-5i
54200                                             54200                                             -43.31731886761023                                1.3551290195445986E-4-1.6468088641974354E-5i
54350                                             54350                                             -44.55570647465252                                1.183117288423019E-4-3.7399016491468373E-6i
54500                                             54500                                             -44.569262946383866                               1.1784959382543647E-4+8.913820707889819E-6i
54650                                             54650                                             -43.738518323272224                               1.2965956588978367E-4+1.004542580407275E-5i
54800                                             54800                                             -42.9844729321131                                 1.4156151545796636E-4-8.923538644789453E-6i
54950                                             54950                                             -45.8747398277215                                 8.402830263781746E-5-5.727829629131875E-5i
55100                                             55100                                             -41.21386986815515                                1.6416366784755E-4-5.7416394252829406E-5i
55250                                             55250                                             -41.73872606423348                                1.2211787477311997E-4-1.0904343264273031E-4i
55400                                             55400                                             -42.413482525161115                               6.254928219689981E-5-1.3796317712255757E-4i
55550                                             55550                                             -43.13827249293628                                -8.411208732295172E-6-1.390989378120544E-4i
55700                                             55700                                             -43.51898411882011                                -7.697441919762849E-5-1.0892359807024299E-4i
55850                                             55850                                             -43.17830917750907                                -1.2846266028715414E-4-5.232980454117353E-5i
56000                                             56000                                             -42.63688935746713                                -1.4299515821825093E-4+3.671643325009466E-5i
56150                                             56150                                             -41.44744479705924                                -1.3425837491048975E-4+1.0313720987009667E-4i
56300                                             56300                                             -40.62861746729322                                -9.16409472181412E-5+1.6190018360096037E-4i
56450                                             56450                                             -40.19076128510069                                -3.0070793394232354E-5+1.9333080269801073E-4i
56600                                             56600                                             -40.20605793413064                                3.432842013390003E-5+1.922706835157939E-4i
56750                                             56750                                             -40.74228795931251                                8.560396906326373E-5+1.6244255592678947E-4i
56900                                             56900                                             -41.90716589610528                                1.1213436424062362E-4+1.1493248128613409E-4i
57050                                             57050                                             -43.91229865540919                                1.0978964787539125E-4+6.4771627191762E-5i
57200                                             57200                                             -47.25583316149781                                8.258880705280802E-5+2.652493393295874E-5i
57350                                             57350                                             -53.460338872374116                               4.1222167303067714E-5+1.0191125587644123E-5i
57500                                             57500                                             -60.69977539842965                                -5.162418093007659E-7+1.8444682628238063E-5i
57650                                             57650                                             -51.170950804731945                               -3.0016480195627082E-5+4.6407814161320005E-5i
57800                                             57800                                             -46.703095094788914                               -3.969068255227359E-5+8.348895487220176E-5i
57950                                             57950                                             -44.38834135076303                                -2.9055561300062038E-5+1.1712359409599138E-4i
58100                                             58100                                             -43.28502266559073                                -4.598390230148297E-6+1.3694120708918067E-4i
58250                                             58250                                             -43.096255082132295                               2.2687082389227786E-5+1.3817868789567367E-4i
58400                                             58400                                             -43.750130674361465                               4.112539691941697E-5+1.2319112929881637E-4i
58550                                             58550                                             -45.255797639469996                               4.246031273680284E-5+1.006117365824899E-4i
58700                                             58700                                             -47.31185442415242                                2.4739895045755578E-5+8.255896670605889E-5i
58850                                             58850                                             -47.88029413310965                                -6.6372114443380426E-6+8.045303091053224E-5i
59000                                             59000                                             -45.28411711869728                                -4.039385001153306E-5+1.010763330702158E-4i
59150                                             59150                                             -42.09793717267228                                -6.277490469985825E-5+1.43995934304475E-4i
59300                                             59300                                             -39.562104153262695                               -6.18581297303078E-5+2.0104000101139885E-4i
59450                                             59450                                             -37.7062798921375                                 -3.143783304593306E-5+2.585406223735154E-4i
59600                                             59600                                             -36.42037465504279                                2.6825127396989945E-5+3.008092867284873E-4i
59750                                             59750                                             -35.64436931612241                                1.0531251928824759E-4+3.129834146887722E-4i
59900                                             59900                                             -35.17037147905326                                1.7639384356560317E-4+3.008491469035368E-4i
60050                                             60050                                             -35.21088978681679                                2.4237713730723698E-4+2.4849320816011655E-4i
60200                                             60200                                             -35.63907894675205                                2.797294840594655E-4+1.7587973168475823E-4i
60350                                             60350                                             -36.49641046371083                                2.8312432554006284E-4+9.728055536295521E-5i
60500                                             60500                                             -37.844686932532746                               2.546919944569348E-4+2.8912117498447465E-5i
60650                                             60650                                             -39.792732478905634                               2.041758241120295E-4-1.6356173266784957E-5i
60800                                             60800                                             -42.51992290001147                                1.4607163863183947E-4-3.246194609396458E-5i
60950                                             60950                                             -46.21378985692917                                9.540237006211427E-5-2.152441355207646E-5i
61100                                             61100                                             -49.915429655528825                               6.345349452219207E-5+7.232533735801461E-6i
61250                                             61250                                             -49.352935264242575                               5.471656061789565E-5+4.060484649981433E-5i
61400                                             61400                                             -46.643571960695                                  6.600876989182325E-5+6.562415808630817E-5i
61550                                             61550                                             -44.83262056700306                                8.793630957554255E-5+7.357537510099821E-5i
61700                                             61700                                             -44.079232071422794                               1.0827155066417404E-4+6.25593459447904E-5i
61850                                             61850                                             -44.28422731550381                                1.1613295027967929E-4+3.7797073184298036E-5i
62000                                             62000                                             -45.50868931806931                                1.0562961242599478E-4+9.663503016676955E-6i
62150                                             62150                                             -48.12169495171649                                7.788515235401805E-5-9.91456317378514E-6i
62300                                             62300                                             -53.488498950133085                               4.068769748361012E-5-1.1661199289858537E-5i
62450                                             62450                                             -66.14035353543423                                6.034593321879722E-6+7.801533466356148E-6i
62600                                             62600                                             -52.656778433451876                               -1.384093898448846E-5+4.447517033545623E-5i
62750                                             62750                                             -47.076654991393454                               -1.057106743018732E-5+8.791853326572951E-5i
62900                                             62900                                             -44.04859377663844                                1.7298075642879773E-5+1.2428949111975562E-4i
63050                                             63050                                             -42.2584594436822                                 6.338177437698045E-5+1.4058047857801181E-4i
63200                                             63200                                             -41.27749813058828                                1.1497818962968864E-4+1.2878843395203177E-4i
63350                                             63350                                             -40.919827448168505                               1.5656138995523428E-4+8.86208385911802E-5i
63500                                             63500                                             -41.08598232909729                                1.7424617485134464E-4+2.808089150430071E-5i
63650                                             63650                                             -41.693908136913834                               1.599556095929766E-4-3.867146681912903E-5i
63800                                             63800                                             -42.59790365356447                                1.1386293958254301E-4-9.50130468708732E-5i
63950                                             63950                                             -43.46873998982724                                4.455289190669065E-5-1.2653637629589376E-4i
64100                                             64100                                             -43.7819646448309                                 -3.3372860114955216E-5-1.250216718684527E-4i
64250                                             64250                                             -43.26186024354442                                -1.0322923620598168E-4-9.065406827024614E-5i
64400                                             64400                                             -42.25639279785457                                -1.509190020185791E-4-3.185739909838947E-5i
64550                                             64550                                             -41.271056615378654                               -1.6868238353917597E-4+3.737566618833288E-5i
64700                                             64700                                             -40.58675030814467                                -1.5695778957480755E-4+1.0153445478744416E-4i
64850                                             64850                                             -40.30950847931492                                -1.2378287539338562E-4+1.4807542068062673E-4i
65000                                             65000                                             -40.47054730704326                                -8.194892700164047E-5+1.7081276765440467E-4i
65150                                             65150                                             -41.05811624465667                                -4.494968196722127E-5+1.7126093330399605E-4i
65300                                             65300                                             -41.97641012483512                                -2.2712279343806152E-5+1.576702499909155E-4i
65450                                             65450                                             -42.906142986548524                               -1.8717774173948598E-5+1.4189821570154137E-4i
65600                                             65600                                             -43.19732205087799                                -2.921823304002924E-5+1.352897169700773E-4i
65750                                             65750                                             -42.40743895916359                                -4.4727907841046743E-5+1.4483652520858037E-4i
65900                                             65900                                             -40.96837210297007                                -5.3479236942655106E-5+1.7072005145168934E-4i
66050                                             66050                                             -39.52915871253447                                -4.553208392110708E-5+2.061728538724772E-4i
66200                                             66200                                             -38.40952074066959                                -1.6447836515776082E-5+2.3962564300905598E-4i
66350                                             66350                                             -37.71281408241406                                3.088496959247067E-5+2.5841000355197874E-4i
66500                                             66500                                             -37.47346150585447                                8.670065141108685E-5+2.53081343616679E-4i
66650                                             66650                                             -37.73144441034458                                1.3701198894044975E-4+2.2060689598535355E-4i
66800                                             66800                                             -38.58449065408606                                1.6738238285296525E-4+1.6551750318372083E-4i
66950                                             66950                                             -40.49299272228099                                1.6301697157411477E-4+9.556710598257467E-5i
67100                                             67100                                             -41.45608255620306                                1.5799450650255675E-4+6.0360420176208684E-5i
67250                                             67250                                             -46.05582798476097                                9.855226127986061E-5+1.4375822200318744E-5i
67400                                             67400                                             -55.325231061873936                               3.368626506422556E-5+6.2354553450605366E-6i
67550                                             67550                                             -53.96215538268738                                -2.431142698050559E-5+3.1864091577404885E-5i
67700                                             67700                                             -45.31170008878458                                -7.414404986627599E-5+7.921954818612686E-5i
67850                                             67850                                             -41.74233689903568                                -7.411801757106762E-5+1.4590232820044235E-4i
68000                                             68000                                             -39.51091035033199                                -4.882985308174437E-5+2.0587320294473965E-4i
68150                                             68150                                             -38.18134624110361                                1.5843794436976033E-6+2.4657765525082365E-4i
68300                                             68300                                             -37.49850950664481                                6.427829209265656E-5+2.588897330710882E-4i
68450                                             68450                                             -37.34294001436902                                1.237775200447211E-4+2.41722565960667E-4i
68600                                             68600                                             -37.652213151882144                               1.666405359321277E-4+2.0226778920384714E-4i
68750                                             68750                                             -37.95964351528798                                1.869056059158325E-4+1.704519514088565E-4i
68900                                             68900                                             -39.798917214306734                               1.7903727474716247E-4+9.920302568267036E-5i
69050                                             69050                                             -41.40818912442147                                1.562544325676707E-4+6.713718700934734E-5i
69200                                             69200                                             -43.1780516881133                                 1.2792597058458588E-4+5.3639075318190343E-5i
69350                                             69350                                             -44.398766975767636                               1.0608507883080875E-4+5.721190564944578E-5i
69500                                             69500                                             -44.36356858347354                                9.907362397709729E-5+6.949734486205728E-5i
69650                                             69650                                             -43.453194379117576                               1.0866582298091343E-4+7.90739361672399E-5i
69800                                             69800                                             -42.504243328606954                               1.2875239757281776E-4+7.67756872641634E-5i
69950                                             69950                                             -41.8331803190275                                 1.5567202919880563E-4+4.464098255252402E-5i
70100                                             70100                                             -41.72102936380274                                1.6397722146926919E-4+4.915027532637062E-6i
70250                                             70250                                             -42.013057867053064                               1.5146273562105517E-4-4.713346860563128E-5i
70400                                             70400                                             -42.625307763527644                               1.1235678070370403E-4-9.607219727369998E-5i
70550                                             70550                                             -43.29505061195576                                5.001617180655504E-5-1.273935725480957E-4i
70700                                             70700                                             -43.581955477081294                               -2.4754362321910417E-5-1.3007902609474264E-4i
70850                                             70850                                             -43.154290302299216                               -9.652297076434557E-5-1.0015531999918448E-4i
71000                                             71000                                             -42.19835046503719                                -1.4945149551592873E-4-4.2140126056855465E-5i
71150                                             71150                                             -41.1606525986022                                 -1.720513483102204E-4+3.189978729623011E-5i
71300                                             71300                                             -40.36427842901905                                -1.6011750190780827E-4+1.0556569174180463E-4i
71450                                             71450                                             -40.00954410945357                                -1.1674918702653247E-4+1.6211668437060567E-4i
71600                                             71600                                             -39.95253742908643                                -6.084381631676905E-5+1.916704825664084E-4i
71750                                             71750                                             -40.52678876739272                                -2.9980292004516684E-7+1.8823050457938972E-4i
71900                                             71900                                             -41.727755324085926                               4.577432823527072E-5+1.574031443573043E-4i
72050                                             72050                                             -43.77818276640464                                6.687186209541895E-5+1.108463243485458E-4i
72200                                             72200                                             -47.19054488461659                                5.989984326959519E-5+6.36432509926177E-5i
72350                                             72350                                             -53.5164753973961                                 3.0004928001370335E-5+2.9659287727579198E-5i
72500                                             72500                                             -59.461363990452334                               -1.1640565711013018E-5+1.781334152206604E-5i
72650                                             72650                                             -50.57044155964419                                -5.1341383592973244E-5+2.9524717860107685E-5i
72800                                             72800                                             -46.28272336785143                                -7.728234325904415E-5+5.866626972539368E-5i
72950                                             72950                                             -44.036979009065675                               -8.32361963670758E-5+9.413292216586822E-5i
73100                                             73100                                             -42.97083260077692                                -7.019752542347657E-5+1.2351068651861308E-4i
73250                                             73250                                             -42.80431627142096                                -4.5917399167927364E-5+1.3734277505361714E-4i
73400                                             73400                                             -43.46775791652328                                -2.2188147891122334E-5+1.323184446672121E-4i
73550                                             73550                                             -44.95699519194241                                -1.0482219131247028E-5+1.1253937194211083E-4i
73700                                             73700                                             -46.949290612341635                               -1.814748058737159E-5+8.80082567215057E-5i
73850                                             73850                                             -47.4328685457899                                 -4.5608488113302315E-5+7.172021533252693E-5i
74000                                             74000                                             -44.882417729860286                               -8.575307395419784E-5+7.511767525791857E-5i
74150                                             74150                                             -41.75974952802243                                -1.257562592772432E-4+1.0420735263638736E-4i
74300                                             74300                                             -39.25672749846331                                -1.508788647421877E-4+1.5716892711725716E-4i
74450                                             74450                                             -37.41786461911458                                -1.4894949998589535E-4+2.2428393523199475E-4i
74600                                             74600                                             -36.13662235728382                                -1.142983870643377E-4+2.903441622009728E-4i
74750                                             74750                                             -35.32773810930693                                -4.9779203460942334E-5+3.3884928106653334E-4i
74900                                             74900                                             -34.93777531656639                                3.375284206924567E-5+3.566191697235155E-4i
75050                                             75050                                             -34.9275571964274                                 1.2048877703840777E-4+3.377886925411966E-4i
75200                                             75200                                             -35.32652621909926                                1.9559907655958275E-4+2.811948463882219E-4i
75350                                             75350                                             -35.958263780239776                               2.553769140494211E-4+1.9033739722007503E-4i
75500                                             75500                                             -40.07918765674119                                1.6823156758993818E-5+1.9746960576572103E-4i
75650                                             75650                                             -40.12083022457462                                1.7028483971082142E-4+9.952650284328346E-5i
75800                                             75800                                             -42.74582432018734                                1.3776060628972742E-4+4.772651733597755E-5i
75950                                             75950                                             -46.47101701947741                                9.025909587795367E-5+2.946423492500294E-5i
76100                                             76100                                             -50.171644011965874                               4.8861731978933065E-5+3.817753884782782E-5i
76250                                             76250                                             -49.36922435837464                                2.5404575868304136E-5+6.308630980811358E-5i
76400                                             76400                                             -46.591629309446894                               2.368464933899528E-5+9.059231265806655E-5i
76550                                             76550                                             -44.79476694232521                                3.961715825767653E-5+1.081281424436531E-4i
76700                                             76700                                             -44.07214979994099                                6.319645796948326E-5+1.0801910970881234E-4i
76850                                             76850                                             -44.31806047635706                                8.2174755060338E-5+8.970532195495817E-5i
77000                                             77000                                             -45.600964597197056                               8.635108107396539E-5+5.96486290848075E-5i
77150                                             77150                                             -48.31815519525079                                7.1061769892522E-5+2.9016840769169328E-5i
77300                                             77300                                             -53.962153033458655                               3.885856668017773E-5+9.81725411586254E-6i
77450                                             77450                                             -65.3571491551947                                 -1.12750572389686E-6+1.0734703912329557E-5i
77600                                             77600                                             -52.11742516987428                                -3.607042383696468E-5+3.39915947968894E-5i
77750                                             77750                                             -46.78925321383875                                -5.360429956269286E-5+7.419211129622294E-5i
77900                                             77900                                             -43.86319231196809                                -4.585873117196604E-5+1.1971165909052672E-4i
78050                                             78050                                             -42.1380965534094                                 -1.2416785158841925E-5+1.5586602405126548E-4i
78200                                             78200                                             -41.20884905438048                                3.9139127473719615E-5+1.6955668210982822E-4i
78350                                             78350                                             -40.899336720694606                               9.509921648681585E-5+1.532133337992514E-4i
78500                                             78500                                             -41.11479549543088                                1.3925730950337112E-4+1.0747876999395167E-4i
78650                                             78650                                             -41.77560392891558                                1.5773890828280068E-4+4.117095742917076E-5i
78800                                             78800                                             -42.72130530706426                                1.429476726587109E-4-3.069383517895208E-5i
78950                                             78950                                             -43.59217043320686                                9.578762933565299E-5-9.119687606129467E-5i
79100                                             79100                                             -43.82720367640984                                2.5552484266722075E-5-1.2616546109678328E-4i
79250                                             79250                                             -43.195649676270065                               -5.2701952373890304E-5-1.280113090696977E-4i
79400                                             79400                                             -42.122555440867735                               -1.223915360691885E-4-9.775658830557532E-5i
79550                                             79550                                             -41.12736181817456                                -1.6994853251423025E-4-4.441140155320156E-5i
79700                                             79700                                             -40.48630452606277                                -1.8828683790061973E-4+1.7626798335612648E-5i
79850                                             79850                                             -40.395635271898875                               -1.7721769866629877E-4+7.149127705607938E-5i
80000                                             80000                                             -39.17561449850178                                -1.7603341687211227E-4+1.3180895325748399E-4i
80150                                             80150                                             -40.622747488870914                               -1.2581613853335227E-4+1.3721094167740144E-4i
80300                                             80300                                             -41.626815283934235                               -9.80777728060711E-5+1.3372976027681283E-4i
80450                                             80450                                             -42.57533572821249                                -8.677093516706869E-5+1.2073786526867192E-4i
80600                                             80600                                             -42.86716419063005                                -9.305865549324999E-5+1.0959121303022457E-4i
80750                                             80750                                             -42.090650902154074                               -1.1150860815700714E-4+1.1082771116899259E-4i
80900                                             80900                                             -40.6775082282592                                 -1.3155638358597344E-4+1.3005850960712273E-4i
81050                                             81050                                             -39.26195957450052                                -1.410971160226704E-4+1.658341262740226E-4i
81200                                             81200                                             -38.159876059341066                               -1.3068751389577749E-4+2.098217334721708E-4i
81350                                             81350                                             -37.47245771777739                                -9.695878482079978E-5+2.4936460609525923E-4i
81500                                             81500                                             -37.23298311833905                                -4.4214593499014576E-5+2.7145319885080177E-4i
81650                                             81650                                             -37.47295326571438                                1.647278977001676E-5+2.670284486584462E-4i
81800                                             81800                                             -38.25515950456827                                7.032630437725507E-5+2.3416356904937263E-4i
81950                                             81950                                             -39.713668514071415                               1.0323783692045563E-4+1.7907550904838754E-4i
82100                                             82100                                             -42.133596817815274                               1.0611610628641355E-4+1.1494829342406643E-4i
82250                                             82250                                             -46.700872703618906                               7.530422051515995E-5+5.3660082289130884E-5i
82400                                             82400                                             -56.155349858783396                               2.3970215332569378E-5+1.987153398064212E-5i
82550                                             82550                                             -53.15374681931931                                -4.032037765577812E-5+1.7586542663483584E-5i
82700                                             82700                                             -45.38302525324604                                -9.743125404970687E-5+4.5699615430216944E-5i
82850                                             82850                                             -41.62283666759399                                -1.3317168426452142E-4+9.896164936229468E-5i
83000                                             83000                                             -39.41524241940715                                -1.3824593311284605E-4+1.632583918920183E-4i
83150                                             83150                                             -38.10728217892556                                -1.118078085936558E-4+2.221438374618856E-4i
83300                                             83300                                             -37.44669684639496                                -6.132417597404238E-5+2.6124496209045667E-4i
83450                                             83450                                             -37.31773559839978                                -1.6468179786510717E-7+2.7235988137730427E-4i
83600                                             83600                                             -37.6703451900492                                 5.6486020728163666E-5+2.553517291888907E-4i
83750                                             83750                                             -38.491660906953065                               9.613150975784635E-5+2.1764381461353288E-4i
83900                                             83900                                             -39.69315483630456                                1.1275234066226991E-4+1.7382545977440156E-4i
84050                                             84050                                             -41.40173115105223                                1.0715138992078987E-4+1.3222885305652632E-4i
84200                                             84200                                             -43.20901816317826                                8.790369765959705E-5+1.0666972248007944E-4i
84350                                             84350                                             -44.44403776127983                                6.672004364777218E-5+9.962447804234831E-5i
84500                                             84500                                             -44.39977882807036                                5.493709341503061E-5+1.0726498772528625E-4i
84650                                             84650                                             -43.48378774391061                                5.9602300917782625E-5+1.1992386347836614E-4i
84800                                             84800                                             -42.53611763339865                                8.088093359259751E-5+1.2556128881457962E-4i
84950                                             84950                                             -41.95656044676375                                1.1181581626046322E-4+1.1397028295412337E-4i
85100                                             85100                                             -41.83656333380643                                1.4048538719518833E-4+8.043651073175173E-5i
85250                                             85250                                             -42.14895693121852                                1.5367735376214942E-4+2.7759743619015786E-5i
85400                                             85400                                             -42.76928182092368                                1.413384285979813E-4-3.412849915285232E-5i
85550                                             85550                                             -43.4061227318731                                 1.0005153529724087E-4-9.081552571121865E-5i
85700                                             85700                                             -43.593684884696955                               3.461418218342338E-5-1.276240565670772E-4i
85850                                             85850                                             -43.02944400698316                                -4.2568779852036887E-5-1.3453598551527168E-4i
86000                                             86000                                             -42.114638591259485                               -1.2010643371718199E-4-1.0077326686486199E-4i
86150                                             86150                                             -40.999018524291266                               -1.716959787140815E-4-4.796667179296499E-5i
86300                                             86300                                             -40.198772647157426                               -1.9411607415464882E-4+2.3009786606742466E-5i
86450                                             86450                                             -39.80006073791256                                -1.8242761243969507E-4+9.276164274274468E-5i
86600                                             86600                                             -39.859592507341794                               -1.422786951464916E-4+1.4515889715804864E-4i
86750                                             86750                                             -40.47674713362751                                -8.572858509381387E-5+1.6879583970730305E-4i
86900                                             86900                                             -41.72174673032727                                -2.9701895664535627E-5+1.6132587823014521E-4i
87050                                             87050                                             -43.844555126560095                               1.1551895224615194E-5+1.2794973144258925E-4i
87200                                             87200                                             -47.43817846737082                                3.109125399303192E-5+7.90470140755728E-5i
87350                                             87350                                             -53.36646787117965                                1.4022177478034692E-6+4.290172491228095E-5i
87500                                             87500                                             -58.098272650748356                               -2.298019311763877E-5+9.575167332021017E-6i
87650                                             87650                                             -50.00299512166976                                -6.321770154626982E-5+8.743873427530247E-7i
87800                                             87800                                             -45.930099749198675                               -9.997542160777861E-5+1.4679433397501995E-5i
87950                                             87950                                             -43.775975626345755                               -1.2192880149775043E-4+4.359633131745255E-5i
88100                                             88100                                             -42.75993850670315                                -1.2413073117767404E-4+7.601578337945725E-5i
88250                                             88250                                             -42.624320953394594                               -1.0904190506788591E-4+9.984358987880082E-5i
88400                                             88400                                             -43.302738228816054                               -8.553049200576979E-5+1.0668715019812591E-4i
88550                                             88550                                             -44.78347090109173                                -6.576560471815984E-5+9.471344727984832E-5i
88700                                             88700                                             -46.71084738942397                                -6.093412460927983E-5+6.940855484682817E-5i
88850                                             88850                                             -47.12071992558791                                -7.74412693301807E-5+4.201317015861683E-5i
89000                                             89000                                             -44.63069446212992                                -1.1444432419077666E-4+2.5967123924108826E-5i
89150                                             89150                                             -41.586313413990126                               -1.6342639779687307E-4+3.2440712283587914E-5i
89300                                             89300                                             -39.13201465259774                                -2.106712834106239E-4+6.683510111049618E-5i
89450                                             89450                                             -37.32777527973785                                -2.4101638861662167E-4+1.261734805539927E-4i
89600                                             89600                                             -36.073866924005536                               -2.4257276309391784E-4+1.9984851121246372E-4i
89750                                             89750                                             -35.294180253757986                               -2.1023575369105707E-4+2.7204336645281213E-4i
89900                                             89900                                             -34.940854098270194                               -1.4780935228908554E-4+3.2615632540811124E-4i
90050                                             90050                                             -34.99223542934565                                -6.703297727261859E-5+3.4960554463703275E-4i
90200                                             90200                                             -35.44903472412147                                1.54982741307208E-5+3.3738091832435924E-4i
90350                                             90350                                             -36.34963721309986                                8.299751979284897E-5+2.9294187367401303E-4i
90500                                             90500                                             -37.75150971793488                                1.2286847619386032E-4+2.2810558639119183E-4i
90650                                             90650                                             -39.77150092634558                                1.301848414260176E-4+1.5878541982083938E-4i
90800                                             90800                                             -42.605746333554684                               1.0866735662645732E-4+1.0071730220040376E-4i
90950                                             90950                                             -46.46750927179759                                6.915290169234867E-5+6.51153272781535E-5i
91100                                             91100                                             -50.23357083699646                                2.6098938280483264E-5+5.5762006222703775E-5i
91250                                             91250                                             -49.271974483582916                               -6.845164272961668E-6+6.843361014974292E-5i
91400                                             91400                                             -46.46358830928812                                -2.089272368954731E-5+9.270260475435776E-5i
91550                                             91550                                             -44.69423677164134                                -1.4446643977650275E-5+1.1559869787058918E-4i
91700                                             91700                                             -44.00988771455022                                6.7500875818859996E-6+1.2586702932915195E-4i
91850                                             91850                                             -44.30114519567677                                3.189947847043184E-5+1.1764316441364997E-4i
92000                                             92000                                             -45.64754714537276                                4.893605621481001E-5+9.22074855788102E-5i
92150                                             92150                                             -48.46735328429372                                4.8663594410969235E-5+5.7659674095544844E-5i
92300                                             92300                                             -54.38920519370967                                2.807058885989644E-5+2.584508873337832E-5i
92450                                             92450                                             -64.3217515077277                                 -8.53186064120326E-6+8.664812595982063E-6i
92600                                             92600                                             -51.61886318413987                                -5.0633543902001144E-5+1.3841046289320147E-5i
92750                                             92750                                             -46.50351057296662                                -8.470210926508903E-5+4.210940013882336E-5i
92900                                             92900                                             -43.6700489906569                                 -9.84668276806655E-5+8.651905629686318E-5i
93050                                             93050                                             -41.99663551544803                                -8.502843478441768E-5+1.3426845783437447E-4i
93200                                             93200                                             -41.115012333812786                               -4.518647804740983E-5+1.7000271020262137E-4i
93350                                             93350                                             -40.85580717027434                                1.1878024852529645E-5+1.8084432374487758E-4i
93500                                             93500                                             -41.16954620603796                                7.023411859347073E-5+1.6007433467279952E-4i
93650                                             93650                                             -40.87429628527113                                1.428327235936111E-4+1.1092805666002015E-4i
93800                                             93800                                             -42.48175522172191                                1.4582221213266244E-4+3.638997675659006E-5i
93950                                             93950                                             -43.23922993057917                                1.313598249148007E-4-4.144441719211578E-5i
94100                                             94100                                             -42.97153883309427                                8.755004043992098E-5-1.1186729162215858E-4i
94250                                             94250                                             -33.84666133385285                                -3.348729797981731E-4-2.2983877998561386E-4i
94400                                             94400                                             -42.72581545089385                                -7.092754316984085E-5-1.277624540717559E-4i
94550                                             94550                                             -41.26966832177726                                -1.3426809431782427E-4-1.0877642012474542E-4i
94700                                             94700                                             -40.44202961885546                                -1.7884531016643113E-4-6.43696013127304E-5i
94850                                             94850                                             -40.11015684031656                                -1.9713859645120735E-4-1.1599607728784989E-5i
95000                                             95000                                             -40.247285892422944                               -1.9124013249771643E-4+3.4831790737044344E-5i
95150                                             95150                                             -40.82087474643326                                -1.7011709076075743E-4+6.458476723991691E-5i
95300                                             95300                                             -41.716601728066784                               -1.4633590772583638E-4+7.433666836231811E-5i
95450                                             95450                                             -42.609980346824116                               -1.314850641755405E-4+6.813850409836952E-5i
95600                                             95600                                             -42.86425449408604                                -1.3259032780243984E-4+5.5711808297553844E-5i
95750                                             95750                                             -42.07588380993175                                -1.4972510705829611E-4+4.882141332807066E-5i
95900                                             95900                                             -40.66660006813983                                -1.7620058065437316E-4+5.7111447461899445E-5i
96050                                             96050                                             -39.24416498929486                                -2.0101875104516775E-4+8.48260971452186E-5i
96200                                             96200                                             -38.32074788121582                                -2.07068309397207E-4+1.26511163820342E-4i
96350                                             96350                                             -37.55071902545043                                -1.9706406576291968E-4+1.774008390964532E-4i
96500                                             96500                                             -37.317819798018576                               -1.6029781292448142E-4+2.2018879424900994E-4i
96650                                             96650                                             -37.57624304781213                                -1.0463259387383239E-4+2.4278662010635E-4i
96800                                             96800                                             -38.42091853863267                                -4.238969843722851E-5+2.3609931294032993E-4i
96950                                             96950                                             -39.86224813877384                                1.0704045055875966E-5+2.029150085597342E-4i
97100                                             97100                                             -42.36311185011745                                4.117580225604378E-5+1.466918217456481E-4i
97250                                             97250                                             -46.705441324756556                               4.0538186357796935E-5+8.305296988453392E-5i
97400                                             97400                                             -56.5733474729239                                 8.929615734454277E-6+2.829759031164336E-5i
97550                                             97550                                             -52.64364048496968                                -4.659477917895449E-5-2.261018902882661E-6i
97700                                             97700                                             -45.24129815578992                                -1.0937729841176136E-4-1.4449861519549856E-6i
97850                                             97850                                             -41.592498946315274                               -1.6352495013349788E-4+3.1315611532467535E-5i
98000                                             98000                                             -39.45531599070193                                -1.9416609225553216E-4+8.743238958419663E-5i
98150                                             98150                                             -38.22321730497309                                -1.923426559269359E-4+1.523940858314532E-4i
98300                                             98300                                             -37.710913025148955                               -1.5467587369605296E-4+2.0936723588893535E-4i
98450                                             98450                                             -39.261040797638756                               -4.1372560527275226E-5+2.137935818158354E-4i
98600                                             98600                                             -37.46518063171369                                -9.687743847697217E-5+2.496367794311283E-4i
98750                                             98750                                             -38.4091607313842                                 -2.5392400094581546E-5+2.388534878008386E-4i
98900                                             98900                                             -39.76525538771412                                1.538234574854913E-5+2.0490231976932893E-4i
99050                                             99050                                             -41.4856816928861                                 3.129903907550524E-5+1.6562523056373735E-4i
99200                                             99200                                             -43.3371915011843                                 2.6985254809985815E-5+1.3349780813720624E-4i
99350                                             99350                                             -44.607544429781456                               1.220125451933951E-5+1.1703217804959198E-4i
99500                                             99500                                             -44.608198856994775                               -4.732834438803124E-7+1.1765666637653105E-4i
99650                                             99650                                             -43.861127724458726                               1.6362238517420025E-6+1.282148262509164E-4i
99800                                             99800                                             -41.226689116507636                               -2.6613581528112107E-5+1.7160688122974666E-4i
99950                                             99950                                             -41.86879027819215                                4.058532787359903E-5+1.560937650783023E-4i
