% Model:              FEM_BEM_model_stl_FourProlSpheroids.mph
% Version:            COMSOL 6.3.0.335
% Date:               Oct 20 2025, 09:51
% Table:              Table 2 - TS_D_far
% f0 (1/s)               freq (Hz)                TS_Global_var_Point      Evaluate in the domain at the given coordinates in Geometry 1 (Pa), Ps_Global_var_Point
500                                               500                                               -51.860965155125385                               5.812438966690259E-6+5.071636752418396E-5i
650                                               650                                               -47.12031458601106                                2.7381112857882695E-5+8.374518391252028E-5i
800                                               800                                               -43.20347032707873                                6.983209882854835E-5+1.1938755954465918E-4i
950                                               950                                               -39.68244210456842                                1.4325688645827617E-4+1.5003955250825207E-4i
1100                                              1100                                              -36.156938692919034                               2.674721391238699E-4+1.592736741813372E-4i
1250                                              1250                                              -31.949319304074265                               4.978117245104108E-4+8.676923479000731E-5i
1400                                              1400                                              -25.111608467406896                               9.40184473773753E-4-5.906535872006735E-4i
1550                                              1550                                              -27.537339708503495                               7.091511266519857E-4-4.4980768458136033E-4i
1700                                              1700                                              -39.998136880693956                               -1.947424861598046E-4+4.5744155130367226E-5i
1850                                              1850                                              -43.33821595570102                                -9.457645967325679E-6+1.358530326733831E-4i
2000                                              2000                                              -41.23662974588056                                1.2243462342714784E-4+1.2287399671795374E-4i
2150                                              2150                                              -39.04646178843386                                2.1150592384178157E-4+7.131901277623864E-5i
2300                                              2300                                              -37.523139309824394                               2.659946523052015E-4+2.0160055957951784E-7i
2450                                              2450                                              -36.48297951441419                                2.8901828274907615E-4-7.980550301489586E-5i
2600                                              2600                                              -35.78975698468498                                2.82649404777513E-4-1.5990143950472824E-4i
2750                                              2750                                              -35.367250431788904                               2.4976991499148227E-4-2.3205486814970033E-4i
2900                                              2900                                              -35.17281138937561                                1.9477272786277977E-4-2.8917169771347506E-4i
3050                                              3050                                              -35.18218007799859                                1.2363868641707132E-4-3.2558903480472967E-4i
3200                                              3200                                              -35.38127980373615                                4.362321625228649E-5-3.375746011098357E-4i
3350                                              3350                                              -35.76081065730518                                -3.730557018460923E-5-3.23686110817456E-4i
3500                                              3500                                              -36.31085311002521                                -1.1116353526297029E-4-2.849171502744552E-4i
3650                                              3650                                              -37.01266956512371                                -1.7067940822679262E-4-2.2460307727278916E-4i
3800                                              3800                                              -37.82398946098213                                -2.09965279602653E-4-1.4809585069330833E-4i
3950                                              3950                                              -38.6547528303575                                 -2.2505401179273576E-4-6.224399596954644E-5i
4100                                              4100                                              -39.342254081693476                               -2.1424862352625862E-4+2.5266707487925366E-5i
4250                                              4250                                              -39.67116294702172                                -1.7825093955536886E-4+1.0664387575887169E-4i
4400                                              4400                                              -39.49419942427292                                -1.2006028496147625E-4+1.7471763031540188E-4i
4550                                              4550                                              -38.86142225612841                                -4.465618064936061E-5+2.235969139239291E-4i
4700                                              4700                                              -37.97116095180162                                4.149946859266507E-5+2.4919048521543363E-4i
4850                                              4850                                              -37.01928116427879                                1.3108748906526246E-4+2.495456218305492E-4i
5000                                              5000                                              -36.1288431879458                                 2.1661911469711415E-4+2.249768195197177E-4i
5150                                              5150                                              -35.36005299854919                                2.9111843360180023E-4+1.7798123925460985E-4i
5300                                              5300                                              -34.737408400468574                               3.4873487814895965E-4+1.1295659923826751E-4i
5450                                              5450                                              -34.26887123050853                                3.852330371656998E-4+3.575809405542696E-5i
5600                                              5600                                              -33.95622130147019                                3.983221324707631E-4-4.685829308959111E-5i
5750                                              5750                                              -33.80023601086111                                3.8780479611938423E-4-1.2785199287890237E-4i
5900                                              5900                                              -33.803389915845734                               3.5554144919036634E-4-2.0051914112784175E-4i
6050                                              6050                                              -33.97157983548298                                3.0524102657625285E-4-2.5906810677678305E-4i
6200                                              6200                                              -34.31572943656637                                2.4210077355973914E-4-2.991053738797822E-4i
6350                                              6350                                              -34.85392835376477                                1.7232701261987726E-4-3.179957476594497E-4i
6500                                              6500                                              -35.614913970548244                               1.0257598055291028E-4-3.150708440841088E-4i
6650                                              6650                                              -36.64440316353602                                3.935882015460024E-5-2.916696445809386E-4i
6800                                              6800                                              -38.01771364996169                                -1.1541885412746922E-5-2.5100690399149084E-4i
6950                                              6950                                              -39.86803042995437                                -4.559647377300191E-5-1.9787648234037558E-4i
7100                                              7100                                              -42.46091330358951                                -5.9947562026874124E-5-1.382146896413694E-4i
7250                                              7250                                              -46.45313750104519                                -5.3686795207452676E-5-7.854784127470094E-5i
7400                                              7400                                              -54.48029354514482                                -2.795732723109845E-5-2.537904685206982E-5i
7550                                              7550                                              -59.603716813274836                               1.41344726251047E-5+1.5441268212068593E-5i
7700                                              7700                                              -48.13866970835713                                6.77962484457173E-5+3.9293984220978295E-5i
7850                                              7850                                              -43.46659628992028                                1.2701196866743425E-4+4.328117182095248E-5i
8000                                              8000                                              -40.58562766417323                                1.8507383747873307E-4+2.6489663795925544E-5i
8150                                              8150                                              -38.58007007228414                                2.3531590463138352E-4-9.785866943556876E-6i
8300                                              8300                                              -37.11511885996248                                2.717573013708563E-4-6.221502744074847E-5i
8450                                              8450                                              -36.031479594153375                               2.8973769853607445E-4-1.257054718828421E-4i
8600                                              8600                                              -35.242014252795684                               2.8641807983481593E-4-1.9390660000095927E-4i
8750                                              8750                                              -34.694921712304264                               2.6110364489062565E-4-2.5984827983882575E-4i
8900                                              8900                                              -34.357936505573086                               2.153445502469653E-4-3.1665661895463604E-4i
9050                                              9050                                              -34.21122904776945                                1.52780881305159E-4-3.5824721089228184E-4i
9200                                              9200                                              -34.242312500953645                               7.881570202716848E-5-3.799860421394019E-4i
9350                                              9350                                              -34.44369796542508                                4.6475840342896646E-8-3.791797135340724E-4i
9500                                              9500                                              -34.81340092567773                                -7.64203502199301E-5-3.5525244979750514E-4i
9650                                              9650                                              -35.34948301793512                                -1.436554322039596E-4-3.0995820645629557E-4i
9800                                              9800                                              -36.04962717001012                                -1.9564486000922532E-4-2.470970257580918E-4i
9950                                              9950                                              -36.90653106493894                                -2.2787929194473255E-4-1.7209828893138823E-4i
10100                                             10100                                             -37.897357253197534                               -2.3778611893532364E-4-9.14858096985327E-5i
10250                                             10250                                             -38.96626144513763                                -2.2494770285441668E-4-1.2176778075523309E-5i
10400                                             10400                                             -39.9980957151673                                 -1.9107863269585135E-4+5.921569964439932E-5i
10550                                             10550                                             -40.80461258084209                                -1.3978717190954448E-4+1.1702469818863914E-4i
10700                                             10700                                             -41.183034363338386                               -7.614544882061924E-5+1.5704693644214007E-4i
10850                                             10850                                             -41.06186828203682                                -6.134703869786762E-6+1.7687869612303952E-4i
11000                                             11000                                             -40.56918276441782                                6.397075158948162E-5+1.7605220137451028E-4i
11150                                             11150                                             -39.91805284644596                                1.28194182400454E-4+1.5597492933316914E-4i
11300                                             11300                                             -39.27862986970987                                1.8138414985213736E-4+1.1969758918528584E-4i
11450                                             11450                                             -38.74888449869773                                2.196245024018717E-4+7.155164418626292E-5i
11600                                             11600                                             -38.377190522520884                               2.4050541133641135E-4+1.670925408747692E-5i
11750                                             11750                                             -38.18747848446942                                2.432547980982247E-4-3.9298347711436143E-5i
11900                                             11900                                             -38.195182892485995                               2.287331616192545E-4-9.105372284157198E-5i
12050                                             12050                                             -38.41653517887388                                1.9930577963972462E-4-1.3369772943072622E-4i
12200                                             12200                                             -38.87485560086519                                1.5861161493135878E-4-1.6331425766413776E-4i
12350                                             12350                                             -39.60709773247268                                1.1124147521784922E-4-1.7723668080482646E-4i
12500                                             12500                                             -40.67333658891666                                6.235057447140369E-5-1.7426299680234347E-4i
12650                                             12650                                             -42.174085218332216                               1.7223502202290408E-5-1.5475782912555136E-4i
12800                                             12800                                             -44.28248360715781                                -1.917684898566918E-5-1.2063879627988161E-4i
12950                                             12950                                             -47.282256401671404                               -4.2649295215357874E-5-7.523217061000675E-5i
13100                                             13100                                             -51.186965339480494                               -5.014219177612578E-5-2.3004164530049387E-5i
13250                                             13250                                             -51.948940999187684                               -4.006002916090434E-5+3.0803743783058835E-5i
13400                                             13400                                             -47.787440585764514                               -1.2448870102543808E-5+8.063869149255165E-5i
13550                                             13550                                             -44.080511714406896                               3.0952841149123334E-5+1.2113511260947174E-4i
13700                                             13700                                             -41.34751732755171                                8.682152236327845E-5+1.4762034522941558E-4i
13850                                             13850                                             -39.284364264674274                               1.504981068617961E-4+1.5657498041188322E-4i
14000                                             14000                                             -37.68670480234068                                2.1637601664120654E-4+1.460117792808635E-4i
14150                                             14150                                             -36.43533545239733                                2.783891812206396E-4+1.1572220330735572E-4i
14300                                             14300                                             -35.45830808676296                                3.305786402174604E-4+6.738353714286216E-5i
14450                                             14450                                             -34.710726003053665                               3.6767282969346615E-4+4.474502925289059E-6i
14600                                             14600                                             -34.16384096483438                                3.856495351196587E-4-6.798273100705465E-5i
14750                                             14750                                             -33.79982370044006                                3.8217609588991897E-4-1.438608852092349E-4i
14900                                             14900                                             -33.608093071135634                               3.5693925356172773E-4-2.1650779779791574E-4i
15050                                             15050                                             -33.58385962650635                                3.117395562504677E-4-2.7941887276805577E-4i
15200                                             15200                                             -33.72716516254536                                2.5036753323132155E-4-3.269310833172723E-4i
15350                                             15350                                             -34.04294455479378                                1.7823851879783525E-4-3.5483377699474516E-4i
15500                                             15500                                             -34.54130845735299                                1.018377072404264E-4-3.608474694958286E-4i
15650                                             15650                                             -35.23907982453003                                2.8024509471424874E-5-3.4486312480408454E-4i
15800                                             15800                                             -36.16213840110116                                -3.670143451878216E-5-3.0894416189775065E-4i
15950                                             15950                                             -37.35017938867167                                -8.687574416399446E-5-2.570611674630463E-4i
16100                                             16100                                             -38.86420774359437                                -1.1861900433562944E-4-1.9464313906625286E-4i
16250                                             16250                                             -40.799730576388775                               -1.2998746098041858E-4-1.2796825740701845E-4i
16400                                             16400                                             -43.30259940446713                                -1.2110468047799028E-4-6.349698523822056E-5i
16550                                             16550                                             -46.52607584078757                                -9.406964910485538E-5-7.223571499181958E-6i
16700                                             16700                                             -49.93115034316405                                -5.267483013227103E-5+3.590655182306168E-5i
16850                                             16850                                             -50.107766999072595                               -1.970440374976512E-6+6.243461910671044E-5i
17000                                             17000                                             -47.14056951947982                                5.227104506799751E-5+7.067246828973417E-5i
17150                                             17150                                             -44.394140508956056                               1.0414300769745477E-4+6.0802663803594115E-5i
17300                                             17300                                             -42.37215647444221                                1.4817359517793616E-4+3.478832953973665E-5i
17450                                             17450                                             -40.921186191016005                               1.798335837225884E-4-3.857432638754155E-6i
17600                                             17600                                             -39.89899033504563                                1.9594338968825786E-4-5.047201999830442E-5i
17750                                             17750                                             -39.21379793567564                                1.9492743285443037E-4-9.970620625732174E-5i
17900                                             17900                                             -38.808138395060254                               1.7692012264269863E-4-1.4605074183504652E-4i
18050                                             18050                                             -38.64590296133003                                1.4370470813934721E-4-1.8434695367064435E-4i
18200                                             18200                                             -38.703829669358846                               9.851334342453333E-5-2.102524103829717E-4i
18350                                             18350                                             -38.965369998435044                               4.5708193753712933E-5-2.2061487277791336E-4i
18500                                             18500                                             -39.41468655528506                                -9.62814955485225E-6-2.1372505061745262E-4i
18650                                             18650                                             -40.026348908351736                               -6.213990828163318E-5-1.8946420264065456E-4i
18800                                             18800                                             -40.7487229488886                                 -1.0666551941662661E-4-1.4929223235549127E-4i
18950                                             18950                                             -41.476218421950755                               -1.386801995142406E-4-9.613076975534263E-5i
19100                                             19100                                             -42.025295032405964                               -1.5468267960383475E-4-3.413197676505053E-5i
19250                                             19250                                             -42.17076947570854                                -1.525211173108998E-4+3.166168532331426E-5i
19400                                             19400                                             -41.79089642111626                                -1.3160422967123386E-4+9.572627621479146E-5i
19550                                             19550                                             -40.98112074939566                                -9.300611557477856E-5+1.525169293300488E-4i
19700                                             19700                                             -39.96294578419987                                -3.9442869709693795E-5+1.9694415968829482E-4i
19850                                             19850                                             -38.93114899487329                                2.4875878269992047E-5+2.2481749356650926E-4i
20000                                             20000                                             -38.00544965624253                                9.446997346768127E-5+2.3322017678273355E-4i
20150                                             20150                                             -37.25959907284288                                1.6274913881536568E-4+2.2066338734516577E-4i
20300                                             20300                                             -36.78773701043417                                2.212890884282226E-4+1.8665287657992913E-4i
20450                                             20450                                             -37.0647914366399                                 2.4990592306217696E-4+1.2718366551289773E-4i
20600                                             20600                                             -31.245805834972327                               5.025619343579923E-4+2.1835523254742917E-4i
20750                                             20750                                             -34.288795499629025                               3.839979676039107E-4+3.928818799514566E-5i
20900                                             20900                                             -34.63121025343389                                3.6914586838826535E-4-3.785394759192595E-5i
21050                                             21050                                             -34.925895082345704                               3.4300977907603114E-4-1.049393706880064E-4i
21200                                             21200                                             -35.34340903345789                                3.021481270563675E-4-1.5994007274899857E-4i
21350                                             21350                                             -35.94087493523227                                2.494401097904997E-4-1.990786786443266E-4i
21500                                             21500                                             -36.76290083203878                                1.8990328462709094E-4-2.1960316415359227E-4i
21650                                             21650                                             -37.864789551243156                               1.2943861874303852E-4-2.2055869762593883E-4i
21800                                             21800                                             -39.33050445358771                                7.407016450455828E-5-2.029299743981916E-4i
21950                                             21950                                             -41.30890693530243                                2.9174445359381185E-5-1.6953026175869912E-4i
22100                                             22100                                             -44.10361980591766                                -1.0643022468892482E-6-1.2469044806073803E-4i
22250                                             22250                                             -48.506058486849696                               -1.4061816811017369E-5-7.378711892780387E-5i
22400                                             22400                                             -58.27322121338174                                -9.07307117514744E-6-2.264910823179811E-5i
22550                                             22550                                             -57.60331747224512                                1.2803423763030342E-5+2.3036099676576605E-5i
22700                                             22700                                             -48.40573378178907                                4.8804392620949155E-5+5.824312836200107E-5i
22850                                             22850                                             -44.18804885006114                                9.478590538902765E-5+7.915247724765706E-5i
23000                                             23000                                             -41.52151825396983                                1.4565910043545793E-4+8.343438601698949E-5i
23150                                             23150                                             -39.649132547548774                               1.9598906799167537E-4+7.038481883658854E-5i
23300                                             23300                                             -38.27756248752011                                2.403919665368015E-4+4.101825458968644E-5i
23450                                             23450                                             -37.26260712700343                                2.7408605652773366E-4-2.0958734990861316E-6i
23600                                             23600                                             -36.5235645722979                                 2.9330578544967123E-4-5.5099824169735356E-5i
23750                                             23750                                             -36.01171489575545                                2.95616030196455E-4-1.1320758454269608E-4i
23900                                             23900                                             -35.696448537035096                               2.801081615995682E-4-1.711399619178655E-4i
24050                                             24050                                             -35.558268383557575                               2.4746420694116145E-4-2.235941386962148E-4i
24200                                             24200                                             -35.58518805426481                                1.9988587594260698E-4-2.6568998197029625E-4i
24350                                             24350                                             -35.77027005667591                                1.409043713836433E-4-2.9339287009544357E-4i
24500                                             24500                                             -36.11005598062688                                7.50830529009372E-5-3.0384832089458413E-4i
24650                                             24650                                             -36.60275480053839                                7.64104071876437E-6-2.9562913886305164E-4i
24800                                             24800                                             -37.245447023925536                               -5.597107734456319E-5-2.688721504843228E-4i
24950                                             24950                                             -38.028908525633234                               -1.1053074980782451E-4-2.2529556792882932E-4i
25100                                             25100                                             -38.92799847640034                                -1.5148857791991155E-4-1.6807752196434933E-4i
25250                                             25250                                             -39.88379866580147                                -1.7537660200606098E-4-1.0162552783499201E-4i
25400                                             25400                                             -40.77996056694641                                -1.8013621952228664E-4-3.123086023548716E-5i
25550                                             25550                                             -41.436118939611994                               -1.6534776569276932E-4+3.738392292307324E-5i
25700                                             25700                                             -41.671415449704384                               -1.3231603698304895E-4+9.856148900555528E-5i
25850                                             25850                                             -41.43641839192243                                -8.399834711181331E-5+1.472404074140954E-4i
26000                                             26000                                             -40.860344357761804                               -2.4772682199580842E-5+1.7943738245751462E-4i
26150                                             26150                                             -40.14206554905864                                3.995011217211575E-5+1.9265691332770452E-4i
26300                                             26300                                             -39.438990000936045                               1.0422825214129183E-4+1.8615087113205142E-4i
26450                                             26450                                             -38.84178605717241                                1.621764076206178E-4+1.6100983196398744E-4i
26600                                             26600                                             -38.39329855619817                                2.0856259461460303E-4+1.2003549514905121E-4i
26750                                             26750                                             -38.107760648432254                               2.393813044150872E-4+6.736948911034712E-5i
26900                                             26900                                             -37.97610462308204                                2.523592132433472E-4+7.76704977090148E-6i
27050                                             27050                                             -37.93940927071597                                2.4748139290037274E-4-5.513033609350071E-5i
27200                                             27200                                             -37.67153145317884                                2.2844985130932027E-4-1.272287788826043E-4i
27350                                             27350                                             -27.98345475126226                                -1.660454934493405E-4-7.802601838874379E-4i
27500                                             27500                                             -43.348533823887735                               1.1030455294014363E-4-7.958889052683826E-5i
27650                                             27650                                             -43.83896735169127                                6.890843255991097E-5-1.0852399265204316E-4i
27800                                             27800                                             -45.72635926931183                                2.2578235060077834E-5-1.0095155233047493E-4i
27950                                             27950                                             -48.568938884403686                               -1.7107235576130364E-5-7.2584513604812E-5i
28100                                             28100                                             -51.47470126618298                                -4.43010789229481E-5-2.9761409989448318E-5i
28250                                             28250                                             -50.54279009121542                                -5.5326196427785135E-5+2.1657862497748148E-5i
28400                                             28400                                             -46.95582543539607                                -4.849659118333349E-5+7.556933218055839E-5i
28550                                             28550                                             -43.86052763099311                                -2.410992427537284E-5+1.259472209645951E-4i
28700                                             28700                                             -41.50970545164628                                1.5704974340058353E-5+1.673558250516738E-4i
28850                                             28850                                             -39.71407402974219                                6.730438433527608E-5+1.9542829750784918E-4i
29000                                             29000                                             -38.3260893819587                                 1.259671511354421E-4+2.0722514262505598E-4i
29150                                             29150                                             -37.250798394487795                               1.864282295258035E-4+2.0143641354852804E-4i
29300                                             29300                                             -36.42733824925322                                2.4337576353028467E-4+1.784038326387849E-4i
29450                                             29450                                             -35.81565332511863                                2.919446091438349E-4+1.400019116303275E-4i
29600                                             29600                                             -35.38917378266885                                3.281124959443882E-4+8.939454526346591E-5i
29750                                             29750                                             -35.13044460105547                                3.490064460310305E-4+3.0705266430008926E-5i
29900                                             29900                                             -35.02885877524755                                3.5308577913129024E-4-3.136550285820494E-5i
30050                                             30050                                             -35.07932244303311                                3.402182517475705E-4-9.194183113514498E-5i
30200                                             30200                                             -35.28156716289504                                3.11648021882327E-4-1.4637615609958132E-4i
30350                                             30350                                             -35.64022335797012                                2.698530431686219E-4-1.9061173229428796E-4i
30500                                             30500                                             -36.16573973558095                                2.1832095632556836E-4-2.2147058254773366E-4i
30650                                             30650                                             -36.875188399990336                               1.6125737810029905E-4-2.369250848044402E-4i
30800                                             30800                                             -37.795466132638154                               1.0324260548827402E-4-2.3620706740579145E-4i
30950                                             30950                                             -38.96755134703997                                4.886505438406186E-5-2.19879235981435E-4i
31100                                             31100                                             -40.45508487049449                                2.348581735034383E-6-1.8977652843799042E-4i
31250                                             31250                                             -42.35936820452416                                -3.278392805655672E-5-1.4885956639010267E-4i
31400                                             31400                                             -44.843129686086066                               -5.400902082819403E-5-1.0098209394848734E-4i
31550                                             31550                                             -48.12455699617384                                -6.0023144285104024E-5-5.057229092797488E-5i
31700                                             31700                                             -51.88181086917966                                -5.087554911115122E-5-2.2659706614414077E-6i
31850                                             31850                                             -52.322752516203565                               -2.7987475953061836E-5+3.949390287050214E-5i
32000                                             32000                                             -48.982461355439                                  5.9389880091575975E-6+7.085765644077036E-5i
32150                                             32150                                             -45.963182768990094                               4.71358516961895E-5+8.894547293425425E-5i
32300                                             32300                                             -43.77095586011131                                9.109230776016553E-5+9.213498662474784E-5i
32450                                             32450                                             -42.19658910221138                                1.3296144632418683E-4+8.026564893159893E-5i
32600                                             32600                                             -41.07551136003278                                1.6802873862298284E-4+5.4697383337631855E-5i
32750                                             32750                                             -40.30720399269967                                1.9218829598255383E-4+1.8219760780091576E-5i
32900                                             32900                                             -39.831113008876734                               2.0236590902245055E-4-2.5183058685707138E-5i
33050                                             33050                                             -39.60980819811111                                1.9687860662459533E-4-7.070361721595031E-5i
33200                                             33200                                             -39.619871880365054                               1.7563597210279447E-4-1.1318527602044437E-4i
33350                                             33350                                             -39.8449667152921                                 1.4019163699280357E-4-1.4764825362356682E-4i
33500                                             33500                                             -40.26858379055792                                9.36315287999312E-5-1.698067394764191E-4i
33650                                             33650                                             -40.86377447706469                                4.027312374538239E-5-1.7653223724301004E-4i
33800                                             33800                                             -41.574006410952855                               -1.4750196530743942E-5-1.661980695346621E-4i
33950                                             33950                                             -42.283394212634036                               -6.601526308414041E-5-1.3887391518396797E-4i
34100                                             34100                                             -42.79421399125016                                -1.0835513315932133E-4-9.632990054320167E-5i
34250                                             34250                                             -42.875144288599934                               -1.3739873247753387E-4-4.1878269155581904E-5i
34400                                             34400                                             -42.42185268875388                                -1.5001250599322447E-4+1.9957886631782884E-5i
34550                                             34550                                             -41.555951612982376                               -1.4461521162412172E-4+8.391533754714686E-5i
34700                                             34700                                             -40.50597347041488                                -1.2132157340594141E-4+1.44506444442416E-4i
34850                                             34850                                             -39.455035843508924                               -8.191659839185128E-5+1.96564213840289E-4i
35000                                             35000                                             -38.503540279020115                               -2.964878358213685E-5+2.3574649801516578E-4i
35150                                             35150                                             -37.69615564796933                                3.1107286551701474E-5+2.5888653981887E-4i
35300                                             35300                                             -37.04684863127807                                9.528070314690495E-5+2.6434024996335737E-4i
35450                                             35450                                             -36.55855751291207                                1.5759351370131514E-4+2.520194709444423E-4i
35600                                             35600                                             -36.23026951616485                                2.1303450351434217E-4+2.23390164406978E-4i
35750                                             35750                                             -36.061350114165464                               2.5728735411906234E-4+1.812989181799729E-4i
35900                                             35900                                             -36.05349158697577                                2.870993701140079E-4+1.2968983630101683E-4i
36050                                             36050                                             -36.2124742860228                                 3.005215742293288E-4+7.32453950814671E-5i
36200                                             36200                                             -36.549520707733436                               2.970611789464006E-4+1.697688048474255E-5i
36350                                             36350                                             -37.08364597327397                                2.777014211021722E-4-3.420461920378148E-5i
36500                                             36500                                             -37.84541173825212                                2.448111560253152E-4-7.589766712623458E-5i
36650                                             36650                                             -38.88427149815754                                2.019376709139209E-4-1.0458546535896396E-4i
36800                                             36800                                             -40.28373071983927                                1.535073162637346E-4-1.179227807021066E-4i
36950                                             36950                                             -42.19907868769488                                1.0444662121639192E-4-1.148842912734871E-4i
37100                                             37100                                             -44.98661948185444                                5.9760801797981156E-5-9.548187754682136E-5i
37250                                             37250                                             -51.18571274316092                                2.5501691230722656E-5-4.8928239720025246E-5i
37400                                             37400                                             -56.367352432862894                               1.1551874221638059E-6-3.0363252282561426E-5i
37550                                             37550                                             -59.998959406285024                               -6.589152864333592E-6+1.888594499188656E-5i
37700                                             37700                                             -49.54573041469683                                2.1866723937113974E-6+6.660541739011983E-5i
37850                                             37850                                             -45.02424953360486                                2.685198743146433E-5+1.0889283666060123E-4i
38000                                             38000                                             -42.19427561706976                                6.517405023725997E-5+1.4101956114154213E-4i
38150                                             38150                                             -40.207575831120906                               1.1342515162088285E-4+1.5895867689341703E-4i
38300                                             38300                                             -38.74731123317972                                1.6668702777128397E-4+1.599666409571876E-4i
38450                                             38450                                             -37.661499320563635                               2.1931395086016714E-4+1.4295460424174067E-4i
38600                                             38600                                             -36.86646180881314                                2.6550374159289847E-4+1.0867571756456584E-4i
38750                                             38750                                             -36.31214023744556                                2.9990290684656085E-4+5.971300923979239E-5i
38900                                             38900                                             -35.96712758420861                                3.181804443088132E-4+2.485444750011112E-7i
39050                                             39050                                             -35.8101394568024                                 3.175274820432228E-4-6.435580217356573E-5i
39200                                             39200                                             -35.82499114882812                                2.969358911921183E-4-1.28203383896075E-4i
39350                                             39350                                             -35.99327674318319                                2.571654004304147E-4-1.857338937859554E-4i
39500                                             39500                                             -36.26781742197175                                1.9987882094663068E-4-2.3348458021765772E-4i
39650                                             39650                                             -36.258380361101615                               1.1695851989024231E-4-2.8459232691224745E-4i
39800                                             39800                                             -38.70854638879739                                1.0036889522480053E-4-2.0923317320542534E-4i
39950                                             39950                                             -39.01068445415079                                1.5050682915629388E-5-2.2362190865976572E-4i
40100                                             40100                                             -39.88813622840328                                -4.9764391325868296E-5-1.9638531639465384E-4i
40250                                             40250                                             -40.871831174509325                               -1.0029534086564151E-4-1.5055110435024943E-4i
40400                                             40400                                             -41.774787708450575                               -1.3400785751632727E-4-9.28628040111068E-5i
40550                                             40550                                             -42.385611487115625                               -1.490977700058238E-4-2.9391121508570706E-5i
40700                                             40700                                             -42.54094694134746                                -1.4537868411096388E-4+3.387637986751457E-5i
40850                                             40850                                             -42.25158928709136                                -1.243665235015623E-4+9.138236121075671E-5i
41000                                             41000                                             -41.68958455530375                                -8.908323654766015E-5+1.384645453296196E-4i
41150                                             41150                                             -41.051366796843745                               -4.3690929911743837E-5+1.717284033452282E-4i
41300                                             41300                                             -40.4728333757798                                 6.976688016691046E-6+1.8927510565724948E-4i
41450                                             41450                                             -40.027448612607216                               5.7909691972724E-5+1.9077330460059994E-4i
41600                                             41600                                             -39.75109097364498                                1.0438589011008137E-4+1.7737838835552022E-4i
41750                                             41750                                             -39.66240500699013                                1.4238044685693785E-4+1.5152959534459054E-4i
41900                                             41900                                             -39.77604640581844                                1.6885608731720403E-4+1.1663798804495418E-4i
42050                                             42050                                             -40.109638639758565                               1.8196894550154274E-4+7.674720533557E-5i
42200                                             42200                                             -40.69058417313328                                1.8114220580034424E-4+3.615129456657762E-5i
42350                                             42350                                             -41.563346471844255                               1.6705351362983345E-4-9.523739918915197E-7i
42500                                             42500                                             -42.802557137171966                               1.4153088136081848E-4-3.080505396291233E-5i
42650                                             42650                                             -44.53939462595593                                1.0736648218029332E-4-5.036681901693374E-5i
42800                                             42800                                             -47.018870196249665                               6.809130541746145E-5-5.7532779967450765E-5i
42950                                             42950                                             -50.7084013238446                                 2.7672402445166888E-5-5.1305074177943055E-5i
43100                                             43100                                             -55.56146116467555                                -9.79695685160431E-6-3.186739583893594E-5i
43250                                             43250                                             -53.88452629348499                                -4.0434994247329215E-5-5.904348289176298E-7i
43400                                             43400                                             -48.7646481785231                                 -6.091840659572245E-5+4.006335741779665E-5i
43550                                             43550                                             -45.13769163002402                                -6.881324949770118E-5+8.671275661842337E-5i
43700                                             43700                                             -42.54250973784826                                -6.298401172788459E-5+1.3530546291762313E-4i
43850                                             43850                                             -40.59094740753132                                -4.453208983579149E-5+1.8146110062577936E-4i
44000                                             44000                                             -39.05855336162087                                -2.721797404015014E-5+2.2122798368073848E-4i
44150                                             44150                                             -37.706775475410296                               7.22062143858615E-5+2.502201298718587E-4i
44300                                             44300                                             -36.88662408782277                                1.1031565552255262E-4+2.641058444461386E-4i
44450                                             44450                                             -36.18610200398547                                1.6516597363808172E-4+2.626424813763073E-4i
44600                                             44600                                             -35.66740208863266                                2.2059878203423144E-4+2.445581946115549E-4i
44750                                             44750                                             -35.321071878683334                               2.703822268217415E-4+2.1064291946093494E-4i
44900                                             44900                                             -35.13980376977799                                3.095935234780356E-4+1.6320515225920484E-4i
45050                                             45050                                             -35.12048295028217                                3.3438673905111793E-4+1.0590419821088215E-4i
45200                                             45200                                             -35.26467994235699                                3.4223565834407E-4+4.3440705827846315E-5i
45350                                             45350                                             -35.57848566735224                                3.3220404013162286E-4-1.8887568325687276E-5i
45500                                             45500                                             -36.073775760320345                               3.0504780715207014E-4-7.568937663171571E-5i
45650                                             45650                                             -36.76870345775843                                2.6320791685235934E-4-1.220567749784518E-4i
45800                                             45800                                             -37.69100564595442                                2.1055172015493895E-4-1.540731947075047E-4i
45950                                             45950                                             -38.88238116168842                                1.519875951638272E-4-1.6923128831347611E-4i
46100                                             46100                                             -40.40617344121438                                9.295621657828823E-5-1.6669659785750746E-4i
46250                                             46250                                             -42.359326130094956                               3.8852748010631544E-5-1.4739282719400393E-4i
46400                                             46400                                             -44.88183356269339                                -5.532850705591841E-6-1.1387445116717299E-4i
46550                                             46550                                             -48.072087595010665                               -3.649468329441907E-5-7.002392590893525E-5i
46700                                             46700                                             -51.09978959917381                                -5.175955582759073E-5-2.06418816187659E-5i
46850                                             46850                                             -50.68806537498489                                -5.067747321124694E-5+2.908117268507482E-5i
47000                                             47000                                             -47.78622398471753                                -3.42358859682923E-5+7.40765975855151E-5i
47150                                             47150                                             -45.19231800053653                                -4.904928900928418E-6+1.0989601802602333E-4i
47300                                             47300                                             -43.26708611090745                                3.363393351546451E-5+1.3311835283225104E-4i
47450                                             47450                                             -41.87513343324504                                7.688673158112724E-5+1.4164355867596345E-4i
47600                                             47600                                             -40.890624343162614                               1.199876185953852E-4+1.3485717702532707E-4i
47750                                             47750                                             -40.231600640703384                               1.581411664660637E-4+1.1364035625338609E-4i
47900                                             47900                                             -39.845568771472685                               1.870945800530599E-4+8.027187382231293E-5i
48050                                             48050                                             -39.699534751711205                               2.034848035985526E-4+3.820076860527877E-5i
48200                                             48200                                             -39.77275283602091                                2.0513370269675812E-4-8.30149577435435E-6i
48350                                             48350                                             -40.050230710122435                               1.9123693698863686E-4-5.448354961146151E-5i
48500                                             48500                                             -40.51510766924107                                1.6245039601259226E-4-9.558298551137767E-5i
48650                                             48650                                             -41.139585966601956                               1.208052680727878E-4-1.2717797745809278E-4i
48800                                             48800                                             -41.86239700861382                                6.95844661774414E-5-1.456322616240069E-4i
48950                                             48950                                             -42.55804074646578                                1.3030980889616739E-5-1.4840900495471931E-4i
49100                                             49100                                             -43.016140028257475                               -4.3955935767669985E-5-1.3431678696973481E-4i
49250                                             49250                                             -43.00583622279689                                -9.631067737636556E-5-1.0365722475991213E-4i
49400                                             49400                                             -42.44764554585671                                -1.3919098863651724E-4-5.824366936157954E-5i
49550                                             49550                                             -41.492712444777894                               -1.684151008412016E-4-1.3202299601333678E-6i
49700                                             49700                                             -40.37647374848682                                -1.8095150347041677E-4+6.273071072637748E-5i
49850                                             49850                                             -39.277013752622246                               -1.751541409220625E-4+1.2871024615490612E-4i
50000                                             50000                                             -38.28829609891627                                -1.5103221082968243E-4+1.910844451367133E-4i
50150                                             50150                                             -37.45023626023401                                -1.1029365955494974E-4+2.445122307035419E-4i
50300                                             50300                                             -36.777091460646794                               -5.6220210598978415E-5+2.843468477707889E-4i
50450                                             50450                                             -36.27191089954445                                6.55355698198079E-6+3.0713945506322116E-4i
50600                                             50600                                             -35.93494927906654                                7.254991128236021E-5+3.1101167989666667E-4i
50750                                             50750                                             -35.76760299345081                                1.3587236644485579E-4+2.9586685064342255E-4i
50900                                             50900                                             -35.77313520514811                                1.9092344512677828E-4+2.63461178054758E-4i
51050                                             51050                                             -35.959750628341105                               2.3285120768767875E-4+2.172355476055543E-4i
51200                                             51200                                             -36.34136921125253                                2.5814024079051645E-4+1.6199938503125288E-4i
51350                                             51350                                             -36.94021576534881                                2.649987789575259E-4+1.034040333257602E-4i
51500                                             51500                                             -37.791583787622464                               2.535010738933252E-4+4.742838182147935E-5i
51650                                             51650                                             -38.952490994601035                               2.25634203722902E-4-3.4621449584992803E-7i
51800                                             51800                                             -40.51870797912098                                1.8507492166286443E-4-3.5271412468729224E-5i
51950                                             51950                                             -42.66816489388227                                1.36768513088803E-4-5.416353459819501E-5i
52100                                             52100                                             -45.7855544579178                                 8.638394181653686E-5-5.5623197618759335E-5i
52250                                             52250                                             -50.985649580426475                               3.968473891857727E-5-4.016155643815633E-5i
52400                                             52400                                             -65.77066213291674                                1.9074322871182048E-6-1.0113632238129E-5i
52550                                             52550                                             -54.37592243941697                                -2.2799783563343112E-5+3.0668488064877764E-5i
52700                                             52700                                             -47.58188714292788                                -3.176804212201567E-5+7.727254568856701E-5i
52850                                             52850                                             -43.9740479636049                                 -2.3992131286343366E-5+1.2427432454653609E-4i
53000                                             53000                                             -41.60329492238024                                1.138215227625139E-8+1.6628966121912114E-4i
53150                                             53150                                             -39.90737540335886                                3.9339595534038097E-5+1.9827925417936765E-4i
53300                                             53300                                             -38.37387057318152                                1.2194321914832384E-4+2.0807775361442182E-4i
53450                                             53450                                             -37.957327308168004                               1.1181300375573411E-4+2.2697920789538362E-4i
53600                                             53600                                             -37.47922858288332                                1.583369318832184E-4+2.154103366667215E-4i
53750                                             53750                                             -36.47535706516155                                2.3715112028632745E-4+1.8389605257751462E-4i
53900                                             53900                                             -36.431128119678256                               2.651777315013648E-4+1.4373945846968272E-4i
54050                                             54050                                             -36.41413031512688                                2.8756464999785125E-4+9.297105831862496E-5i
54200                                             54200                                             -36.54192184984338                                2.9562029895757735E-4+3.6017221840101143E-5i
54350                                             54350                                             -36.82607833423829                                2.8733852265416804E-4-2.2540930883940824E-5i
54500                                             54500                                             -37.27543458792388                                2.6233300253264424E-4-7.802168331894066E-5i
54650                                             54650                                             -37.912410131592594                               2.210197057491703E-4-1.2584745840171774E-4i
54800                                             54800                                             -38.83882347807026                                1.6200853631465062E-4-1.61289260306563E-4i
54950                                             54950                                             -43.260009196971374                               2.7994874088221877E-5-1.345316642586969E-4i
55100                                             55100                                             -39.62744793187107                                8.926932881603289E-5-1.8871617297677723E-4i
55250                                             55250                                             -40.877058037535114                               1.0673789745008211E-5-1.804757575610827E-4i
55400                                             55400                                             -41.82741435895195                                -5.136223383761518E-5-1.5369893330552387E-4i
55550                                             55550                                             -42.417416584973296                               -1.0129068651743012E-4-1.125418646680254E-4i
55700                                             55700                                             -42.502759278067344                               -1.3709177420029306E-4-6.070594462281864E-5i
55850                                             55850                                             -42.07455644111842                                -1.574665141279019E-4-3.6078164091790654E-6i
56000                                             56000                                             -41.758422008063754                               -1.4695662055208558E-4+7.131420244310682E-5i
56150                                             56150                                             -40.79334593100821                                -1.3846823649960038E-4+1.1894584091265425E-4i
56300                                             56300                                             -40.072911411725684                               -1.0813969095579967E-4+1.662524404740795E-4i
56450                                             56450                                             -39.50335992416162                                -6.554674034009444E-5+2.0136944752624508E-4i
56600                                             56600                                             -39.111862481328046                               -1.554495859468208E-5+2.2098613626997388E-4i
56750                                             56750                                             -38.91810721056191                                3.6508634837284504E-5+2.235681169826531E-4i
56900                                             56900                                             -38.936614992518095                               8.510092253666279E-5+2.094163233185009E-4i
57050                                             57050                                             -39.18501391798847                                1.2511208105303595E-4+1.805651573585365E-4i
57200                                             57200                                             -39.69096715011077                                1.5225568953070034E-4+1.4059948684508328E-4i
57350                                             57350                                             -40.49841892525859                                1.636459758885822E-4+9.424973777438783E-5i
57500                                             57500                                             -41.674082204602634                               1.5808742668910192E-4+4.704844305436495E-5i
57650                                             57650                                             -43.334349843448095                               1.3616622387946364E-4+4.557375816727216E-6i
57800                                             57800                                             -45.66960682496486                                1.0026893515041602E-4-2.8069354302440175E-5i
57950                                             57950                                             -48.9141830658589                                 5.433422168216184E-5-4.6733173387991656E-5i
58100                                             58100                                             -52.23091809937042                                3.4489316488306443E-6-4.8798004947947504E-5i
58250                                             58250                                             -50.8324690416358                                 -4.6739061336731336E-5-3.343252919352224E-5i
58400                                             58400                                             -46.877874110677396                               -9.05863729374623E-5-1.6658168298100406E-6i
58550                                             58550                                             -43.70016274038325                                -1.2309344867628136E-4+4.3709773042244215E-5i
58700                                             58700                                             -41.3347362075237                                 -1.4043328359214513E-4+9.846156294235353E-5i
58850                                             58850                                             -39.5402984802665                                 -1.4034356045977692E-4+1.5738455440950094E-4i
59000                                             59000                                             -38.15784018951379                                -1.223157188484647E-4+2.1487648092388678E-4i
59150                                             59150                                             -37.09023899735643                                -8.760505483185188E-5+2.6550824984061805E-4i
59300                                             59300                                             -36.27632890907884                                -3.902466335986565E-5+3.0456314548754637E-4i
59450                                             59450                                             -35.67723454986054                                1.9400611845243887E-5+3.2840652333543385E-4i
59600                                             59600                                             -35.268958767501985                               8.298184036781286E-5+3.3467769188677554E-4i
59750                                             59750                                             -35.062262080858396                               1.4860636101604596E-4+3.2032291384831435E-4i
59900                                             59900                                             -34.88527062742077                                1.9908149362929395E-4+3.004059957900651E-4i
60050                                             60050                                             -34.97834806570252                                2.481702948082809E-4+2.559976807383624E-4i
60200                                             60200                                             -35.208312914053835                               2.823210722729952E-4+2.0214321709155492E-4i
60350                                             60350                                             -35.5958614462711                                 3.0022894213938E-4+1.4190406884195816E-4i
60500                                             60500                                             -36.15428761535953                                3.009610189866341E-4+7.994428276048016E-5i
60650                                             60650                                             -36.90311547791377                                2.8489433462436375E-4+2.112273695931144E-5i
60800                                             60800                                             -37.871273743285606                               2.537769857251515E-4-3.00027317750029E-5i
60950                                             60950                                             -39.10279305957499                                2.1056888385484474E-4-6.956908407640405E-5i
61100                                             61100                                             -40.66647007985799                                1.5919041609008255E-4-9.469847081655658E-5i
61250                                             61250                                             -42.666254070499036                               1.0425416838505397E-4-1.0382632642969014E-4i
61400                                             61400                                             -45.256963961683695                               5.0604439476242824E-5-9.675530034269908E-5i
61550                                             61550                                             -48.54444895953716                                2.9516013268504615E-6-7.472553289855632E-5i
61700                                             61700                                             -51.51852694959246                                -3.455078837522052E-5-4.032333739412142E-5i
61850                                             61850                                             -50.63898021478409                                -5.8696479451336714E-5+2.7291289471653712E-6i
62000                                             62000                                             -47.540612459014994                               -6.752607964899404E-5+4.987122316557624E-5i
62150                                             62150                                             -44.912458310400666                               -6.055011946881628E-5+9.612674795000942E-5i
62300                                             62300                                             -42.97416706159028                                -3.882320675419049E-5+1.366010647121385E-4i
62450                                             62450                                             -41.57105619278526                                -4.901820124914025E-6+1.6683601780864699E-4i
62600                                             62600                                             -40.57572180144071                                3.734044828279659E-5+1.834108406991719E-4i
62750                                             62750                                             -39.908881834225404                               8.313609139387612E-5+1.842185803503371E-4i
62900                                             62900                                             -39.52094647070231                                1.2719628612134493E-4+1.687776635626026E-4i
63050                                             63050                                             -39.381075681178935                               1.6429655204958094E-4+1.3832334221508535E-4i
63200                                             63200                                             -39.47053628264611                                1.8980050968403495E-4+9.571845695854897E-5i
63350                                             63350                                             -39.77513024103019                                2.002091541021822E-4+4.5188259186978996E-5i
63500                                             63500                                             -40.277331726074806                               1.9354673642241194E-4-8.07399714441992E-6i
63650                                             63650                                             -40.94608186061806                                1.6955792042810947E-4-5.8482191804820616E-5i
63800                                             63800                                             -41.710613455842214                               1.298074074392308E-4-1.0063472151866648E-4i
63950                                             63950                                             -42.42701325429873                                7.749784403732196E-5-1.2988054441509522E-4i
64100                                             64100                                             -42.86388837854375                                1.71260924044514E-5-1.42802105479789E-4i
64250                                             64250                                             -42.78964227379399                                -4.592941784553606E-5-1.3759692007675461E-4i
64400                                             64400                                             -42.16766880161739                                -1.06047280066357E-4-1.141773111701383E-4i
64550                                             64550                                             -41.18825398912338                                -1.5785818919322736E-4-7.420291582405092E-5i
64700                                             64700                                             -40.09096350561589                                -1.9681200118404352E-4-2.0879280782981624E-5i
64850                                             64850                                             -39.038492185234254                               -2.1955018408992277E-4+4.135678016858879E-5i
65000                                             65000                                             -38.11018718329383                                -2.242389165804104E-4+1.0735186014865228E-4i
65150                                             65150                                             -37.336119462289645                               -2.1068251862021992E-4+1.71695851480691E-4i
65300                                             65300                                             -36.72501102669973                                -1.8028295429040053E-4+2.291843238899638E-4i
65450                                             65450                                             -36.27601858048709                                -1.3588929373764547E-4+2.753588041034538E-4i
65600                                             65600                                             -35.98699580249109                                -8.14852034950464E-5+3.0681741498939097E-4i
65750                                             65750                                             -35.856993992538975                               -2.1809654448867732E-5+3.2150172889511275E-4i
65900                                             65900                                             -35.88788738916789                                3.805029221759515E-5+3.1883406882859955E-4i
66050                                             66050                                             -36.086388494114686                               9.311856196142498E-5+2.9970904443743507E-4i
66200                                             66200                                             -36.464441326202596                               1.3892533105497318E-4+2.664297387283687E-4i
66350                                             66350                                             -37.04349041354264                                1.7188168249715474E-4+2.2242289212970334E-4i
66500                                             66500                                             -37.858323206220184                               1.8952157623791654E-4+1.7198696640408073E-4i
66650                                             66650                                             -38.96802229700026                                1.9068301138258636E-4+1.1987143005864898E-4i
66800                                             66800                                             -40.490953284961066                               1.7528039993608413E-4+7.071886817278106E-5i
66950                                             66950                                             -42.89417250192606                                1.4075348730702153E-4+2.7026960236486985E-5i
67100                                             67100                                             -44.290841089794526                               1.2154116412688154E-4+1.0978576259756956E-5i
67250                                             67250                                             -49.120981424324846                               6.95109248677328E-5-8.098721177240975E-6i
67400                                             67400                                             -59.10637594170953                                2.1075696325256743E-5-6.870268733694118E-6i
67550                                             67550                                             -57.969992950329406                               -2.2637194902974667E-5+1.1220967071623456E-5i
67700                                             67700                                             -48.36068335633791                                -6.721380105101371E-5+3.6285587938111874E-5i
67850                                             67850                                             -44.48372731663787                                -8.513377486685236E-5+8.365437255708486E-5i
68000                                             68000                                             -41.80625438007795                                -9.266837143351303E-5+1.3342518136472137E-4i
68150                                             68150                                             -39.89896757587025                                -8.336635470274079E-5+1.843678448690822E-4i
68300                                             68300                                             -38.487748996054066                               -5.717141725353203E-5+2.3106826008367776E-4i
68450                                             68450                                             -37.431619928737675                               -1.596194827691022E-5+2.683378897322397E-4i
68600                                             68600                                             -36.643237995580506                               3.64720131360019E-5+2.920844621254748E-4i
68750                                             68750                                             -35.616691585282624                               8.533513127506609E-5+3.2010069399701635E-4i
68900                                             68900                                             -35.9061732110983                                 1.59251119577819E-4+2.780447267711761E-4i
69050                                             69050                                             -35.743957557726404                               2.1375592799111054E-4+2.4675004741403495E-4i
69200                                             69200                                             -35.78466577251503                                2.577410138337455E-4+1.9786972454571838E-4i
69350                                             69350                                             -36.004520538632654                               2.859899496042706E-4+1.363109542505958E-4i
69500                                             69500                                             -36.39756820273944                                2.9512567004646995E-4+6.772643117780586E-5i
69650                                             69650                                             -36.96248973230269                                2.8372747723998115E-4-1.2347504914078655E-6i
69800                                             69800                                             -37.7032439863091                                 2.5321238266756696E-4-6.133933333374308E-5i
69950                                             69950                                             -38.47325127267312                                2.0057117827182447E-4-1.289254736990264E-4i
70100                                             70100                                             -39.48228114989434                                1.3953102527408667E-4-1.5998535822014937E-4i
70250                                             70250                                             -40.46098479867612                                7.00867920565007E-5-1.7623730315852182E-4i
70400                                             70400                                             -41.28437525714806                                -6.789757013847542E-7-1.7250745532715328E-4i
70550                                             70550                                             -41.758488305854925                               -6.636888217603776E-5-1.4925390433417896E-4i
70700                                             70700                                             -41.76724673145321                                -1.2133165517941302E-4-1.0911659545853603E-4i
70850                                             70850                                             -41.37376364261318                                -1.611551726380389E-4-5.640953347829658E-5i
71000                                             71000                                             -40.76813817269436                                -1.8303944185582566E-4+3.478375222853991E-6i
71150                                             71150                                             -40.13076067243637                                -1.8610407565600173E-4+6.464420210761102E-5i
71300                                             71300                                             -39.58308013961508                                -1.712003396087125E-4+1.2132921108265471E-4i
71450                                             71450                                             -39.23797821641385                                -1.3906940782248967E-4+1.683198377666617E-4i
71600                                             71600                                             -38.916247085425695                               -1.0152939911767245E-4+2.0255702439142542E-4i
71750                                             71750                                             -38.89103023400623                                -5.387260028733021E-5+2.2075838196300435E-4i
71900                                             71900                                             -39.0674090591831                                 -5.413298425183122E-6+2.2260307823052106E-4i
72050                                             72050                                             -39.470095818538454                               3.9059304767719016E-5+2.0896222204014325E-4i
72200                                             72200                                             -40.13080384346209                                7.517615572721903E-5+1.8210370569393675E-4i
72350                                             72350                                             -41.100216539290464                               9.94856597443805E-5+1.4543362768382195E-4i
72500                                             72500                                             -42.46262126334341                                1.0975621250752798E-4+1.031584223016857E-4i
72650                                             72650                                             -44.369653706825225                               1.050694715299949E-4+5.987790844685925E-5i
72800                                             72800                                             -47.10625910787939                                8.590573115763167E-5+2.0207703607000305E-5i
72950                                             72950                                             -51.17261135980208                                5.4034407722836075E-5-1.1566733677637053E-5i
73100                                             73100                                             -55.33497893497905                                1.2422341847340146E-5-3.188572488510566E-5i
73250                                             73250                                             -51.728892403683744                               -3.506010111820057E-5-3.817315491250195E-5i
73400                                             73400                                             -47.051202049082626                               -8.391109780103712E-5-2.9093559214876663E-5i
73550                                             73550                                             -43.7788994538479                                 -1.2935950010650732E-4-4.701907684201423E-6i
73700                                             73700                                             -41.402402746578026                               -1.6684171299197192E-4+3.354480276696048E-5i
73850                                             73850                                             -39.59949337132016                                -1.923520340605389E-4+8.285493074200456E-5i
74000                                             74000                                             -38.198911974305155                               -2.028416825108348E-4+1.3933008003530478E-4i
74150                                             74150                                             -37.10349121051446                                -1.9652137391601432E-4+1.982686588015703E-4i
74300                                             74300                                             -36.253001367922565                               -1.7308233638224646E-4+2.546211349268024E-4i
74450                                             74450                                             -35.61043281795845                                -1.3368624960252706E-4+3.033690807084932E-4i
74600                                             74600                                             -35.15106669603161                                -8.092336508425113E-5+3.4002682793754513E-4i
74750                                             74750                                             -34.858000909685536                               -1.8526584799727353E-5+3.610429956460992E-4i
74900                                             74900                                             -34.720176479264836                               4.896713868923763E-5+3.64021511068513E-4i
75050                                             75050                                             -34.71573001945216                                1.170457024077809E-4+3.4835031291569063E-4i
75200                                             75200                                             -34.879986620855604                               1.836507377122043E-4+3.103348612163437E-4i
75350                                             75350                                             -35.025871327006996                               2.568966848436882E-4+2.4442569496019306E-4i
75500                                             75500                                             -38.152996253344725                               -2.2172311254786692E-5+2.4639328111297765E-4i
75650                                             75650                                             -37.04434245195412                                2.1668373181266132E-4+1.790193164946663E-4i
75800                                             75800                                             -37.87752346476347                                2.3160792972526378E-4+1.0754897767439875E-4i
75950                                             75950                                             -39.08103125596808                                2.176114527151496E-4+4.5512801275071624E-5i
76100                                             76100                                             -40.656857477207964                               1.8535344224018813E-4-5.432710282748943E-6i
76250                                             76250                                             -42.69667694968846                                1.4042770726385712E-4-4.216365497033969E-5i
76400                                             76400                                             -45.346981683798916                               8.821369452266525E-5-6.241927057348828E-5i
76550                                             76550                                             -48.66405547186865                                3.42894316301412E-5-6.530643671309733E-5i
76700                                             76700                                             -51.36287231191638                                -1.5946885809636768E-5-5.1655779735759744E-5i
76850                                             76850                                             -50.12792355716036                                -5.762297195105459E-5-2.373793360610499E-5i
77000                                             77000                                             -47.11475638800777                                -8.691431443552666E-5+1.479272502113993E-5i
77150                                             77150                                             -44.622529894409475                               -1.0134771802078335E-4+5.938307593933434E-5i
77300                                             77300                                             -42.796424802966904                               -9.994112654776455E-5+1.0498265580405342E-4i
77450                                             77450                                             -41.480110522412986                               -8.338020033626936E-5+1.4661363772894287E-4i
77600                                             77600                                             -40.557127150250366                               -5.375834796389478E-5+1.7970589100246848E-4i
77750                                             77750                                             -39.95012545452498                                -1.4462731784514737E-5+2.0063110107337856E-4i
77900                                             77900                                             -39.611316363978226                               3.0204568032432544E-5+2.0696056974311983E-4i
78050                                             78050                                             -39.51114317547075                                7.543492204409308E-5+1.9767473997744922E-4i
78200                                             78200                                             -39.63087222844939                                1.1633452923887067E-4+1.7324760886039403E-4i
78350                                             78350                                             -39.957964056960996                               1.4835809875729522E-4+1.355688741889738E-4i
78500                                             78500                                             -40.47475410291622                                1.677366273714065E-4+8.787662651632555E-5i
78650                                             78650                                             -41.15260807942451                                1.717465306765864E-4+3.433891799098365E-5i
78800                                             78800                                             -41.920697589849325                               1.5904960873619478E-4-2.0164366860919714E-5i
78950                                             78950                                             -42.63033269563727                                1.2981664346500832E-4-7.05427618830079E-5i
79100                                             79100                                             -43.0415412384007                                 8.570915059519235E-5-1.1185073232189424E-4i
79250                                             79250                                             -42.91403548501776                                2.986620990169664E-5-1.3984374663511545E-4i
79400                                             79400                                             -42.218240713411326                               -3.335874939525141E-5-1.5128964818988955E-4i
79550                                             79550                                             -41.166839889583684                               -9.867468599594753E-5-1.443571187943471E-4i
79700                                             79700                                             -40.02785727793956                                -1.6003896009031404E-4-1.1887715242697716E-4i
79850                                             79850                                             -39.06693183432465                                -2.090419444933378E-4-7.673557349385796E-5i
80000                                             80000                                             -36.75270077286696                                -2.898729331108907E-4-2.1463631283968887E-5i
80150                                             80150                                             -36.722733719507524                               -2.8775603512876113E-4+4.762834896854251E-5i
80300                                             80300                                             -36.13815848734579                                -2.8881609372938266E-4+1.1796052570245408E-4i
80450                                             80450                                             -35.67128576499415                                -2.714231291895963E-4+1.862929412904668E-4i
80600                                             80600                                             -35.358587857424126                               -2.3586807532816056E-4+2.466430611619552E-4i
80750                                             80750                                             -35.21004456463464                                -1.8511389322684035E-4+2.93686654111891E-4i
80900                                             80900                                             -35.232083990891766                               -1.2385441622797533E-4+3.2337135220750213E-4i
81050                                             81050                                             -35.434900852565065                               -5.7900795594922894E-5+3.332947716805368E-4i
81200                                             81200                                             -35.833777489270744                               6.409385121863842E-6+3.2303951964596234E-4i
81350                                             81350                                             -36.453249171088366                               6.289168641343545E-5+2.942153322785801E-4i
81500                                             81500                                             -37.3286930013358                                 1.0622179504399254E-4+2.5041952735815887E-4i
81650                                             81650                                             -38.522795859255496                               1.3240937094216587E-4+1.9665569972326935E-4i
81800                                             81800                                             -40.13590583033797                                1.3939863392742335E-4+1.3905274114867083E-4i
81950                                             81950                                             -42.360620095154985                               1.2718834604830143E-4+8.396656867237784E-5i
82100                                             82100                                             -45.606423061655065                               9.791338621645274E-5+3.759789926127688E-5i
82250                                             82250                                             -51.376135288903235                               5.391398074461318E-5+2.644542642649128E-6i
82400                                             82400                                             -64.2488783352562                                 4.345123524429617E-6-1.1467070058501783E-5i
82550                                             82550                                             -52.16275347671596                                -4.840028199437629E-5-9.402709108541352E-6i
82700                                             82700                                             -46.25597844364859                                -9.666014703046955E-5+1.1369352146406442E-5i
82850                                             82850                                             -42.90117229292448                                -1.3507341253016225E-4+4.7582474282381604E-5i
83000                                             83000                                             -40.65613230900944                                -1.5913712096804478E-4+9.521833670300683E-5i
83150                                             83150                                             -39.052938989399145                               -1.6598356957442384E-4+1.489844374992222E-4i
83300                                             83300                                             -37.88473498248895                                -1.5453136732568318E-4+2.0302926300030943E-4i
83450                                             83450                                             -37.0396536711186                                 -1.2571324308141563E-4+2.5155769223228486E-4i
83600                                             83600                                             -36.45455522424833                                -8.209538103176595E-5+2.8939792155613375E-4i
83750                                             83750                                             -36.09553737725469                                -2.7558178165687508E-5+3.12297693584318E-4i
83900                                             83900                                             -35.85665005297068                                3.139173865657208E-5+3.207207590913974E-4i
84050                                             84050                                             -35.905134229767825                               9.239500123958688E-5+3.068509703270106E-4i
84200                                             84200                                             -36.083394382393195                               1.4762990364713957E-4+2.770738499803249E-4i
84350                                             84350                                             -36.421931836766205                               1.9282244847818042E-4+2.3236312406682558E-4i
84500                                             84500                                             -36.919828392645556                               2.2412581073566473E-4+1.7625298218626462E-4i
84650                                             84650                                             -37.57516964656516                                2.3893367127475473E-4+1.1323118071981941E-4i
84800                                             84800                                             -38.382038149527624                               2.360616430531759E-4+4.829195238076345E-5i
84950                                             84950                                             -39.32262371165045                                2.157989558378981E-4-1.3510498065860688E-5i
85100                                             85100                                             -40.351538698081136                               1.7982848980940824E-4-6.746479848362963E-5i
85250                                             85250                                             -41.36837128337056                                1.3108028865399524E-4-1.0957738364281155E-4i
85400                                             85400                                             -42.19747999017404                                7.344338748155321E-5-1.3682997417918674E-4i
85550                                             85550                                             -42.62105464517221                                1.150631657831358E-5-1.474548416396937E-4i
85700                                             85700                                             -42.51851447735479                                -4.981486393962342E-5-1.4112562984336385E-4i
85850                                             85850                                             -41.96835923799966                                -1.0554767951725941E-4-1.1950952908690304E-4i
86000                                             86000                                             -41.34604828609912                                -1.5360252603602298E-4-7.580191160405647E-5i
86150                                             86150                                             -40.52442708260862                                -1.8541435122682026E-4-3.2735356123914094E-5i
86300                                             86300                                             -39.849805414569246                               -2.025297129580883E-4+1.9729603584983657E-5i
86450                                             86450                                             -39.33514018542632                                -2.0301720075599494E-4+7.349281227297944E-5i
86600                                             86600                                             -38.997697918353765                               -1.8751551907580932E-4+1.233760373527959E-4i
86750                                             86750                                             -38.88704270432204                                -1.5711304133025905E-4+1.643150784573777E-4i
86900                                             86900                                             -38.97812070143385                                -1.1598347764274486E-4+1.927671726340563E-4i
87050                                             87050                                             -39.32392122819347                                -6.687002042138346E-5+2.0558734788800326E-4i
87200                                             87200                                             -40.04939125640199                                -5.796388776346806E-6+1.9878145941676362E-4i
87350                                             87350                                             -40.25247765300507                                -2.196566061785088E-5+1.9302437010393358E-4i
87500                                             87500                                             -41.83560983322163                                3.7287023095522454E-5+1.5754874935380858E-4i
87650                                             87650                                             -43.69145449630486                                6.221046531224017E-5+1.1500715892809321E-4i
87800                                             87800                                             -46.30940688308443                                6.917342406376203E-5+6.761408216648945E-5i
87950                                             87950                                             -50.13834466444053                                5.884817709650436E-5+2.0284970175143968E-5i
88100                                             88100                                             -54.20266944937033                                3.236126180455878E-5-2.173871782884529E-5i
88250                                             88250                                             -51.33947687991097                                -7.777130076158656E-6-5.364630126003522E-5i
88400                                             88400                                             -46.749543902496384                               -5.7755227947819954E-5-7.154842896905933E-5i
88550                                             88550                                             -43.464375868707634                               -1.1269434412797263E-4-7.290056762310204E-5i
88700                                             88700                                             -41.08145244919895                                -1.672058031502166E-4-5.678902482553205E-5i
88850                                             88850                                             -39.285194302418155                               -2.1582208373549516E-4-2.4025388400961134E-5i
89000                                             89000                                             -37.90129062019653                                -2.5362557613867187E-4+2.2960734899712953E-5i
89150                                             89150                                             -36.830854741267                                  -2.7665781772978626E-4+8.025371969566653E-5i
89300                                             89300                                             -36.0115893703643                                 -2.8240723382216837E-4+1.4301693984297703E-4i
89450                                             89450                                             -35.4061483279046                                 -2.698759948395191E-4+2.0582761134702032E-4i
89600                                             89600                                             -34.987185525430476                               -2.398590794929767E-4+2.6331067109941486E-4i
89750                                             89750                                             -34.739884291577724                               -1.946198102729113E-4+3.105185231138119E-4i
89900                                             89900                                             -34.654185871489766                               -1.3782001158302304E-4+3.434831500855884E-4i
90050                                             90050                                             -34.72588413169544                                -7.405598745269248E-5+3.5951073084106167E-4i
90200                                             90200                                             -34.95093955981679                                -8.559665322538379E-6+3.575679758346384E-4i
90350                                             90350                                             -35.34512332123211                                5.351601273062556E-5+3.375858843567281E-4i
90500                                             90500                                             -35.91295220255716                                1.0719573058054488E-4+3.0169310590899556E-4i
90650                                             90650                                             -36.67536183836392                                1.4832478958060058E-4+2.529916560787271E-4i
90800                                             90800                                             -37.662075240825324                               1.7388330441531208E-4+1.9567865634739778E-4i
90950                                             90950                                             -38.917904819604395                               1.8217234478762334E-4+1.346521875807971E-4i
91100                                             91100                                             -40.51063877490712                                1.729817974843728E-4+7.510067490146266E-5i
91250                                             91250                                             -42.540283643652266                               1.4764536467787304E-4+2.2064013041278585E-5i
91400                                             91400                                             -45.13256122537151                                1.0892940847695431E-4-2.008069491765685E-5i
91550                                             91550                                             -48.24845161334356                                6.0778701571451155E-5-4.788555363488545E-5i
91700                                             91700                                             -50.48621232938227                                8.033482779779E-6-5.9260465831822984E-5i
91850                                             91850                                             -49.18019681320725                                -4.4094116598558664E-5-5.372844018169953E-5i
92000                                             92000                                             -46.37881994984149                                -9.035088921455214E-5-3.232623991944461E-5i
92150                                             92150                                             -44.002432115527185                               -1.2613566277708266E-4+2.2728947028927138E-6i
92300                                             92300                                             -42.224590805699066                               -1.4779294551037214E-4+4.608189244237337E-5i
92450                                             92450                                             -40.928936945999716                               -1.53088810142199E-4+9.413353332776708E-5i
92600                                             92600                                             -40.01177840132702                                -1.4144249260894526E-4+1.4101661311227698E-4i
92750                                             92750                                             -39.40574465866921                                -1.1401677327610438E-4+1.8128875123257782E-4i
92900                                             92900                                             -39.069863732089445                               -7.362534436938795E-5+2.100779068185954E-4i
93050                                             93050                                             -38.97464133126843                                -2.4541422722346162E-5+2.2371775133889216E-4i
93200                                             93200                                             -39.107892489062955                               2.7875187915304966E-5+2.1987354233421463E-4i
93350                                             93350                                             -39.46071177023727                                7.76166692652569E-5+1.981520733522757E-4i
93500                                             93500                                             -40.05570909946648                                1.1757930692685159E-4+1.6020388160264964E-4i
93650                                             93650                                             -39.76575293991056                                1.7436841016787996E-4+1.0868485579285103E-4i
93800                                             93800                                             -41.1618621497248                                 1.6871910581084393E-4+4.630982242470605E-5i
93950                                             93950                                             -41.7596292434751                                 1.623015810846562E-4-1.8241289723497367E-5i
94100                                             94100                                             -41.73476265789723                                1.4114511176444022E-4-8.310099270669724E-5i
94250                                             94250                                             -34.539302220758316                               -1.436173327310497E-4-3.464402312044479E-4i
94400                                             94400                                             -42.26855199057975                                1.7176384818629042E-5-1.530682649977244E-4i
94550                                             94550                                             -40.8413410555395                                 -4.369243957269564E-5-1.7619965235493584E-4i
94700                                             94700                                             -39.60695480600683                                -1.1179152773022061E-4-1.7689432503953384E-4i
94850                                             94850                                             -38.51481294722894                                -1.778694833747263E-4-1.5707183460933472E-4i
95000                                             95000                                             -37.59029927265263                                -2.356154168814406E-4-1.1896574846226304E-4i
95150                                             95150                                             -36.84287402333339                                -2.799120862609916E-4-6.633323364124699E-5i
95300                                             95300                                             -36.270976245416634                               -3.0721546083678497E-4-4.070377286335969E-6i
95450                                             95450                                             -35.87292881238752                                -3.155737776719403E-4+6.222469779970652E-5i
95600                                             95600                                             -35.64113416133494                                -3.05081559498821E-4+1.2671168120415022E-4i
95750                                             95750                                             -35.57431047010967                                -2.7744717606298375E-4+1.839723348963096E-4i
95900                                             95900                                             -35.67060032800399                                -2.359256539332666E-4+2.2963398456554707E-4i
96050                                             96050                                             -35.92395231936381                                -1.8515761422954746E-4+2.6070480924711426E-4i
96200                                             96200                                             -36.548457744409106                               -1.2601012767221587E-4+2.6958612359462286E-4i
96350                                             96350                                             -37.12186154284086                                -7.265762178476631E-5+2.6892942360901007E-4i
96500                                             96500                                             -38.02384224983645                                -2.3124740653357456E-5+2.5002778378147017E-4i
96650                                             96650                                             -39.23595215986856                                1.68605590708526E-5+2.1773799493773893E-4i
96800                                             96800                                             -40.886935806875556                               4.347085706690734E-5+1.7527537436112794E-4i
96950                                             96950                                             -43.02484431234451                                5.578594946509252E-5+1.2969603170243094E-4i
97100                                             97100                                             -46.21177366252225                                5.203963295452585E-5+8.283254611995972E-5i
97250                                             97250                                             -51.57599132157418                                3.347563453659497E-5+4.0768204118246665E-5i
97400                                             97400                                             -67.66306766740041                                2.4401343931002017E-6+7.909211524936843E-6i
97550                                             97550                                             -53.88987714459151                                -3.8237770924431924E-5-1.308421276546845E-5i
97700                                             97700                                             -47.39961406626033                                -8.328168201354735E-5-1.8536767021348766E-5i
97850                                             97850                                             -43.845479095915394                               -1.281999002022971E-4-8.115087301474588E-6i
98000                                             98000                                             -41.485741482787205                               -1.6760923517877835E-4+1.7835357832507448E-5i
98150                                             98150                                             -39.81028508705227                                -1.961295995934753E-4+5.761289655381585E-5i
98300                                             98300                                             -38.65701498950313                                -2.0640411497380162E-4+1.09053067974485E-4i
98450                                             98450                                             -39.33083461204375                                -1.404071745976232E-4+1.6416224148396719E-4i
98600                                             98600                                             -36.49474596710158                                -2.3463140762336465E-4+1.8602512888610256E-4i
98750                                             98750                                             -36.14906240748261                                -1.8951054274962686E-4+2.473279510201154E-4i
98900                                             98900                                             -35.946216569153776                               -1.3832316742956596E-4+2.873920538769559E-4i
99050                                             99050                                             -35.88941421242505                                -7.828716502888966E-5+3.113484656176446E-4i
99200                                             99200                                             -36.00248045465813                                -1.2744203096659579E-5+3.166317621433601E-4i
99350                                             99350                                             -36.289910691934544                               5.305547898737384E-5+3.019476141845612E-4i
99500                                             99500                                             -36.76711329575441                                1.1341286260496686E-4+2.671041239844518E-4i
99650                                             99650                                             -37.524721266755556                               1.6292089366021223E-4+2.1020040511043891E-4i
99800                                             99800                                             -36.50986423211126                                1.8078648762415161E-4+2.3803766059393716E-4i
99950                                             99950                                             -38.63000483532113                                2.102133688612895E-4+1.0317727049335979E-4i
