% Model:              FEM_BEM_model_stl_ThreeProlSpheroids.mph
% Version:            COMSOL 6.3.0.335
% Date:               Oct 13 2025, 09:42
% Table:              Table 2 - TS_D_far
% f0 (1/s)               freq (Hz)                TS_Global_var_Point      Evaluate in the domain at the given coordinates in Geometry 1 (Pa), Ps_Global_var_Point
500                                               500                                               -53.97233760574398                                -4.026345871155357E-6+3.9829543932001776E-5i
650                                               650                                               -48.94226488739855                                2.2367379815535493E-6+7.140091198498677E-5i
800                                               800                                               -44.6213133341871                                 1.9851709134821593E-5+1.157906943688447E-4i
950                                               950                                               -40.54032067788011                                5.928946050282047E-5+1.783405387553172E-4i
1100                                              1100                                              -36.222725725738314                               1.4835457382655903E-4+2.71004510804973E-4i
1250                                              1250                                              -30.820965774111862                               3.9850105973293637E-4+4.150905114702619E-4i
1400                                              1400                                              -22.029376231189485                               0.0015742723005190418+1.687667198774223E-4i
1550                                              1550                                              -19.577299931807822                               0.0012919020528082137+0.001655260264750269i
1700                                              1700                                              -33.29161373452594                                -2.9346151972697854E-5-4.3196584266136373E-4i
1850                                              1850                                              -37.59086697736767                                -9.592279132925041E-5-2.4588042993844983E-4i
2000                                              2000                                              -41.54901781171624                                -7.960311242394269E-5-1.471847683049976E-4i
2150                                              2150                                              -45.676942260211895                               -5.054584010222296E-5-9.093167378104727E-5i
2300                                              2300                                              -50.24553311564194                                -1.975200778525643E-5-5.822360090335099E-5i
2450                                              2450                                              -53.5782927297429                                 9.602117895246565E-6-4.077513737488214E-5i
2600                                              2600                                              -52.10993218962864                                3.595563659869461E-5-3.417510949799141E-5i
2750                                              2750                                              -49.339731097667595                               5.825075991050532E-5-3.554773429370606E-5i
2900                                              2900                                              -47.239026220560866                               7.572152570667345E-5-4.266039662426113E-5i
3050                                              3050                                              -45.770862941375974                               8.787728736447953E-5-5.356750979268465E-5i
3200                                              3200                                              -44.76433776296811                                9.452454956343503E-5-6.6479816072329E-5i
3350                                              3350                                              -44.108077905514655                               9.578480448385607E-5-7.973806413763551E-5i
3500                                              3500                                              -43.737716223533745                               9.209578692265241E-5-9.183683086277927E-5i
3650                                              3650                                              -43.618953259573246                               8.419245826735144E-5-1.0147033302532193E-4i
3800                                              3800                                              -43.73830410956473                                7.30679322756278E-5-1.07584502144209E-4i
3950                                              3950                                              -44.099454644732184                               5.991683008388371E-5-1.0942455635276627E-4i
4100                                              4100                                              -44.7239251740547                                 4.606444372756702E-5-1.0657096792543452E-4i
4250                                              4250                                              -45.65654151430435                                3.288618665792109E-5-9.895914383373228E-5i
4400                                              4400                                              -46.978853755493475                               2.1722735208673516E-5-8.68799594007097E-5i
4550                                              4550                                              -48.83914961996287                                1.3796445107516764E-5-7.096030429720734E-5i
4700                                              4700                                              -51.518719130281596                               1.0133717744775783E-5-5.212400125564898E-5i
4850                                              4850                                              -55.50250411444361                                1.1498596593551014E-5-3.153546593215317E-5i
5000                                              5000                                              -59.51493207299957                                1.8341637129382082E-5-1.0528593106018391E-5i
5150                                              5150                                              -55.86548104580429                                3.076688127912064E-5+9.474280231791532E-6i
5300                                              5300                                              -51.12696234759529                                4.851913935738361E-5+2.7049298808257127E-5i
5450                                              5450                                              -47.75380168633894                                7.099227708406985E-5+4.085874369197384E-5i
5600                                              5600                                              -45.25322187500386                                9.725817967282113E-5+4.973450768319676E-5i
5750                                              5750                                              -43.305015150824                                  1.2611490800867875E-4+5.275265709236976E-5i
5900                                              5900                                              -41.737101568328896                               1.561515107578737E-4+4.9294816830358634E-5i
6050                                              6050                                              -40.45038684136909                                1.8582623573110135E-4+3.909275529845324E-5i
6200                                              6200                                              -39.38355871951171                                2.1355357137864406E-4+2.2253341137146165E-5i
6350                                              6350                                              -38.49647201891814                                2.377958677172165E-4-7.379651225658534E-7i
6500                                              6500                                              -37.76171757215184                                2.5715394357445076E-4-2.903571855905618E-5i
6650                                              6650                                              -37.16002674773986                                2.7045155268606846E-4-6.147481632978735E-5i
6800                                              6800                                              -36.677615496546856                               2.7680844546246197E-4-9.663067463627772E-5i
6950                                              6950                                              -36.30460528411324                                2.756963014765579E-4-1.328959040292066E-4i
7100                                              7100                                              -36.03394317248083                                2.669780655008558E-4-1.6857029436678772E-4i
7250                                              7250                                              -35.86083951205657                                2.509192206890942E-4-2.019570806378601E-4i
7400                                              7400                                              -35.78226432113886                                2.2818049949097086E-4-2.3146255945372118E-4i
7550                                              7550                                              -35.796812999507544                               1.9977903552920173E-4-2.556878803851026E-4i
7700                                              7700                                              -35.9046092659807                                 1.6703124444561457E-4-2.735092901499092E-4i
7850                                              7850                                              -36.10635552912315                                1.314979101591507E-4-2.8417084836140916E-4i
8000                                              8000                                              -36.40689511696684                                9.481656135912342E-5-2.872266640362442E-4i
8150                                              8150                                              -36.81042134758722                                5.872041959847918E-5-2.827073728092211E-4i
8300                                              8300                                              -37.32404701316626                                2.486139591245662E-5-2.7102420351210466E-4i
8450                                              8450                                              -37.9577848024283                                 -5.2676344841628975E-6-2.5295694660643075E-4i
8600                                              8600                                              -38.72551414155295                                -3.041481365573251E-5-2.2960266911442595E-4i
8750                                              8750                                              -39.6464801397586                                 -4.9636629036842184E-5-2.0230777496044183E-4i
8900                                              8900                                              -40.74794720003081                                -6.234532551363525E-5-1.7258267021702522E-4i
9050                                              9050                                              -42.0703409405846                                 -6.833147146412255E-5-1.4199866835107322E-4i
9200                                              9200                                              -43.674890317178324                               -6.776684189113702E-5-1.1211501300212312E-4i
9350                                              9350                                              -45.66103899188988                                -6.118324581627643E-5-8.437871964861454E-5i
9500                                              9500                                              -48.206408419902154                               -4.9423929756375884E-5-6.002160566243031E-5i
9650                                              9650                                              -51.657795654576084                               -3.35869851550985E-5-4.003317240819371E-5i
9800                                              9800                                              -56.70874686999827                                -1.496124775046681E-5-2.5092334632770275E-5i
9950                                              9950                                              -61.76008874150378                                5.079425527965142E-6-1.5521491357861628E-5i
10100                                             10100                                             -57.21334551581367                                2.5142712307579806E-5-1.1299989807644906E-5i
10250                                             10250                                             -52.85254500778525                                4.3913631264713704E-5-1.2065546555972695E-5i
10400                                             10400                                             -50.08560986761195                                6.023164685248217E-5-1.714850405820645E-5i
10550                                             10550                                             -48.23258201859527                                7.316070694401988E-5-2.5622357887500335E-5i
10700                                             10700                                             -46.96056660400092                                8.20432125274162E-5-3.636973275789046E-5i
10850                                             10850                                             -46.104960770945844                               8.653593276902738E-5-4.815764472221318E-5i
11000                                             11000                                             -45.57875017536321                                8.662736573045171E-5-5.972145057675515E-5i
11150                                             11150                                             -45.33616940267311                                8.263284022241857E-5-6.98480100795873E-5i
11300                                             11300                                             -45.35737664574807                                7.516958403713803E-5-7.745603335429507E-5i
11450                                             11450                                             -45.642599663287065                               6.511353791660568E-5-8.166765615047478E-5i
11600                                             11600                                             -46.21222140753556                                5.3538325019253374E-5-8.186583736269348E-5i
11750                                             11750                                             -47.11249455085643                                4.164288336400146E-5-7.773572075542301E-5i
11900                                             11900                                             -48.43044833045202                                3.06714010562259E-5-6.928657999960564E-5i
12050                                             12050                                             -50.328390600354076                               2.1830018073043522E-5-5.6851945524072356E-5i
12200                                             12200                                             -53.12133983428956                                1.620686153536166E-5-4.107128030805818E-5i
12350                                             12350                                             -57.33900939114601                                1.4698314939665114E-5-2.2850252977768548E-5i
12500                                             12500                                             -60.79519089603907                                1.79484526817153E-5-3.3056279260534893E-6i
12650                                             12650                                             -56.20848390669023                                2.630303822770408E-5+1.6303703173625728E-5i
12800                                             12800                                             -51.57456009142393                                3.978280148003721E-5+3.4654155124824726E-5i
12950                                             12950                                             -48.29948442573186                                5.807655384781896E-5+5.0440557680109244E-5i
13100                                             13100                                             -45.855001275104044                               8.054988272010455E-5+6.245305684460245E-5i
13250                                             13250                                             -43.93931817808764                                1.0628218350311469E-4+6.965951625326205E-5i
13400                                             13400                                             -42.391055019879445                               1.341118930802132E-4+7.12674880848363E-5i
13550                                             13550                                             -41.11662411434281                                1.6270168996818102E-4+6.677887260242432E-5i
13700                                             13700                                             -40.057686829050354                               1.906129884522434E-4+5.6025765773459746E-5i
13850                                             13850                                             -39.175786831298836                               2.1638798990086805E-4+3.9187789519945504E-5i
14000                                             14000                                             -38.444539405249536                               2.38633078077366E-4+1.6790541620181898E-5i
14150                                             14150                                             -37.84528097823459                                2.561024788908517E-4-1.0317763751377385E-5i
14300                                             14300                                             -37.36462566869876                                2.677716711549927E-4-4.1008092690253406E-5i
14450                                             14450                                             -36.9929689113102                                 2.7289972285865494E-4-7.39293524011364E-5i
14600                                             14600                                             -36.723457638295955                               2.710791180593475E-4-1.0758219087037002E-4i
14750                                             14750                                             -36.55146660952501                                2.6226170815546457E-4-1.4040190683639597E-4i
14900                                             14900                                             -36.47416588615099                                2.467673334060616E-4-1.7084788467702783E-4i
15050                                             15050                                             -36.490318441385654                               2.2526930722471805E-4-1.974903420768337E-4i
15200                                             15200                                             -36.60017159894393                                1.98757690488105E-4-2.190944722588739E-4i
15350                                             15350                                             -36.80547322894669                                1.684834398742452E-4-2.3469111617813176E-4i
15500                                             15500                                             -37.10958449447232                                1.3588678671461185E-4-2.436321604550873E-4i
15650                                             15650                                             -37.517722745798714                               1.0251345013612134E-4-2.4562672367134386E-4i
15800                                             15800                                             -38.037376015652114                               6.992420899498697E-5-2.4075523012845323E-4i
15950                                             15950                                             -38.67899361457327                                3.9604902344614334E-5-2.2945934523777023E-4i
16100                                             16100                                             -39.45698327321351                                1.288139945598843E-5-2.1251249102838266E-4i
16250                                             16250                                             -40.39148506785672                                -9.154856882742646E-6-1.9096653415906495E-4i
16400                                             16400                                             -41.51113395575646                                -2.5704504922008375E-5-1.660861363750321E-4i
16550                                             16550                                             -42.858082648954095                               -3.630091915618472E-5-1.3926829940591468E-4i
16700                                             16700                                             -44.497322050742376                               -4.082722995812915E-5-1.1195725511037313E-4i
16850                                             16850                                             -46.535708659436395                               -3.951480525898887E-5-8.555780229746457E-5i
17000                                             17000                                             -49.1652589125561                                 -3.291687019135736E-5-6.135276195839978E-5i
17150                                             17150                                             -52.77207497387785                                -2.1866864610531334E-5-4.0430329671048426E-5i
17300                                             17300                                             -58.14468194303987                                -7.4193824876056524E-6-2.362494764507339E-5i
17450                                             17450                                             -62.66138962874734                                9.226111757021371E-6-1.1472134006429435E-5i
17600                                             17600                                             -57.355379394109576                               2.679232343733018E-5-4.191508105377828E-6i
17750                                             17750                                             -53.141840277402835                               4.401732752723486E-5-1.6752637312933416E-6i
17900                                             17900                                             -50.48210367671568                                5.972781614610456E-5-3.5089371146490578E-6i
18050                                             18050                                             -48.699080526061735                               7.291020812011384E-5-9.005309270615491E-6i
18200                                             18200                                             -47.477938303015904                               8.277459600675163E-5-1.725426641707717E-5i
18350                                             18350                                             -46.66325671571565                                8.879952329876595E-5-2.718735866136246E-5i
18500                                             18500                                             -46.17326426629656                                9.075880194542307E-5-3.764868990852044E-5i
18650                                             18650                                             -45.96486299351686                                8.873868919373473E-5-4.748274549914999E-5i
18800                                             18800                                             -46.02083469253107                                8.311969876390046E-5-5.559294103396617E-5i
18950                                             18950                                             -46.34361542072597                                7.45536500776911E-5-6.103252512767998E-5i
19100                                             19100                                             -46.95623175063769                                6.391715764603179E-5-6.305938467243699E-5i
19250                                             19250                                             -47.9088230105301                                 5.225080357751377E-5-6.118764572349278E-5i
19400                                             19400                                             -49.294689826563                                  4.0690244276719856E-5-5.5223581947982936E-5i
19550                                             19550                                             -51.28755516579619                                3.038767853591473E-5-4.528067057929519E-5i
19700                                             19700                                             -54.22171411501856                                2.243171441851377E-5-3.178035833095727E-5i
19850                                             19850                                             -58.585142370760835                               1.7768852054789175E-5-1.5437415844310465E-5i
20000                                             20000                                             -61.239654196595474                               1.711906493617743E-5+2.758752111531315E-6i
20150                                             20150                                             -56.48286693430109                                2.0867344757757866E-5+2.153095651125092E-5i
20300                                             20300                                             -52.299062212224655                               2.8783504526230796E-5+3.90818774892443E-5i
20450                                             20450                                             -49.983550877686895                               3.796056288019045E-5+5.073632421337404E-5i
20600                                             20600                                             -41.689651946358495                               1.0028466037387274E-4+1.3057878692757097E-4i
20750                                             20750                                             -43.42790929532087                                9.429977914610088E-5+9.630139962268913E-5i
20900                                             20900                                             -42.30489284844896                                1.170412949242916E-4+9.913909580883118E-5i
21050                                             21050                                             -41.20769870757262                                1.4326120891494654E-4+9.882098797719951E-5i
21200                                             21200                                             -40.25001000643664                                1.7046834718487114E-4+9.328928476737275E-5i
21350                                             21350                                             -39.43542957616444                                1.970205205848452E-4+8.207264897885924E-5i
21500                                             21500                                             -38.75296197918787                                2.2146016010593517E-4+6.526781438986884E-5i
21650                                             21650                                             -38.19108485830831                                2.424595284462594E-4+4.336168146945596E-5i
21800                                             21800                                             -37.74021424991038                                2.5886119260865037E-4+1.7161731866499608E-5i
21950                                             21950                                             -37.39293058408669                                2.697336915751247E-4-1.2261742321717506E-5i
22100                                             22100                                             -37.143813348001736                               2.74420578039114E-4-4.3637756237169256E-5i
22250                                             22250                                             -36.9891697098149                                 2.7257946219860774E-4-7.556590824531195E-5i
22400                                             22400                                             -36.926850814207064                               2.64202765961119E-4-1.0659756870290416E-4i
22550                                             22550                                             -36.95613351102571                                2.4962148731350053E-4-1.3531380971765206E-4i
22700                                             22700                                             -37.07769020530822                                2.294888401613293E-4-1.6040680383866412E-4i
22850                                             22850                                             -37.29365588296033                                2.0474373728684991E-4-1.807550041337258E-4i
23000                                             23000                                             -37.607734672544396                               1.7656034200080883E-4-1.9548603485441962E-4i
23150                                             23150                                             -38.02552438525222                                1.4627843672931906E-4-2.040265903997529E-4i
23300                                             23300                                             -38.5549213216419                                 1.1532908489841898E-4-2.0613267380864553E-4i
23450                                             23450                                             -39.206859272671394                               8.515175233331229E-5-2.0190062374236817E-4i
23600                                             23600                                             -39.99637213830547                                5.711117065648752E-5-1.9175959425077327E-4i
23750                                             23750                                             -40.944470958935426                               3.242012811771611E-5-1.7643957969826207E-4i
23900                                             23900                                             -42.08106102976025                                1.2072511956284782E-5-1.5692623981844456E-4i
24050                                             24050                                             -43.45033470439992                                -3.210013587384708E-6-1.3439695192374312E-4i
24200                                             24200                                             -45.12084792689028                                -1.3015697683471661E-5-1.1014797669228749E-4i
24350                                             24350                                             -47.20650649394287                                -1.725404171015743E-5-8.551450524318938E-5i
24500                                             24500                                             -49.914510605979665                               -1.615952214228944E-5-6.17931110051817E-5i
24650                                             24650                                             -53.66962349942254                                -1.0262293318463733E-5-4.016192226030668E-5i
24800                                             24800                                             -59.323903267382306                               -3.5089780137109727E-7-2.1616113805800197E-5i
24950                                             24950                                             -62.87921671771006                                1.2584134576776318E-5-6.9114534115843895E-6i
25100                                             25100                                             -57.19079943989521                                2.7417846121480238E-5+3.47309743076174E-6i
25250                                             25250                                             -53.157713983516395                               4.2961320002254944E-5+9.358287202942961E-6i
25400                                             25400                                             -50.596322177859356                               5.804058520231248E-5+1.0867215848642253E-5i
25550                                             25550                                             -48.86660100627281                                7.156855618928315E-5+8.409600080749868E-6i
25700                                             25700                                             -47.67519074303995                                8.261284869881536E-5+2.6472713215985877E-6i
25850                                             25850                                             -46.87599021514715                                9.045114077410599E-5-5.551449565932565E-6i
26000                                             26000                                             -46.391088545756006                               9.46150921642408E-5-1.5174884688495816E-5i
26150                                             26150                                             -46.179319899074926                               9.491770594133309E-5-2.5134846073693318E-5i
26300                                             26300                                             -46.223159950213166                               9.145984766817383E-5-3.4342311891255584E-5i
26450                                             26450                                             -46.523515993523795                               8.462213296944743E-5-4.17806375830887E-5i
26600                                             26600                                             -47.099590438065995                               7.503768314243153E-5-4.657746304437271E-5i
26750                                             26750                                             -47.99316737761875                                6.354733153196568E-5-4.80758892901223E-5i
26900                                             26900                                             -49.2788685920748                                 5.113651022764509E-5-4.5908278073159003E-5i
27050                                             27050                                             -51.07906331670061                                3.883830551537626E-5-4.014448046985031E-5i
27200                                             27200                                             -53.53772963722983                                2.7337514818814856E-5-3.1999054724174414E-5i
27350                                             27350                                             -46.483835209158414                               3.8022736888743136E-5+8.684784938739476E-5i
27500                                             27500                                             -61.208440651080295                               1.3430944225012453E-5+1.10657856524643E-5i
27650                                             27650                                             -56.589492564280015                               1.3067259367893769E-5+2.6579525896686107E-5i
27800                                             27800                                             -52.3213669514302                                 1.6558660528243063E-5+4.549313775270569E-5i
27950                                             27950                                             -49.19753947132277                                2.4748648968675457E-5+6.480190964153199E-5i
28100                                             28100                                             -46.82838675725654                                3.765699708169201E-5+8.297402139589849E-5i
28250                                             28250                                             -44.95834951160562                                5.4963912209160526E-5+9.87419481905949E-5i
28400                                             28400                                             -43.44190814536758                                7.606408319099645E-5+1.1100540828279382E-4i
28550                                             28550                                             -42.192041155192555                               1.0010330945425805E-4+1.188525187174605E-4i
28700                                             28700                                             -41.15338694391822                                1.2603052322163188E-4+1.2160114453807491E-4i
28850                                             28850                                             -40.288923062470765                               1.5265434976841075E-4+1.1883667727496938E-4i
29000                                             29000                                             -39.57319904624413                                1.7870222336430208E-4+1.1043614095984644E-4i
29150                                             29150                                             -38.98802136887254                                2.0290221795293828E-4+9.657531749163173E-5i
29300                                             29300                                             -38.5202448197635                                 2.2404679495019453E-4+7.772878661094218E-5i
29450                                             29450                                             -38.16048027450479                                2.4106092498799025E-4+5.463987528675496E-5i
29600                                             29600                                             -37.90201114262586                                2.5306550412101947E-4+2.8288163335776773E-5i
29750                                             29750                                             -37.74035697511811                                2.594251394424374E-4-1.6521131029900715E-7i
29900                                             29900                                             -37.67285477095505                                2.5978652912600486E-4-2.9438487140542868E-5i
30050                                             30050                                             -37.698436281837914                               2.541007288394681E-4-5.8198185968749705E-5i
30200                                             30200                                             -37.817531706457814                               2.4262715439138383E-4-8.513578544633305E-5i
30350                                             30350                                             -38.03221256355942                                2.2591842317548627E-4-1.0903262569261774E-4i
30500                                             30500                                             -38.34617223823293                                2.0479325756095346E-4-1.2883470184443802E-4i
30650                                             30650                                             -38.765104249186884                               1.8028845040274355E-4-1.4370713607392283E-4i
30800                                             30800                                             -39.297092247151525                               1.536007220974689E-4-1.5308231869926026E-4i
30950                                             30950                                             -39.95337727709285                                1.2601931722150406E-4-1.5668712783256655E-4i
31100                                             31100                                             -40.74951058569201                                9.884924178166221E-5-1.5455881085313372E-4i
31250                                             31250                                             -41.70717582817257                                7.334241050482859E-5-1.4703592478593208E-4i
31400                                             31400                                             -42.85749959512303                                5.061755423074743E-5-1.347370037584339E-4i
31550                                             31550                                             -44.24648265900374                                3.160715947247983E-5-1.1851862371514699E-4i
31700                                             31700                                             -45.94592684561854                                1.7000708601278003E-5-9.942033843757248E-5i
31850                                             31850                                             -48.075840527095124                               7.210731990670016E-6-7.859918355468398E-5i
32000                                             32000                                             -50.856284450208584                               2.3568037103016692E-6-5.725958626368044E-5i
32150                                             32150                                             -54.73991475756547                                2.2624581502705965E-6-3.6576742603822154E-5i
32300                                             32300                                             -60.54543448985457                                6.477921158265509E-6-1.763027968193498E-5i
32450                                             32450                                             -62.869456126263195                               1.431101545112945E-5-1.3368824691717407E-6i
32600                                             32600                                             -57.24935827767031                                2.487989180788297E-5+1.1600084498519792E-5i
32750                                             32750                                             -53.44066184355797                                3.717082110749059E-5+2.0727863405012315E-5i
32900                                             32900                                             -50.996512982387216                               5.0106406335403975E-5+2.5869153855939686E-5i
33050                                             33050                                             -49.33987870249794                                6.261659833950439E-5+2.7125555975726634E-5i
33200                                             33200                                             -48.20253929444178                                7.370597969602599E-5+2.486231493281643E-5i
33350                                             33350                                             -47.44909056000418                                8.251971362827071E-5+1.968470118118848E-5i
33500                                             33500                                             -47.00794021202359                                8.83908850066728E-5+1.2390410612628244E-5i
33650                                             33650                                             -46.842062672030515                               9.089172273307744E-5+3.91512852493392E-6i
33800                                             33800                                             -46.93805447342757                                8.985170172332024E-5-4.730144245734813E-6i
33950                                             33950                                             -47.30186090313509                                8.53708547179366E-5-1.2528960900870523E-5i
34100                                             34100                                             -47.960290943252545                               7.781192996580977E-5-1.8523149095783786E-5i
34250                                             34250                                             -48.96825234707223                                6.777696581194981E-5-2.1884497993895913E-5i
34400                                             34400                                             -50.42657874812136                                5.6065926207604644E-5-2.19635491431891E-5i
34550                                             34550                                             -52.51859559632117                                4.362883106007187E-5-1.8337929868494918E-5i
34700                                             34700                                             -55.568506971766006                               3.1497392292745285E-5-1.0845448524476886E-5i
34850                                             34850                                             -59.68815839426037                                2.0727059776959322E-5+4.086131089042766E-7i
35000                                             35000                                             -60.243920242084926                               1.231736415208129E-5+1.5047787326638584E-5i
35150                                             35150                                             -55.58979030359453                                7.16067467843029E-6+3.245010322083797E-5i
35300                                             35300                                             -51.68073668076032                                5.966405460466895E-6+5.177601500983009E-5i
35450                                             35450                                             -48.80034395214879                                9.22443285494845E-6+7.202443471876485E-5i
35600                                             35600                                             -46.58816322275263                                1.7166201784213353E-5+9.2088282021896E-5i
35750                                             35750                                             -44.826018003531715                               2.9746842091227244E-5+1.1082083271485299E-4i
35900                                             35900                                             -43.38883126340558                                4.663902329915537E-5+1.2710393105164197E-4i
36050                                             36050                                             -42.200691693105256                               6.724788565681816E-5+1.399152131812409E-4i
36200                                             36200                                             -41.21285581547535                                9.07379441822398E-5+1.4839151198731138E-4i
36350                                             36350                                             -40.39303184783718                                1.1607137424868297E-4+1.5187642551806046E-4i
36500                                             36500                                             -39.71925338093167                                1.4205630610769626E-4+1.4997061694355107E-4i
36650                                             36650                                             -39.17772654817738                                1.6738494429663353E-4+1.4254869758068E-4i
36800                                             36800                                             -38.76244189100125                                1.9063870256980087E-4+1.2978885711534272E-4i
36950                                             36950                                             -38.481780229597604                               2.1012767005623711E-4+1.1218467055129633E-4i
37100                                             37100                                             -38.4054869737153                                 2.225293138560236E-4+9.069340324274755E-5i
37250                                             37250                                             -40.25025963067851                                1.7889141582927426E-4+7.588174313422069E-5i
37400                                             37400                                             -37.314937122093454                               2.700817617484752E-4+3.582721064454564E-5i
37550                                             37550                                             -37.636294399870785                               2.624362942894032E-4+7.792728273670058E-6i
37700                                             37700                                             -37.847404952174195                               2.5544900244905966E-4-2.0214400279328082E-5i
37850                                             37850                                             -38.10935181037252                                2.4420338251190943E-4-4.6734478509224964E-5i
38000                                             38000                                             -38.453147378137345                               2.2833896588264624E-4-7.053841947413098E-5i
38150                                             38150                                             -38.89310943509714                                2.083431010110881E-4-9.05812191851485E-5i
38300                                             38300                                             -39.44100663753147                                1.8507423163183212E-4-1.0602864687891955E-4i
38450                                             38450                                             -40.10988850032017                                1.5960744965004547E-4-1.1630154256658809E-4i
38600                                             38600                                             -40.916304535605896                               1.3313659720576299E-4-1.2110339777160473E-4i
38750                                             38750                                             -41.88264552860129                                1.0688681518972176E-4-1.2043581744958232E-4i
38900                                             38900                                             -43.040068833903575                               8.2049048595767E-5-1.145920226438557E-4i
39050                                             39050                                             -44.43451779581996                                5.968950169427112E-5-1.0414083288801113E-4i
39200                                             39200                                             -46.13606457537247                                4.069610243878641E-5-8.989695874050962E-5i
39350                                             39350                                             -48.25824813370044                                2.5683687384536746E-5-7.289674199051355E-5i
39500                                             39500                                             -50.98953552776098                                1.483076315084153E-5-5.4452056683196304E-5i
39650                                             39650                                             -54.44734152173007                                5.966780453670051E-6-3.7429458673243765E-5i
39800                                             39800                                             -61.51346460099912                                1.4232719862117271E-5-8.92924464257483E-6i
39950                                             39950                                             -62.28393553880671                                1.45226464289272E-5+5.050055870481351E-6i
40100                                             40100                                             -56.9785113219988                                 2.051776778611014E-5+1.9521395977828426E-5i
40250                                             40250                                             -53.35983311717339                                2.9497868777317304E-5+3.122846368153187E-5i
40400                                             40400                                             -50.99876325275109                                4.026699791664923E-5+3.945613710110152E-5i
40550                                             40550                                             -49.38707061491964                                5.172280363718862E-5+4.39438177615159E-5i
40700                                             40700                                             -48.278202365008426                               6.280099332900413E-5+4.4746380341686987E-5i
40850                                             40850                                             -47.545480138316385                               7.251705574795597E-5+4.2193518848376854E-5i
41000                                             41000                                             -47.12100623006564                                8.00207060927538E-5+3.68569064924662E-5i
41150                                             41150                                             -46.9701413750051                                 8.464976619743103E-5+2.9504689983861354E-5i
41300                                             41300                                             -47.081168813273095                               8.596658051962525E-5+2.104797572943795E-5i
41450                                             41450                                             -47.461311105379586                               8.379166187982845E-5+1.2478980830121778E-5i
41600                                             41600                                             -48.1390502663003                                 7.820958392884547E-5+4.80327450991247E-6i
41750                                             41750                                             -49.171553809119935                               6.956725448936663E-5-1.0283221728579761E-6i
41900                                             41900                                             -50.66261295516082                                5.845079753269422E-5-4.182302705935115E-6i
42050                                             42050                                             -52.798850224174664                               4.564850258365061E-5-3.9999860561579226E-6i
42200                                             42200                                             -55.89073158418877                                3.209910721441167E-5-4.687588583962565E-8i
42350                                             42350                                             -59.82407145916562                                1.8834401773026865E-5+7.86139941011399E-6i
42500                                             42500                                             -59.65159717227688                                6.911170481294082E-6+1.9637898727498104E-5i
42650                                             42650                                             -55.13240452071295                                -2.660048098124257E-6+3.492640044500117E-5i
42800                                             42800                                             -51.3928221872661                                 -8.975821178647259E-6+5.312223345865785E-5i
42950                                             42950                                             -48.60434541311017                                -1.1309603003106794E-5+7.340373305297909E-5i
43100                                             43100                                             -46.445877753448855                               -9.155011010009151E-6+9.478061683332317E-5i
43250                                             43250                                             -44.71797702098175                                -2.2735106395277427E-6+1.1615769198158876E-4i
43400                                             43400                                             -43.30388054072746                                9.274936914549503E-6+1.364062729287685E-4i
43550                                             43550                                             -42.131832185776446                               2.5094005370429606E-5+1.5444732207636758E-4i
43700                                             43700                                             -41.155298575485595                               4.4351718084867375E-5+1.693811057343897E-4i
43850                                             43850                                             -40.342443435360124                               6.524423908449428E-5+1.8085992332028678E-4i
44000                                             44000                                             -39.642710685373615                               7.749589612449093E-5+1.9345360018785396E-4i
44150                                             44150                                             -38.998935390225185                               1.4298830759895687E-4+1.7298469922299997E-4i
44300                                             44300                                             -38.6463536012529                                 1.5695587083991436E-4+1.7318784097020146E-4i
44450                                             44450                                             -38.325088946902945                               1.7940714880509967E-4+1.6320725109375545E-4i
44600                                             44600                                             -38.09538089759272                                2.0068223760816295E-4+1.4746264410581134E-4i
44750                                             44750                                             -37.95830658109764                                2.187542276214649E-4+1.2709784481523823E-4i
44900                                             44900                                             -37.91277184078139                                2.3247623876665457E-4+1.0313439854370277E-4i
45050                                             45050                                             -37.95854824231806                                2.4108255636495768E-4+7.670015461813673E-5i
45200                                             45200                                             -38.09658831879978                                2.4412895624714714E-4+4.9014331261920674E-5i
45350                                             45350                                             -38.32936143012329                                2.414750508112351E-4+2.1342234819865524E-5i
45500                                             45500                                             -38.66099885403172                                2.3328023334151515E-4-5.059295582698908E-6i
45650                                             45650                                             -39.09765657136137                                2.1998903992681562E-4-2.901954780565319E-5i
45800                                             45800                                             -39.648013213761054                               2.0230274000776483E-4-4.95026993007075E-5i
45950                                             45950                                             -40.3240437124112                                 1.811383883604245E-4-6.567311049110458E-5i
46100                                             46100                                             -41.14231333009312                                1.575746704395864E-4-7.693541245146207E-5i
46250                                             46250                                             -42.12590717703873                                1.32793944982057E-4-8.296311267652623E-5i
46400                                             46400                                             -43.30821820179609                                1.080047957036645E-4-8.371976601095898E-5i
46550                                             46550                                             -44.73881810391596                                8.438325516024747E-5-7.945203611547935E-5i
46700                                             46700                                             -46.495661919927834                               6.299897911077323E-5-7.067504869417984E-5i
46850                                             46850                                             -48.710897143366374                               4.475559773525761E-5-5.813145378019691E-5i
47000                                             47000                                             -51.62936746026185                                3.034340372126687E-5-4.275455437086073E-5i
47150                                             47150                                             -55.75557015991694                                2.0194453750510544E-5-2.5595114827581256E-5i
47300                                             47300                                             -61.71089914463923                                1.4471714881059139E-5-7.766905735784313E-6i
47450                                             47450                                             -61.81809771718561                                1.305596761808081E-5+9.629127468824272E-6i
47600                                             47600                                             -56.49618981604081                                1.556809672270676E-5+2.557164056216088E-5i
47750                                             47750                                             -53.02653126977007                                2.1386019002422874E-5+3.918133925806533E-5i
47900                                             47900                                             -50.75772223992427                                2.970197010609965E-5+4.9773431450295114E-5i
48050                                             48050                                             -49.205180834939654                               3.957005678750791E-5+5.689933997110597E-5i
48200                                             48200                                             -48.137693294961814                               4.9972544040099987E-5+6.036947917442692E-5i
48350                                             48350                                             -47.43617824442279                                5.9888310233569E-5+6.026450544871498E-5i
48500                                             48500                                             -47.036838130169365                               6.835962071127799E-5+5.692627006625983E-5i
48650                                             48650                                             -46.908036306554465                               7.455344180706813E-5+5.0927769546293966E-5i
48800                                             48800                                             -47.03948068340477                                7.78205090138373E-5+4.3044077347786924E-5i
48950                                             48950                                             -47.44026633012617                                7.773507733593865E-5+3.418898141105409E-5i
49100                                             49100                                             -48.14024974666273                                7.41289670302403E-5+2.535766526778893E-5i
49250                                             49250                                             -49.198743245735116                               6.709706974850072E-5+1.7562255215874956E-5i
49400                                             49400                                             -50.72228589871497                                5.6998594581691986E-5+1.1759532178579057E-5i
49550                                             49550                                             -52.899208440934245                               4.4435466287184866E-5+8.792542802393832E-6i
49700                                             49700                                             -56.02064021901623                                3.0217082444050636E-5+9.323017101436903E-6i
49850                                             49850                                             -59.7427089135376                                 1.5304232323154476E-5+1.3791079916614102E-5i
50000                                             50000                                             -59.018683791951304                               7.573110842873376E-7+2.237934064641678E-5i
50150                                             50150                                             -54.631572093322106                               -1.234014239659409E-5+3.499460096834106E-5i
50300                                             50300                                             -51.03080872182741                                -2.2940410258576183E-5+5.1269781662699465E-5i
50450                                             50450                                             -48.3207254349426                                 -3.011213201042917E-5+7.057992541559255E-5i
50600                                             50600                                             -46.21021379949569                                -3.3090166548621625E-5+9.207514665410255E-5i
50750                                             50750                                             -44.514626618200374                               -3.133425694135106E-5+1.1473003628048595E-4i
50900                                             50900                                             -43.12409064214584                                -2.4564861494158485E-5+1.374021382937185E-4i
51050                                             51050                                             -41.97008637101813                                -1.2784720367364777E-5+1.5890022905695744E-4i
51200                                             51200                                             -41.00775500204587                                3.715571079587754E-6+1.7805234817791504E-4i
51350                                             51350                                             -40.206381085940784                               2.4368596599488868E-5+1.937776802293234E-4i
51500                                             51500                                             -39.54438805371452                                4.836339632457998E-5+2.0514712408448155E-4i
51650                                             51650                                             -39.00608102788695                                7.46835352052333E-5+2.1144485111790345E-4i
51800                                             51800                                             -38.58025134638188                                1.0216703977639074E-4+2.12200185935707E-4i
51950                                             51950                                             -38.25864762122063                                1.2956615444231767E-4+2.0722689244634385E-4i
52100                                             52100                                             -38.03546139897078                                1.5561978639266894E-4+1.966282608627523E-4i
52250                                             52250                                             -37.90686411423393                                1.791210778503416E-4+1.8079157107175892E-4i
52400                                             52400                                             -37.87072666827095                                1.9898229268627832E-4+1.6036582003631228E-4i
52550                                             52550                                             -37.92629508615356                                2.1429750124979385E-4+1.3622551416592188E-4i
52700                                             52700                                             -38.074235015315416                               2.2439507261434732E-4+1.093990372450504E-4i
52850                                             52850                                             -38.316332198132166                               2.2887640808105791E-4+8.098054182537062E-5i
53000                                             53000                                             -38.654436843999264                               2.2766857658151896E-4+5.1909630123692097E-5i
53150                                             53150                                             -39.08254751737695                                2.2118928387465653E-4+2.2004701436206808E-5i
53300                                             53300                                             -39.28061554563793                                2.1406644424226684E-4-3.7171113217437934E-5i
53450                                             53450                                             -40.54314735778729                                1.8784604725219367E-4-3.386575420760707E-6i
53600                                             53600                                             -41.512905227934354                               1.6673909506137452E-4-2.078179313880213E-5i
53750                                             53750                                             -41.97050178261709                                1.512684490964089E-4-5.028078672220104E-5i
53900                                             53900                                             -43.34721603427602                                1.2513554080501033E-4-5.3368503087125596E-5i
54050                                             54050                                             -44.84359787954123                                1.006726445439976E-4-5.45707114258942E-5i
54200                                             54200                                             -46.65918102335398                                7.75274242512114E-5-5.1206482765797645E-5i
54350                                             54350                                             -48.94675809274474                                5.662300687764299E-5-4.349311896711949E-5i
54500                                             54500                                             -51.96915634801837                                3.8854557405709755E-5-3.212694845067254E-5i
54650                                             54650                                             -56.23844414320489                                2.498301989800611E-5-1.8081081078258343E-5i
54800                                             54800                                             -61.92623841951026                                1.578489656933746E-5-2.7464735609106228E-6i
54950                                             54950                                             -63.83386089597436                                1.2406014285482048E-5+3.397576478048059E-6i
55100                                             55100                                             -55.65499839177449                                3.4894344888014572E-6+3.279712859716177E-5i
55250                                             55250                                             -52.43856987388274                                7.618632938632963E-6+4.715256792975353E-5i
55400                                             55400                                             -50.31281207236375                                1.364744410198293E-5+5.946232394693496E-5i
55550                                             55550                                             -48.8427651182753                                 2.1761744491810564E-5+6.89041694941217E-5i
55700                                             55700                                             -47.823741547404595                               3.110722983556968E-5+7.506328718642763E-5i
55850                                             55850                                             -47.12810674237217                                4.0292396549956866E-5+7.826613582573305E-5i
56000                                             56000                                             -47.00340151254026                                5.556087036884261E-5+6.991273429168832E-5i
56150                                             56150                                             -46.763541692583416                               5.9452841440432724E-5+6.994995827258599E-5i
56300                                             56300                                             -46.9039624876483                                 6.435910973850989E-5+6.338303142372492E-5i
56450                                             56450                                             -47.323078380121686                               6.643558824753759E-5+5.472828943942076E-5i
56600                                             56600                                             -48.04556618962451                                6.509301818574675E-5+4.512543248669232E-5i
56750                                             56750                                             -49.13090996480021                                6.01319933511979E-5+3.564152245338903E-5i
56900                                             56900                                             -50.687523622130115                               5.164923428829793E-5+2.7325873878880635E-5i
57050                                             57050                                             -52.90435176503927                                4.001511200585339E-5+2.1170303842743543E-5i
57200                                             57200                                             -56.04778278108898                                2.5853319345514603E-5+1.8037913944723982E-5i
57350                                             57350                                             -59.52225931526488                                1.0001494998634897E-5+1.861405513514658E-5i
57500                                             57500                                             -58.32559003902765                                -6.544730582480618E-6+2.3352386452346607E-5i
57650                                             57650                                             -54.06973726712351                                -2.2690279780301914E-5+3.243784072359812E-5i
57800                                             57800                                             -50.59538717438833                                -3.730475312202497E-5+4.5781132242739275E-5i
57950                                             57950                                             -47.958592590060114                               -4.930928445390226E-5+6.299920936114756E-5i
58100                                             58100                                             -45.893726915781976                               -5.772523090574744E-5+8.345203782045285E-5i
58250                                             58250                                             -44.22930661947018                                -6.175728417129323E-5+1.0626070279984301E-4i
58400                                             58400                                             -42.86167075407757                                -6.083435954185035E-5+1.3036675367783523E-4i
58550                                             58550                                             -41.725779058034114                               -5.4652895227047527E-5+1.5458437995752305E-4i
58700                                             58700                                             -40.778380138556145                               -4.320712139027627E-5+1.7767873951102242E-4i
58850                                             58850                                             -39.989959082190666                               -2.6780488587729856E-5+1.9843233781724479E-4i
59000                                             59000                                             -39.3397167080392                                 -5.9425327622042445E-6+2.1571454525692868E-4i
59150                                             59150                                             -38.81249639474839                                1.848182074154492E-5+2.2855455318449014E-4i
59300                                             59300                                             -38.39765730378676                                4.546700252994196E-5+2.3618115763279768E-4i
59450                                             59450                                             -38.087764469643986                               7.385685895311411E-5+2.3806011142879502E-4i
59600                                             59600                                             -37.87959325245397                                1.0250045913140493E-4+2.3381959129609164E-4i
59750                                             59750                                             -37.79522233657745                                1.3149617438035222E-4+2.217324985460678E-4i
59900                                             59900                                             -37.68415321450352                                1.5156540856475775E-4+2.1261700715802245E-4i
60050                                             60050                                             -37.770432410424334                               1.7376579917682822E-4+1.9142209009370692E-4i
60200                                             60200                                             -37.93303474014968                                1.905416394829551E-4+1.675550823345695E-4i
60350                                             60350                                             -38.18838645693798                                2.0194665313116866E-4+1.4114571721335345E-4i
60500                                             60500                                             -38.542601853589645                               2.0764494230823827E-4+1.1328522070797042E-4i
60650                                             60650                                             -39.00256672560476                                2.075225641464118E-4+8.521531032501528E-5i
60800                                             60800                                             -39.577549896031876                               2.0174493644797842E-4+5.818434213378243E-5i
60950                                             60950                                             -40.28028688125585                                1.907511400184303E-4+3.3376723098554884E-5i
61100                                             61100                                             -41.1282672921487                                 1.7523834764887614E-4+1.183069934973524E-5i
61250                                             61250                                             -42.146032122610734                               1.561165301937617E-4-5.602758290423893E-6i
61400                                             61400                                             -43.369119148417894                               1.3445528421396347E-4-1.832413447322434E-5i
61550                                             61550                                             -44.85082792092175                                1.1142432916072531E-4-2.5995207047602165E-5i
61700                                             61700                                             -46.67586837496714                                8.82228379273653E-5-2.8569738140360457E-5i
61850                                             61850                                             -48.989160195899906                               6.601160948349616E-5-2.6282192731819087E-5i
62000                                             62000                                             -52.063070249307934                               4.584679052438423E-5-1.963450579622883E-5i
62150                                             62150                                             -56.44577486714751                                2.8621048270005556E-5-9.358153243210765E-6i
62300                                             62300                                             -62.24723977062376                                1.5006880050016935E-5+3.6345412122162912E-6i
62450                                             62450                                             -60.40182650152435                                5.42696075167548E-6+1.8308441772751927E-5i
62600                                             62600                                             -55.50131052900997                                2.917483188369374E-8+3.357100210077402E-5i
62750                                             62750                                             -52.33069266336774                                -1.3142835456614321E-6+4.834314789692318E-5i
62900                                             62900                                             -50.22429166705213                                1.0053745549964965E-6+6.162509820784035E-5i
63050                                             63050                                             -48.77268667376573                                6.362129942261152E-6+7.256595267646215E-5i
63200                                             63200                                             -47.775700653975875                               1.39362816903299E-5+8.050698237249687E-5i
63350                                             63350                                             -47.12817875458527                                2.2780604710115337E-5+8.502929375453494E-5i
63500                                             63500                                             -46.773618770585955                               3.187386037700746E-5+8.597768191709321E-5i
63650                                             63650                                             -46.68451365557277                                4.0197768872984874E-5+8.34657827278873E-5i
63800                                             63800                                             -46.85380841079347                                4.679866381140929E-5+7.78727434982418E-5i
63950                                             63950                                             -47.29304172160148                                5.0857732032116854E-5+6.981248433801657E-5i
64100                                             64100                                             -48.03483808185153                                5.1742477807426024E-5+6.009690196584483E-5i
64250                                             64250                                             -49.141563490850764                               4.9052171259000854E-5+4.9679853330153456E-5i
64400                                             64400                                             -50.72283445815856                                4.264970807810187E-5+3.9594203864457E-5i
64550                                             64550                                             -52.96451645412088                                3.266902079146483E-5+3.08857683860575E-5i
64700                                             64700                                             -56.09370298737397                                1.9519709899218363E-5+2.4541580986747746E-5i
64850                                             64850                                             -59.262610005403616                               3.856703920723792E-6+2.14277477204039E-5i
65000                                             65000                                             -57.73101885503249                                -1.3452244455480766E-5+2.221486172959697E-5i
65150                                             65150                                             -53.63413428942262                                -3.137547008402741E-5+2.7349103167595423E-5i
65300                                             65300                                             -50.280668826772015                               -4.879143558012E-5+3.7000896428995844E-5i
65450                                             65450                                             -47.71352679837457                                -6.453944739881479E-5+5.105398559956953E-5i
65600                                             65600                                             -45.69270852749042                                -7.751778421438704E-5+6.910298874518439E-5i
65750                                             65750                                             -44.06028436594571                                -8.671989833108906E-5+9.046783021571247E-5i
65900                                             65900                                             -42.71827898710897                                -9.13386901276736E-5+1.1422912580272282E-4i
66050                                             66050                                             -41.60512502052153                                -9.078794947470215E-5+1.3927724043738543E-4i
66200                                             66200                                             -40.68063621144881                                -8.475665303731006E-5+1.6435926561453318E-4i
66350                                             66350                                             -39.917858300476425                               -7.322864500036719E-5+1.8815238116987043E-4i
66500                                             66500                                             -39.300685628600384                               -5.64741953933412E-5+2.0928246154250374E-4i
66650                                             66650                                             -38.824908276469806                               -3.501155650564858E-5+2.2628057781171051E-4i
66800                                             66800                                             -38.51814270700964                                -9.463378350837992E-6+2.3701561731415133E-4i
66950                                             66950                                             -38.71673158664281                                2.046978820074985E-5+2.3093727059975144E-4i
67100                                             67100                                             -37.018831762662224                               3.74244753280073E-5+2.7940039070384337E-4i
67250                                             67250                                             -37.404918853203824                               7.260543248921447E-5+2.5968074994153767E-4i
67400                                             67400                                             -37.49483361865558                                1.0206237965770804E-4+2.4657476612743867E-4i
67550                                             67550                                             -37.64267767165579                                1.3032768553716823E-4+2.2769933088884198E-4i
67700                                             67700                                             -37.50571723409727                                1.273528028664095E-4+2.341342810407987E-4i
67850                                             67850                                             -38.01069698942037                                1.6176084824959247E-4+1.9254401969837076E-4i
68000                                             68000                                             -38.40203015930934                                1.7527734532468697E-4+1.645248366257679E-4i
68150                                             68150                                             -38.8846760111924                                 1.822093723284346E-4+1.360583342160382E-4i
68300                                             68300                                             -39.47758684047358                                1.8307013439328168E-4+1.07695330520019E-4i
68450                                             68450                                             -40.19290886982324                                1.782390018241209E-4+8.057905949188093E-5i
68600                                             68600                                             -41.039140935514055                               1.6835937963666225E-4+5.606405993030528E-5i
68750                                             68750                                             -41.60057433141048                                1.6024726227803487E-4+4.461383610621095E-5i
68900                                             68900                                             -43.43483594131962                                1.339163092192175E-4+1.4278626762287416E-5i
69050                                             69050                                             -44.916808991704116                               1.1353292474786114E-4+2.0051062431525324E-6i
69200                                             69200                                             -46.77249786347659                                9.152617110202987E-5-5.7649947992066686E-6i
69350                                             69350                                             -49.13766788968043                                6.931051324610138E-5-8.638876358602054E-6i
69500                                             69500                                             -52.29671444219039                                4.807127695577451E-5-6.805110834950945E-6i
69650                                             69650                                             -56.81713760225946                                2.8841651967093096E-5-7.656706119130163E-7i
69800                                             69800                                             -62.42990808277236                                1.235049450210024E-5+8.721328932481676E-6i
69950                                             69950                                             -59.584467725139056                               4.0394066641580295E-7+2.0976165365671484E-5i
70100                                             70100                                             -54.99545351950911                                -8.64778805276245E-6+3.451741171334177E-5i
70250                                             70250                                             -51.976323442684844                               -1.3384772264757316E-5+4.856412314335756E-5i
70400                                             70400                                             -49.95194885196778                                -1.4173269992590054E-5+6.199694265407452E-5i
70550                                             70550                                             -48.552491838499535                               -1.145018643466944E-5+7.38319905840834E-5i
70700                                             70700                                             -47.59232667845058                                -5.872076977830876E-6+8.324070278464824E-5i
70850                                             70850                                             -46.97366615467607                                1.7271349544989434E-6+8.959133388963814E-5i
71000                                             71000                                             -46.64336498969397                                1.0384063897916906E-5+9.250011858319418E-5i
71150                                             71150                                             -46.576998330550474                               1.9080685394523567E-5+9.183379185828677E-5i
71300                                             71300                                             -46.77145622432006                                2.681309680058197E-5+8.77117461730581E-5i
71450                                             71450                                             -47.30036180838651                                3.2955645613841344E-5+7.975997415232694E-5i
71600                                             71600                                             -47.95466621992142                                3.542255726296517E-5+7.177281767034582E-5i
71750                                             71750                                             -49.094744682212806                               3.517399118108111E-5+6.0743920968775456E-5i
71900                                             71900                                             -50.70326348418105                                3.115953115562231E-5+4.930596716679059E-5i
72050                                             72050                                             -52.96700375872049                                2.3307488670520904E-5+3.842914683227505E-5i
72200                                             72200                                             -56.066914032919755                               1.1793509554325343E-5+2.915999954467008E-5i
72350                                             72350                                             -58.90663402774132                                -2.940307046062074E-6+2.249150671396194E-5i
72500                                             72500                                             -57.09909481782286                                -2.0195423046209804E-5+1.9293659685892806E-5i
72650                                             72650                                             -53.15110218868459                                -3.907079549902992E-5+2.0240330101062298E-5i
72800                                             72800                                             -49.90800364952921                                -5.849509034777656E-5+2.576742090043549E-5i
72950                                             72950                                             -47.40169655214589                                -7.731258832444077E-5+3.603781685990182E-5i
73100                                             73100                                             -45.41678567172613                                -9.433404028691417E-5+5.0918692830692613E-5i
73250                                             73250                                             -43.805740627021095                               -1.0841969456765188E-4+6.998513085632041E-5i
73400                                             73400                                             -42.47626627018404                                -1.185475458375107E-4+9.253860975710904E-5i
73550                                             73550                                             -41.368825738015                                  -1.2388402213059369E-4+1.1763902361783263E-4i
73700                                             73700                                             -40.44386284150544                                -1.2382720555670357E-4+1.441550078520315E-4i
73850                                             73850                                             -39.673459336213064                               -1.1806371784051084E-4+1.708346102775593E-4i
74000                                             74000                                             -39.03795772696554                                -1.0657492958843218E-4+1.9636851527593535E-4i
74150                                             74150                                             -38.52298542760705                                -8.965144662886892E-5+2.194672425538391E-4i
74300                                             74300                                             -38.11776702879513                                -6.787167274191486E-5+2.3894177026295704E-4i
74450                                             74450                                             -37.81429298627077                                -4.2061340331356334E-5+2.537640747133363E-4i
74600                                             74600                                             -37.60642558103274                                -1.323536027553196E-5+2.631237128665198E-4i
74750                                             74750                                             -37.48903335106222                                1.7498487408618146E-5+2.664673042158672E-4i
74900                                             74900                                             -37.45648124659181                                4.9082976457448524E-5+2.6351166091387324E-4i
75050                                             75050                                             -37.4916507605632                                 8.07626479104595E-5+2.5445127459777783E-4i
75200                                             75200                                             -37.621854315214335                               1.1393633048467633E-4+2.3702664397562412E-4i
75350                                             75350                                             -37.645177685826866                               1.5892227121572233E-4+2.0865375803558184E-4i
75500                                             75500                                             -40.77585088713755                                -5.334455242766989E-5+1.7495835809555604E-4i
75650                                             75650                                             -39.305046468224305                               1.1750086365003298E-4+1.8202986590165615E-4i
75800                                             75800                                             -39.74505029416028                                1.3879330885929742E-4+1.5216728858125084E-4i
75950                                             75950                                             -40.41854986688626                                1.4537230926225941E-4+1.2325518237277233E-4i
76100                                             76100                                             -41.270014790701396                               1.4383217059288356E-4+9.57609281092564E-5i
76250                                             76250                                             -42.30916970803801                                1.360807624832261E-4+7.06122744520421E-5i
76400                                             76400                                             -43.5680797205989                                 1.2334435967314983E-4+4.874022152079327E-5i
76550                                             76550                                             -45.10229603412694                                1.0676363249706444E-4+3.0922081211914865E-5i
76700                                             76700                                             -47.00327165548608                                8.752957921792648E-5+1.770909229292794E-5i
76850                                             76850                                             -49.43120256569651                                6.686996073773654E-5+9.388542531296729E-6i
77000                                             77000                                             -52.69223714877147                                4.600443197422255E-5+5.963434816735891E-6i
77150                                             77150                                             -57.375759132774                                  2.6089934003825643E-5+7.1602955057370465E-6i
77300                                             77300                                             -62.566511466037596                               8.158544630654241E-6+1.2448134769971197E-5i
77450                                             77450                                             -59.09849263570333                                -6.935880960901031E-6+2.107538601403558E-5i
77600                                             77600                                             -54.6321897285872                                 -1.8566476067738424E-5+3.212462255930415E-5i
77750                                             77750                                             -51.738424375240726                               -2.6360331871200238E-5+4.456056167645439E-5i
77900                                             77900                                             -49.789804287543376                               -3.0223283358388198E-5+5.7314152267617935E-5i
78050                                             78050                                             -48.44088286626004                                -3.0335140357662382E-5+6.933517427343272E-5i
78200                                             78200                                             -47.517860756097164                               -2.7130729124025255E-5+7.967338265935098E-5i
78350                                             78350                                             -46.92861438076353                                -2.127540285401519E-5+8.752528924860226E-5i
78500                                             78500                                             -46.62369323688455                                -1.3610711830702726E-5+9.229400343990779E-5i
78650                                             78650                                             -46.57930057043696                                -5.093926890742395E-6+9.363176475896129E-5i
78800                                             78800                                             -46.79164729342897                                3.246579956761586E-6+9.144797936078142E-5i
78950                                             78950                                             -47.27461331026647                                1.0407374001264458E-5+8.592846994648351E-5i
79100                                             79100                                             -48.0637471816341                                 1.5462959999934522E-5+7.751190168148181E-5i
79250                                             79250                                             -49.22388888882153                                1.763287922096346E-5+6.687121301574006E-5i
79400                                             79400                                             -50.86578602253306                                1.6330017109766892E-5+5.486681943189797E-5i
79550                                             79550                                             -53.162428987036094                               1.1225638261225246E-5+4.248693759945077E-5i
79700                                             79700                                             -56.23256889105239                                2.2781831646168094E-6+3.077619486713257E-5i
79850                                             79850                                             -58.790952306184195                               -1.0068863359524727E-5+2.0664471087838976E-5i
80000                                             80000                                             -55.58608161924016                                -2.9920643395797697E-5+1.4490789244203661E-5i
80150                                             80150                                             -52.537683861328105                               -4.6011622682806674E-5+1.0623676537702131E-5i
80300                                             80300                                             -49.51019659669919                                -6.594662120945616E-5+1.13398408443377E-5i
80450                                             80450                                             -47.11284380747016                                -8.656353583480492E-5+1.682560211269113E-5i
80600                                             80600                                             -45.19357873109669                                -1.0657303396865991E-4+2.7200535712257334E-5i
80750                                             80750                                             -43.626394695274115                               -1.2475884482665567E-4+4.230918278902429E-5i
80900                                             80900                                             -42.32865576140099                                -1.3996469184518467E-4+6.171490701389892E-5i
81050                                             81050                                             -41.24599658738234                                -1.511598277659787E-4+8.470028503670957E-5i
81200                                             81200                                             -40.34094831464151                                -1.575098041297629E-4+1.1032004736410972E-4i
81350                                             81350                                             -39.58768266353929                                -1.5841980768910302E-4+1.374294762876982E-4i
81500                                             81500                                             -38.96762983698355                                -1.53575470215217E-4+1.6476750282024E-4i
81650                                             81650                                             -38.46692649466349                                -1.429811077165999E-4+1.9102311875263123E-4i
81800                                             81800                                             -38.07566391438374                                -1.2693543105535277E-4+2.1491438519705142E-4i
81950                                             81950                                             -37.78475396614358                                -1.06081826556359E-4+2.3529465149130235E-4i
82100                                             82100                                             -37.57627590732978                                -8.154158604622985E-5+2.514831277139473E-4i
82250                                             82250                                             -37.83288397486618                                -4.5891079764048825E-5+2.525405707196615E-4i
82400                                             82400                                             -37.809613056867896                               -1.4279902052993787E-5+2.569684497386593E-4i
82550                                             82550                                             -37.514795053620574                               1.945663964331157E-6+2.662432748984367E-4i
82700                                             82700                                             -37.748965064198494                               3.2291328434408406E-5+2.571486637841236E-4i
82850                                             82850                                             -38.04338698746482                                5.888604217413329E-5+2.4351176020365184E-4i
83000                                             83000                                             -38.43328200800388                                8.171926276651087E-5+2.2516252631088474E-4i
83150                                             83150                                             -38.930152948865356                               1.0001109267609998E-4+2.0290695222469068E-4i
83300                                             83300                                             -39.5452398743349                                 1.1311423442766921E-4+1.778224341898449E-4i
83450                                             83450                                             -40.292755855692945                               1.206288095021435E-4+1.5113299442404138E-4i
83600                                             83600                                             -41.192885041214986                               1.2244113209192165E-4+1.241008598202864E-4i
83750                                             83750                                             -42.27713125071156                                1.1870863197960269E-4+9.790996659497786E-5i
83900                                             83900                                             -43.50364491204877                                1.1052668637839824E-4+7.50746695872273E-5i
84050                                             84050                                             -45.11841964809227                                9.718690761745252E-5+5.351233968420299E-5i
84200                                             84200                                             -47.06904513326179                                8.076277381319219E-5+3.650400484012106E-5i
84350                                             84350                                             -49.56012069230181                                6.205404396819603E-5+2.3993077139294883E-5i
84500                                             84500                                             -52.918504421087334                               4.2188133692111496E-5+1.62137197007306E-5i
84650                                             84650                                             -57.75281555847879                                2.2327320002624162E-5+1.3136863330043269E-5i
84800                                             84800                                             -62.55348213858498                                3.5752442811842755E-6+1.4470698492141665E-5i
84950                                             84950                                             -58.55409539327296                                -1.3089807742838744E-5+1.96641251082319E-5i
85100                                             85100                                             -54.25119297209345                                -2.686745525215528E-5+2.7947747030188097E-5i
85250                                             85250                                             -51.46119880833493                                -3.718309387557017E-5+3.8400703596397356E-5i
85400                                             85400                                             -49.57466447752502                                -4.372811373554164E-5+4.9994257829255595E-5i
85550                                             85550                                             -48.26611067706125                                -4.647198897045346E-5+6.166957214970292E-5i
85700                                             85700                                             -47.370150993134686                               -4.569464675208135E-5+7.239476591913707E-5i
85850                                             85850                                             -46.78576344654423                                -4.226308102345255E-5+8.123088723044347E-5i
86000                                             86000                                             -46.61574500365567                                -3.174123535176765E-5+8.781726303419557E-5i
86150                                             86150                                             -46.53308349548547                                -2.5862611091664878E-5+9.06534772719958E-5i
86300                                             86300                                             -46.755701329620756                               -1.7420296889114617E-5+9.021861512736873E-5i
86450                                             86450                                             -47.25330271557287                                -9.226444116050558E-6+8.627711960651485E-5i
86600                                             86600                                             -48.05138762196256                                -2.3967978414196622E-6+7.911546990824192E-5i
86750                                             86750                                             -49.24722401792386                                2.2191249137160085E-6+6.893565185961403E-5i
86900                                             86900                                             -50.90894973911243                                3.830343830113492E-6+5.683271290513048E-5i
87050                                             87050                                             -53.23019713303225                                2.1591498626793992E-6+4.35498871729223E-5i
87200                                             87200                                             -56.41792333908214                                -1.3156457210894423E-6+3.0180161776360848E-5i
87350                                             87350                                             -57.191692596485176                               -2.3177118254724682E-5+1.5048748000290324E-5i
87500                                             87500                                             -55.67267256782367                                -3.236828103025946E-5+5.97529249735107E-6i
87650                                             87650                                             -52.21704552466239                                -4.897294070094205E-5-1.5646323230367187E-6i
87800                                             87800                                             -49.26587090380052                                -6.861119115397774E-5-5.401107569524832E-6i
87950                                             87950                                             -46.92370066438757                                -8.999789364849686E-5-4.783614795056401E-6i
88100                                             88100                                             -45.040456382340054                               -1.1194333763620001E-4+7.176827375721118E-7i
88250                                             88250                                             -43.498335648049604                               -1.332205145655463E-4+1.124663597240616E-5i
88400                                             88400                                             -42.218892879486106                               -1.526030941534362E-4+2.664686713893527E-5i
88550                                             88550                                             -41.150270285859854                               -1.6891977875466146E-4+4.646135696140252E-5i
88700                                             88700                                             -40.256144072777204                               -1.8114366232302448E-4+6.997158681343318E-5i
88850                                             88850                                             -39.51230672453745                                -1.8840801866892853E-4+9.620892314765594E-5i
89000                                             89000                                             -38.89955772047736                                -1.901534126516613E-4+1.2400366822928888E-4i
89150                                             89150                                             -38.40579888127331                                -1.8602846344673019E-4+1.5209816788375186E-4i
89300                                             89300                                             -38.02127375428916                                -1.7603736123544822E-4+1.791557782275799E-4i
89450                                             89450                                             -37.73887987950926                                -1.6050041930792958E-4+2.0387236132435316E-4i
89600                                             89600                                             -37.55425747019152                                -1.400140187705068E-4+2.2504248457733134E-4i
89750                                             89750                                             -37.46424602220725                                -1.154655134394389E-4+2.416338291192366E-4i
89900                                             89900                                             -37.46757560097757                                -8.795107447479023E-5+2.5284152591642517E-4i
90050                                             90050                                             -37.56482318384495                                -5.8717346109515844E-5+2.5812714631556766E-4i
90200                                             90200                                             -37.752454154084404                               -2.9169060096423394E-5+2.574167639695091E-4i
90350                                             90350                                             -38.04326856113893                                -5.444465361881257E-7+2.505333479889682E-4i
90500                                             90500                                             -38.435580916305234                               2.5787903272289636E-5+2.3807734361314115E-4i
90650                                             90650                                             -38.93812024712093                                4.870524063776971E-5+2.2069765713383926E-4i
90800                                             90800                                             -39.56072160559241                                6.725586147937612E-5+1.9933450826969956E-4i
90950                                             90950                                             -40.3178964061394                                 8.074252061956999E-5+1.750922720944459E-4i
91100                                             91100                                             -41.228708025192745                               8.875794498464096E-5+1.4921533319478542E-4i
91250                                             91250                                             -42.32124973665441                                9.118864119428416E-5+1.229772845895427E-4i
91400                                             91400                                             -43.63655923068015                                8.822702301042318E-5+9.762303893290358E-5i
91550                                             91550                                             -45.236292010950876                               8.035026440211812E-5+7.43176766011544E-5i
91700                                             91700                                             -47.22294850448681                                6.827406323622887E-5+5.404004893705405E-5i
91850                                             91850                                             -49.77454926635843                                5.291879319618831E-5+3.758634477402101E-5i
92000                                             92000                                             -53.23759647985044                                3.5361466774408434E-5+2.5447686338164743E-5i
92150                                             92150                                             -58.23851747036184                                1.6729765176859424E-5+1.7893957144465844E-5i
92300                                             92300                                             -62.502414027583704                               -1.8375126153991062E-6+1.4880694914842785E-5i
92450                                             92450                                             -58.02990249155314                                -1.9252652991297303E-5+1.6091694580167015E-5i
92600                                             92600                                             -53.88493616774252                                -3.4577029521032365E-5+2.0966928042986943E-5i
92750                                             92750                                             -51.195403192652606                               -4.703419499235695E-5+2.8728177452475023E-5i
92900                                             92900                                             -49.369916121038926                               -5.6092182885492115E-5+3.8447435605770686E-5i
93050                                             93050                                             -48.103646350543166                               -6.147359356911686E-5+4.9102590426119974E-5i
93200                                             93200                                             -47.24300572967572                                -6.318953531758709E-5+5.9613951007730925E-5i
93350                                             93350                                             -46.71187139640566                                -6.152761085209679E-5+6.886840341557843E-5i
93500                                             93500                                             -46.504026380063465                               -5.725037226633756E-5+7.529263662142682E-5i
93650                                             93650                                             -45.532555829891564                               -4.884078916367329E-5+9.382918368538995E-5i
93800                                             93800                                             -46.40101739282055                                -4.1183804229905085E-5+8.640149574101752E-5i
93950                                             93950                                             -46.84933382031511                                -3.308467921525615E-5+8.466517575467236E-5i
94100                                             94100                                             -47.33343228584317                                -2.6387115867831934E-5+8.182267960221701E-5i
94250                                             94250                                             -43.43145491089839                                7.31228980745402E-5+1.1315752092710962E-4i
94400                                             94400                                             -51.726420584880046                               -9.7004067289852E-6+5.092967676456617E-5i
94550                                             94550                                             -53.644146424346175                               -1.0804301637246105E-5+4.014562752152617E-5i
94700                                             94700                                             -56.3865385305951                                 -1.4449859906506823E-5+2.6653205098758903E-5i
94850                                             94850                                             -57.963182505131414                               -2.1850194067973838E-5+1.27249180998934E-5i
95000                                             95000                                             -55.595148806584696                               -3.320884141055913E-5-3.092602988141735E-7i
95150                                             95150                                             -52.10978563384515                                -4.83017986090406E-5-1.1303327146605646E-5i
95300                                             95300                                             -49.19877222545616                                -6.664137589262875E-5-1.921833752038804E-5i
95450                                             95450                                             -46.88915156567117                                -8.74584531663225E-5-2.32033799307807E-5i
95600                                             95600                                             -45.02815968525021                                -1.0979646312148095E-4-2.2629532214990533E-5i
95750                                             95750                                             -43.501216139397116                               -1.3255444889931356E-4-1.7078030764006158E-5i
95900                                             95900                                             -42.22988860281401                                -1.54581516216723E-4-6.4523351054335265E-6i
96050                                             96050                                             -41.15021068466505                                -1.7495871017647602E-4+9.078562457132122E-6i
96200                                             96200                                             -40.42723881639197                                -1.8817605342380528E-4+2.9019275710640002E-5i
96350                                             96350                                             -39.595719400462414                               -2.028036171274339E-4+5.2659961488510376E-5i
96500                                             96500                                             -38.98232110238501                                -2.105287044303905E-4+7.89942277582556E-5i
96650                                             96650                                             -38.49628265128541                                -2.1244965111866243E-4+1.0684114729409E-4i
96800                                             96800                                             -38.155678866334625                               -2.0763830987552412E-4+1.3434954644220287E-4i
96950                                             96950                                             -37.831677025783804                               -1.9889072800016727E-4+1.6230687419405143E-4i
97100                                             97100                                             -37.66599746575074                                -1.8316829688735936E-4+1.868503569257829E-4i
97250                                             97250                                             -37.6029572991371                                 -1.622880489607348E-4+2.0767114550179766E-4i
97400                                             97400                                             -37.722292285462636                               -1.351503607632809E-4+2.2207281879293994E-4i
97550                                             97550                                             -37.5846782143707                                 -1.136963675489322E-4+2.3839219519972144E-4i
97700                                             97700                                             -37.85339096229605                                -8.273146650339402E-5+2.4233835151088456E-4i
97850                                             97850                                             -38.17832429433738                                -5.2411053697798415E-5+2.4103621102189443E-4i
98000                                             98000                                             -38.60935102902411                                -2.289444015657338E-5+2.3360748253686836E-4i
98150                                             98150                                             -39.173036942041335                               5.097132517173364E-6+2.199183813412775E-4i
98300                                             98300                                             -39.94599080597898                                3.218572449231738E-5+1.9865706174482245E-4i
98450                                             98450                                             -42.47345398884511                                6.886189757004946E-5+1.3375202558374433E-4i
98600                                             98600                                             -41.04881346312018                                3.352473323353644E-5+1.7405200428088907E-4i
98750                                             98750                                             -42.29687137925044                                5.397412847019112E-5+1.437272197709616E-4i
98900                                             98900                                             -43.70602115180725                                5.9628521778598564E-5+1.1612053984755288E-4i
99050                                             99050                                             -45.36493952943141                                5.8482090397937725E-5+9.060617456202458E-5i
99200                                             99200                                             -47.41521302821846                                5.1956286535814744E-5+6.748255475297338E-5i
99350                                             99350                                             -50.04704487409767                                4.116535867532134E-5+4.756382191384301E-5i
99500                                             99500                                             -53.640190802929496                               2.7221953891820583E-5+3.144748867356384E-5i
99650                                             99650                                             -58.90165371482648                                1.1705588114141463E-5+1.9444352601261095E-5i
99800                                             99800                                             -59.4909943524183                                 -1.6770099334872945E-5+1.2980861862965654E-5i
99950                                             99950                                             -57.218836178189136                               -2.5527302128125484E-5+1.0355798056860266E-5i
