% Model:              FEM_BEM_model_stl_ThreeProlSpheroids.mph
% Version:            COMSOL 6.3.0.335
% Date:               Oct 11 2025, 11:35
% Table:              Table 2 - TS_D_far
% f0 (1/s)               freq (Hz)                TS_Global_var_Point      Evaluate in the domain at the given coordinates in Geometry 1 (Pa), Ps_Global_var_Point
500                                               500                                               -59.66263812201723                                1.978731265173117E-5+6.385385774909658E-6i
650                                               650                                               -58.128745601863756                               1.801329516587513E-5-1.7057572767931184E-5i
800                                               800                                               -51.57208141039172                                -2.4836850028076007E-5-4.656502753530578E-5i
950                                               950                                               -43.266293930994465                               -1.3142695345447208E-4-3.97760259067681E-5i
1100                                              1100                                              -36.11181927050778                                -3.0110852286269196E-4+8.517722099932179E-5i
1250                                              1250                                              -29.181310638323144                               -4.782100594987737E-4+5.04276605339693E-4i
1400                                              1400                                              -20.087331720059353                               -2.7064977338953078E-5+0.0019798068946180747i
1550                                              1550                                              -16.011142504787582                               0.0018323185872970438-0.0025815516284687368i
1700                                              1700                                              -26.97139448256828                                5.347161699342795E-5-8.947177832203668E-4i
1850                                              1850                                              -34.5048753233253                                 -1.6477915588336556E-4-3.385468234130551E-4i
2000                                              2000                                              -45.99922463773757                                -8.279480931638883E-5-5.651866295786068E-5i
2150                                              2150                                              -47.58930571272761                                7.139994923405224E-5+4.324799014576719E-5i
2300                                              2300                                              -39.88109857374813                                2.0214561315595736E-4+1.572903711666296E-5i
2450                                              2450                                              -37.31132071589594                                2.614503069810481E-4-7.702804576470434E-5i
2600                                              2600                                              -36.518003866882516                               2.4341903707464363E-4-1.7299005087978436E-4i
2750                                              2750                                              -36.83669110866822                                1.7516411044798952E-4-2.2844321408699297E-4i
2900                                              2900                                              -38.069312257273765                               9.77993645922548E-5-2.2984182370411332E-4i
3050                                              3050                                              -40.130157841364735                               4.5059508308409324E-5-1.918036196884021E-4i
3200                                              3200                                              -42.73453386204319                                2.944637947988049E-5-1.4298268062074015E-4i
3350                                              3350                                              -44.74681482706873                                4.153750148205848E-5-1.0808831511288641E-4i
3500                                              3500                                              -44.9285179012583                                 6.0858755501769224E-5-9.568302687679164E-5i
3650                                              3650                                              -44.405462698008904                               7.080142469628736E-5-9.742702026538375E-5i
3800                                              3800                                              -44.48467115591988                                6.85916013811183E-5-9.766222517970657E-5i
3950                                              3950                                              -45.34428896643454                                6.487764991619516E-5-8.646360229669359E-5i
4100                                              4100                                              -45.99853978004176                                7.396546298948925E-5-6.767595470846821E-5i
4250                                              4250                                              -44.714208255002276                               1.0139124714947378E-4-5.682703217013696E-5i
4400                                              4400                                              -42.26841473625036                                1.3712371347879282E-4-7.016237567514239E-5i
4550                                              4550                                              -40.23984511250305                                1.5931161602961152E-4-1.1167204371298478E-4i
4700                                              4700                                              -39.08495966015468                                1.4707542991021505E-4-1.6658418053883128E-4i
4850                                              4850                                              -38.892269712299196                               9.50550517224702E-5-2.0636453772071572E-4i
5000                                              5000                                              -39.80141820240683                                2.0664211110021924E-5-2.0357911682755692E-4i
5150                                              5150                                              -42.245494149712506                               -4.146352458378466E-5-1.487682591296835E-4i
5300                                              5300                                              -47.76333377426765                                -5.6231226752023744E-5-5.9436349741703864E-5i
5450                                              5450                                              -57.634757625280955                               -7.668802353255622E-6+2.5115110798612506E-5i
5600                                              5600                                              -45.29172174456258                                8.944835237945092E-5+6.185751595144673E-5i
5750                                              5750                                              -40.21680066967318                                1.9327252416573293E-4+2.6418646173254068E-5i
5900                                              5900                                              -37.60669220251824                                2.534428627860019E-4-7.191465291411792E-5i
6050                                              6050                                              -36.36679216229964                                2.3608820136833408E-4-1.9131238168157427E-4i
6200                                              6200                                              -36.18521851095523                                1.4266283533476143E-4-2.7554994429113133E-4i
6350                                              6350                                              -37.03414895115735                                1.21991573932001E-5-2.8113444676247656E-4i
6500                                              6500                                              -39.11039957371238                                -9.54631044935983E-5-1.9994961340441542E-4i
6650                                              6650                                              -42.8674915120228                                 -1.2801626448299963E-4-6.542496116490604E-5i
6800                                              6800                                              -46.84930641136404                                -6.669841794593179E-5+6.175889551851554E-5i
6950                                              6950                                              -43.25918494983745                                6.321441561579766E-5+1.2202460148058591E-4i
7100                                              7100                                              -39.15456104006033                                2.031228330168222E-4+8.565915666580715E-5i
7250                                              7250                                              -36.76973422366689                                2.883111849474873E-4-3.213951153413497E-5i
7400                                              7400                                              -35.63652019860551                                2.787496799122047E-4-1.7760975894554054E-4i
7550                                              7550                                              -35.51829924587076                                1.7851201965479735E-4-2.835396951866853E-4i
7700                                              7700                                              -36.388996040853854                               3.40906499810556E-5-3.011727212124393E-4i
7850                                              7850                                              -38.41787295735455                                -8.779505752321004E-5-2.2332076729358885E-4i
8000                                              8000                                              -42.038327531716284                               -1.3198083666654536E-4-8.71642041199161E-5i
8150                                              8150                                              -46.76369657765441                                -8.055898847614262E-5+4.4018017206770566E-5i
8300                                              8300                                              -44.56643366239254                                3.9796511757617115E-5+1.113253037590134E-4i
8450                                              8450                                              -40.31509585721164                                1.718834153607296E-4+8.750274861279994E-5i
8600                                              8600                                              -37.85148762881253                                2.5585786309789693E-4-1.1741806358767093E-5i
8750                                              8750                                              -36.72958433090922                                2.5715532012177134E-4-1.3714608614701085E-4i
8900                                              8900                                              -36.67478663075586                                1.811182705308001E-4-2.3067853203828648E-4i
9050                                              9050                                              -37.653602185080246                               6.79036354961915E-5-2.53077971689053E-4i
9200                                              9200                                              -39.879829767136876                               -2.877922969068969E-5-2.0073370350914832E-4i
9350                                              9350                                              -44.12127001759277                                -6.784177323537754E-5-1.0432291405426675E-4i
9500                                              9500                                              -53.916565042777194                               -3.870322638421797E-5-1.1197224171866083E-5i
9650                                              9650                                              -51.47574085750597                                3.705062746817145E-5+3.840437978308575E-5i
9800                                              9800                                              -44.21447013230524                                1.195692597513176E-4+2.9328869935674184E-5i
9950                                              9950                                              -41.23099623630509                                1.7181023417550678E-4-2.4668891919321645E-5i
10100                                             10100                                             -40.04453412094013                                1.7665496366980893E-4-9.156934676435302E-5i
10250                                             10250                                             -40.04826149193137                                1.4197563241746813E-4-1.3928702636967216E-4i
10400                                             10400                                             -41.04446347731447                                9.249055081506086E-5-1.5131090724740393E-4i
10550                                             10550                                             -42.9311925257252                                 5.425204163428399E-5-1.3200135347268827E-4i
10700                                             10700                                             -45.34396512003427                                4.093286489631476E-5-1.000521659987319E-4i
10850                                             10850                                             -46.94835413325444                                4.916652454894921E-5-7.522751184563248E-5i
11000                                             11000                                             -46.67604441522656                                6.439713836814409E-5-6.672450125499996E-5i
11150                                             11150                                             -45.96466956556006                                7.254729711952956E-5-6.976035340966469E-5i
11300                                             11300                                             -46.021025850283294                               6.979376888122113E-5-7.160900164959738E-5i
11450                                             11450                                             -46.9594985759229                                 6.439723469786607E-5-6.252058230649116E-5i
11600                                             11600                                             -47.69072244492261                                6.971447980202994E-5-4.412927399843891E-5i
11750                                             11750                                             -46.21999218836991                                9.312170582548296E-5-2.9658223405837347E-5i
11900                                             11900                                             -43.53885348072855                                1.2826825689382648E-4-3.5432519584044364E-5i
12050                                             12050                                             -41.376053779511906                               1.5622095419459692E-4-6.879440081031252E-5i
12200                                             12200                                             -40.145141810753756                               1.5571977495471012E-4-1.2015255943031988E-4i
12350                                             12350                                             -39.9044564357276                                 1.1699785796936979E-4-1.6492798763823036E-4i
12500                                             12500                                             -40.78234651112428                                5.0846225074840934E-5-1.755583316492837E-4i
12650                                             12650                                             -43.20995635656263                                -1.3396392502307286E-5-1.3755689574890262E-4i
12800                                             12800                                             -48.725463481290646                               -4.126811290439125E-5-6.050826461545533E-5i
12950                                             12950                                             -57.753636188714836                               -1.1660230200161159E-5+2.3130037478891197E-5i
13100                                             13100                                             -45.99516735748509                                6.959156309438441E-5+7.222012719776405E-5i
13250                                             13250                                             -40.97881146464243                                1.6911357229681956E-4+5.769856022053155E-5i
13400                                             13400                                             -38.38103209625426                                2.4008545911946566E-4-2.0727637377149222E-5i
13550                                             13550                                             -37.143969103030685                               2.449003536021399E-4-1.312705419737048E-4i
13700                                             13700                                             -36.963631374437526                               1.75219960524442E-4-2.231134513324129E-4i
13850                                             13850                                             -37.815737410252                                  5.870514830863538E-5-2.503938201885436E-4i
14000                                             14000                                             -39.899992671513594                               -5.211821986850218E-5-1.954877999239546E-4i
14150                                             14150                                             -43.66472816817507                                -1.0429580350534984E-4-7.952805419253473E-5i
14300                                             14300                                             -47.527584789690096                               -7.041220879938637E-5+4.5936932444146095E-5i
14450                                             14450                                             -43.864908101068664                               3.698309978522607E-5+1.2271782076800353E-4i
14600                                             14600                                             -39.80039256547513                                1.7006319584883522E-4+1.1384140480641403E-4i
14750                                             14750                                             -37.43851648401361                                2.6770852040164383E-4+2.18517234407134E-5i
14900                                             14900                                             -36.31966033014524                                2.8441332626738536E-4-1.1160055010350778E-4i
15050                                             15050                                             -36.21337716454072                                2.121591781589771E-4-2.2504821400004538E-4i
15200                                             15200                                             -37.097606602213425                               8.446262727207499E-5-2.6627587727967583E-4i
15350                                             15350                                             -39.147485471101376                               -3.958081997712526E-5-2.1704601662841938E-4i
15500                                             15500                                             -42.80206441700426                                -1.0348269621651696E-4-1.0135903356278675E-4i
15650                                             15650                                             -47.51186388302973                                -7.989128843699511E-5+2.666636192572014E-5i
15800                                             15800                                             -45.16394693074585                                1.7420268821788376E-5+1.0898183033258846E-4i
15950                                             15950                                             -40.92999289208474                                1.414525551021728E-4+1.1081799814005588E-4i
16100                                             16100                                             -38.49019676009141                                2.3525467842022696E-4+3.5838830861223414E-5i
16250                                             16250                                             -37.38718560297491                                2.5884304791978785E-4-7.748159891662887E-5i
16400                                             16400                                             -37.350258264295675                               2.0677418094788846E-4-1.7570127954602555E-4i
16550                                             16550                                             -38.34963354635127                                1.0840436085152172E-4-2.1619555226903842E-4i
16700                                             16700                                             -40.60624493288094                                1.1644229742480139E-5-1.8615288197010305E-4i
16850                                             16850                                             -44.91228103982365                                -4.090803956313671E-5-1.0598928141158925E-4i
17000                                             17000                                             -55.03291839425262                                -3.128135411123445E-5-1.6638404251922978E-5i
17150                                             17150                                             -51.980492557195824                               2.8153640013850456E-5+4.1744027749368584E-5i
17300                                             17300                                             -44.819658517371906                               1.0410638257407623E-4+4.844880095711268E-5i
17450                                             17450                                             -41.88206234369523                                1.6076473882770115E-4+9.367938860194158E-6i
17600                                             17600                                             -40.72663807493101                                1.7711949019527662E-4-4.965907517895385E-5i
17750                                             17750                                             -40.75573944583787                                1.54678390291485E-4-9.841723720838136E-5i
17900                                             17900                                             -41.770558020437065                               1.127975232564915E-4-1.1783134559550934E-4i
18050                                             18050                                             -43.654063444512815                               7.55744572987771E-5-1.0739237460577478E-4i
18200                                             18200                                             -45.99498823122473                                5.8361865887091025E-5-8.156616897347924E-5i
18350                                             18350                                             -47.4501534778772                                 6.134150477121736E-5-5.858710755779484E-5i
18500                                             18500                                             -47.149423564452874                               7.289886450051464E-5-4.895792714665337E-5i
18650                                             18650                                             -46.531283045543425                               7.965311401875175E-5-5.0457844076645664E-5i
18800                                             18800                                             -46.70878716581094                                7.631743345193343E-5-5.205969726318482E-5i
18950                                             18950                                             -47.77385376356496                                6.911540517601233E-5-4.360612809262143E-5i
19100                                             19100                                             -48.532660711366546                               7.07204744415102E-5-2.4625852727666597E-5i
19250                                             19250                                             -46.903838434776915                               9.011093820288085E-5-6.305201682210715E-6i
19400                                             19400                                             -44.141757871166405                               1.2405091534484214E-4-4.925936351041216E-6i
19550                                             19550                                             -41.98638337983233                                1.561591740296131E-4-3.0526398828945034E-5i
19700                                             19700                                             -40.795522721945936                               1.6505691506607523E-4-7.785295738715892E-5i
19850                                             19850                                             -40.61340621981246                                1.3746174808448863E-4-1.2583892188289258E-4i
20000                                             20000                                             -41.573704610665615                               7.860500619222277E-5-1.4718204475783203E-4i
20150                                             20150                                             -44.13088282945274                                1.3106768879944664E-5-1.2361128750792982E-4i
20300                                             20300                                             -49.88754379865596                                -2.565618990385543E-5-5.870850497891045E-5i
20450                                             20450                                             -59.095576853143655                               -1.3976885437694264E-5+1.724110299416992E-5i
20600                                             20600                                             -41.73144512441567                                7.161930163224195E-5+1.4737331665026776E-4i
20750                                             20750                                             -40.540863570041864                               1.5865367579642742E-4+1.0072330442023603E-4i
20900                                             20900                                             -38.37963161169832                                2.3852004544150374E-4+3.460606627647689E-5i
21050                                             21050                                             -37.319629290089146                               2.6283663876042196E-4-7.116526655837063E-5i
21200                                             21200                                             -37.24081005808044                                2.1387313245102568E-4-1.7252203441386893E-4i
21350                                             21350                                             -38.16509531789806                                1.0867713457829442E-4-2.2185643264049926E-4i
21500                                             21500                                             -40.31224200723977                                -7.160175225617849E-6-1.928051472859238E-4i
21650                                             21650                                             -44.13994289796768                                -8.01654016258091E-5-9.483061438397833E-5i
21800                                             21800                                             -47.93386184508918                                -7.464172684751302E-5+2.9418851264284562E-5i
21950                                             21950                                             -44.177539580497736                               9.331576750981618E-6+1.232856452118014E-4i
22100                                             22100                                             -40.16010826686774                                1.347655784894597E-4+1.4279509342207675E-4i
22250                                             22250                                             -37.8358085325539                                 2.444767322453134E-4+7.790704507737445E-5i
22400                                             22400                                             -36.745323401687195                               2.8784593877195785E-4-4.213502821492909E-5i
22550                                             22550                                             -36.66336036839193                                2.448164504237904E-4-1.621971803502653E-4i
22700                                             22700                                             -37.57214426205685                                1.3549171947330185E-4-2.2715922089133755E-4i
22850                                             22850                                             -39.652889375435805                               1.0544508911136674E-5-2.0788711812136373E-4i
23000                                             23000                                             -43.35677055125484                                -7.295106632959625E-5-1.1464977795594411E-4i
23150                                             23150                                             -48.08266368501397                                -7.841136355501988E-5+8.467847569026965E-6i
23300                                             23300                                             -45.57176688333597                                -6.260608623631647E-6+1.0511694880876998E-4i
23450                                             23450                                             -41.34246904938525                                1.0761072899806434E-4+1.3335586622220674E-4i
23600                                             23600                                             -38.92295395740702                                2.1005383638106334E-4+8.447326607929906E-5i
23750                                             23750                                             -37.836745624758                                  2.5614185118183475E-4-1.4680862134297534E-5i
23900                                             23900                                             -37.815023507797044                               2.2946543808388675E-4-1.1618883780539768E-4i
24050                                             24050                                             -38.83117110453381                                1.4784065157191772E-4-1.7463189678590396E-4i
24200                                             24200                                             -41.11243243401819                                5.248257378570598E-5-1.6794852047297137E-4i
24350                                             24350                                             -45.47382523958383                                -1.3107901805531341E-5-1.0568758175977244E-4i
24500                                             24500                                             -55.9324877216742                                 -2.3590885299018538E-5-2.153986826680665E-5i
24650                                             24650                                             -52.294353979603784                               1.8359603007167546E-5+4.4959578304748504E-5i
24800                                             24800                                             -45.19954545312218                                8.666109270139E-5+6.76086257208608E-5i
24950                                             24950                                             -42.290517541752635                               1.4717863057844838E-4+4.408719477344558E-5i
25100                                             25100                                             -41.15014187372323                                1.750777531043246E-4-6.421623118924025E-6i
25250                                             25250                                             -41.18696176872132                                1.6526118574466953E-4-5.588448199356222E-5i
25400                                             25400                                             -42.19936682838535                                1.314129896828331E-4-8.268327402938258E-5i
25550                                             25550                                             -44.053678397663546                               9.552775918103551E-5-8.125960060245685E-5i
25700                                             25700                                             -46.29483874016963                                7.471325905589188E-5-6.169274315503959E-5i
25850                                             25850                                             -47.590485025200664                               7.286201821571359E-5-4.071333602595484E-5i
26000                                             26000                                             -47.249545977424575                               8.133862555298466E-5-3.0321808624944602E-5i
26150                                             26150                                             -46.687339807932744                               8.726563371219687E-5-3.1008443054814094E-5i
26300                                             26300                                             -46.93467561499034                                8.361364073200539E-5-3.3328105952801224E-5i
26450                                             26450                                             -48.06441522260721                                7.452798102774993E-5-2.63024180415794E-5i
26600                                             26600                                             -48.77346507391959                                7.250541571762747E-5-6.950388311777189E-6i
26750                                             26750                                             -46.88367121834191                                8.921988155879967E-5+1.5411967781764346E-5i
26900                                             26900                                             -43.873439854469574                               1.2593888135131737E-4+2.3120796871944904E-5i
27050                                             27050                                             -41.400048607620704                               1.7022633326357894E-4-3.30973923157174E-7i
27200                                             27200                                             -39.39309446454922                                2.0377155561929206E-4-6.69057644461235E-5i
27350                                             27350                                             -27.339865673365548                               -1.132499759188832E-4-8.515887724716009E-4i
27500                                             27500                                             -44.046342833409724                               1.0348016303668439E-4-7.104309045358193E-5i
27650                                             27650                                             -45.41829157161849                                4.781882075383104E-5-9.592184751694433E-5i
27800                                             27800                                             -50.80012529882394                                -5.580984528630317E-6-5.740916049046252E-5i
27950                                             27950                                             -58.17931903452185                                -1.8963086189982548E-5+1.5770724431818373E-5i
28100                                             28100                                             -47.022851086259124                               2.2048789909911992E-5+8.633085696041487E-5i
28250                                             28250                                             -42.141457582994235                               1.0417925563421804E-4+1.1651679394719672E-4i
28400                                             28400                                             -39.586292689931575                               1.9133995352549338E-4+8.594648325443988E-5i
28550                                             28550                                             -38.37311940990112                                2.411764121758031E-4+3.2403556152749147E-6i
28700                                             28700                                             -38.21459749851008                                2.2609733843326207E-4-9.601713349838281E-5i
28850                                             28850                                             -39.094847849612094                               1.4832744449400082E-4-1.651306594826485E-4i
29000                                             29000                                             -41.224087193696015                               4.0893165670852216E-5-1.688283934990764E-4i
29150                                             29150                                             -45.05879073413791                                -4.682044703285815E-5-1.0142424907777503E-4i
29300                                             29300                                             -48.754319096276916                               -7.245937459982033E-5+8.855653770845073E-6i
29450                                             29450                                             -44.8640278471112                                 -2.1612249142988205E-5+1.1217982833999773E-4i
29600                                             29600                                             -40.854779988616656                               8.43074837744151E-5+1.6045489894001008E-4i
29750                                             29750                                             -38.5396169472987                                 1.9743223304091728E-4+1.304183433619155E-4i
29900                                             29900                                             -37.4551796152476                                 2.6576973435810114E-4+3.5149951465696105E-5i
30050                                             30050                                             -37.37924285470631                                2.577938520865186E-4-8.17256872758243E-5i
30200                                             30200                                             -38.297248026871856                               1.7742160457290268E-4-1.6650348951441352E-4i
30350                                             30350                                             -40.39628616180793                                6.208560462772628E-5-1.8071253580298485E-4i
30500                                             30500                                             -44.142296245071066                               -3.5185214277533294E-5-1.1905034480996779E-4i
30650                                             30650                                             -48.89770019608623                                -7.091297603517566E-5-1.1272866825229322E-5i
30800                                             30800                                             -46.216226213854924                               -3.123787113445964E-5+9.264849521395391E-5i
30950                                             30950                                             -41.97327506372895                                6.266636792517932E-5+1.465162326166336E-4i
31100                                             31100                                             -39.563668750529295                               1.6594815935322416E-4+1.2918506976555832E-4i
31250                                             31250                                             -38.48749845617641                                2.32053664734444E-4+5.30610710962609E-5i
31400                                             31400                                             -38.47585205566032                                2.343376545078102E-4-4.361655751383697E-5i
31550                                             31550                                             -39.504209868363255                               1.770360852721975E-4-1.1617004028474653E-4i
31700                                             31700                                             -41.804595857402084                               9.096827811172492E-5-1.3462747983117307E-4i
31850                                             31850                                             -46.210696648669405                               1.6993714995805487E-5-9.634802104430129E-5i
32000                                             32000                                             -56.99014039917805                                -1.3920763323516105E-5-2.4619732656216975E-5i
32150                                             32150                                             -52.88453949863169                                5.94862237679461E-6+4.4981945353184116E-5i
32300                                             32300                                             -45.81991775256611                                6.027672784736371E-5+8.270215504546652E-5i
32450                                             32450                                             -42.93395626534053                                1.1958191620736747E-4+7.781291236486076E-5i
32600                                             32600                                             -41.8096876872191                                 1.5715315691944287E-4+4.088688379588756E-5i
32750                                             32750                                             -41.85728525383595                                1.614275063851478E-4-4.753333840423757E-6i
32900                                             32900                                             -42.869881276733295                               1.3895307383526845E-4-3.6732311963438846E-5i
33050                                             33050                                             -44.69591270919689                                1.0755357723735148E-4-4.4707451019920796E-5i
33200                                             33200                                             -46.84891299764533                                8.460884676014802E-5-3.32405132434932E-5i
33350                                             33350                                             -48.050766686925684                               7.753987119929473E-5-1.5920628110399626E-5i
33500                                             33500                                             -47.76194293014466                                8.166951736532368E-5-5.183125454499837E-6i
33650                                             33650                                             -47.328647835918986                               8.590869402308465E-5-4.367400231575225E-6i
33800                                             33800                                             -47.71315168999804                                8.201787043210507E-5-6.745633304938714E-6i
33950                                             33950                                             -48.96420358281475                                7.12349604743423E-5-1.720464417598322E-6i
34100                                             34100                                             -49.64330536631495                                6.389739683737572E-5+1.6109592330115774E-5i
34250                                             34250                                             -47.63173749599572                                7.216519120761822E-5+4.11433524656335E-5i
34400                                             34400                                             -44.7186515451324                                 1.0040761481971971E-4+5.8429383872349305E-5i
34550                                             34550                                             -42.55276864468677                                1.3956558456551527E-4+5.237792250356588E-5i
34700                                             34700                                             -41.37863492874221                                1.6973742680187476E-4+1.759402657453002E-5i
34850                                             34850                                             -41.211206610512754                               1.7043133927907572E-4-3.490078300805166E-5i
35000                                             35000                                             -42.17736787036546                                1.3314888824866866E-4-8.06206435102208E-5i
35150                                             35150                                             -44.73180687465465                                6.896419937130194E-5-9.326737340964453E-5i
35300                                             35300                                             -50.50299408654275                                5.903791830352834E-6-5.93943774983563E-5i
35450                                             35450                                             -57.529670796760755                               -2.3719502576791118E-5+1.199390992900895E-5i
35600                                             35600                                             -46.843074618444305                               -1.0520545451475627E-7+9.096534569208448E-5i
35750                                             35750                                             -42.09419945710206                                7.194063607840473E-5+1.3971867640327762E-4i
35900                                             35900                                             -39.61739116652901                                1.6264532472537452E-4+1.3126440902377912E-4i
36050                                             36050                                             -38.462557042950706                               2.2990543408890618E-4+6.429797960960659E-5i
36200                                             36200                                             -38.353383192256615                               2.393700443815705E-4-3.3816040827305827E-5i
36350                                             36350                                             -39.280650148927016                               1.8218084896115538E-4-1.1838875097425205E-4i
36500                                             36500                                             -41.461023449392904                               8.114259441904803E-5-1.4828687783630112E-4i
36650                                             36650                                             -45.353569997724435                               -1.8564116002761644E-5-1.0637430532700609E-4i
36800                                             36800                                             -49.00156485545828                                -7.035340937544543E-5-9.180702195132895E-6i
36950                                             36950                                             -45.1168474073541                                 -4.906026211359826E-5+9.95309654153731E-5i
37100                                             37100                                             -41.31987147235969                                3.471893351536526E-5+1.682606263876396E-4i
37250                                             37250                                             -41.077300444630545                               9.683566508711383E-5+1.4776824413254008E-4i
37400                                             37400                                             -37.05951326183067                                2.60265367603596E-4+1.0481513531312991E-4i
37550                                             37550                                             -37.296922589084616                               2.7272947100742684E-4-1.2446638745444716E-5i
37700                                             37700                                             -38.32005223218851                                2.142710947647397E-4-1.1392844138025104E-4i
37850                                             37850                                             -40.48540925955141                                1.0640557773816672E-4-1.5635812527681203E-4i
38000                                             38000                                             -44.299134871456076                               -2.6765671692352555E-6-1.2189013859764675E-4i
38150                                             38150                                             -49.08302243416696                                -6.448649109236371E-5-2.7961452223168592E-5i
38300                                             38300                                             -46.25617684830267                                -5.332032828875288E-5+8.141840117936727E-5i
38450                                             38450                                             -42.01978914988052                                2.2403908942869588E-5+1.569127749305732E-4i
38600                                             38600                                             -39.627530201181905                               1.2540227463531117E-4+1.6690192010926364E-4i
38750                                             38750                                             -38.5629677650368                                 2.0814773599864278E-4+1.1118778890240044E-4i
38900                                             38900                                             -38.557867400205915                               2.3533468048803075E-4+1.926736466750789E-5i
39050                                             39050                                             -39.58857779703085                                1.9931359441360819E-4-6.518222813700625E-5i
39200                                             39200                                             -41.88854146930276                                1.2156991101325287E-4-1.05428441409261E-4i
39350                                             39350                                             -46.301398470078404                               4.04782196523068E-5-8.795117977655753E-5i
39500                                             39500                                             -57.29182637685064                                -7.5775094479091365E-6-2.6245367950705756E-5i
39650                                             39650                                             -51.92797438366354                                -2.603926685385005E-9+5.065604464093987E-5i
39800                                             39800                                             -46.82205323170186                                1.7298832432066646E-5+8.952991213984074E-5i
39950                                             39950                                             -43.36340608503539                                8.33470250604651E-5+1.0719846072837491E-4i
40100                                             40100                                             -42.13436898322864                                1.3165384210317432E-4+8.447871357608605E-5i
40250                                             40250                                             -42.13791537527247                                1.502046173332272E-4+4.345097114777374E-5i
40400                                             40400                                             -43.11712508013463                                1.3950049834909883E-4+7.325578509131958E-6i
40550                                             40550                                             -44.89218925828955                                1.135041358090727E-4-9.157378040969277E-6i
40700                                             40700                                             -46.945951893616915                               8.973107183035678E-5-5.415632623573252E-6i
40850                                             40850                                             -48.048049053821686                               7.878010693584958E-5+7.969626088066839E-6i
41000                                             41000                                             -47.77875129922225                                7.960865357387048E-5+1.825839248847938E-5i
41150                                             41150                                             -47.42689825669011                                8.277516030830157E-5+1.9548246449785367E-5i
41300                                             41300                                             -47.89945278107769                                7.891507510449092E-5+1.6139044774710065E-5i
41450                                             41450                                             -49.22635042689186                                6.664130532602064E-5+1.8409344858194565E-5i
41600                                             41600                                             -49.850257218350116                               5.4556345677247986E-5+3.4116397641725804E-5i
41750                                             41750                                             -47.67343065982598                                5.584697084481949E-5+6.095716539367135E-5i
41900                                             41900                                             -44.71185444586435                                7.865992736255656E-5+8.561212726321266E-5i
42050                                             42050                                             -42.55225933229853                                1.1839493696430559E-4+9.059384232279477E-5i
42200                                             42200                                             -41.395376347071384                               1.572923205295229E-4+6.532557800054128E-5i
42350                                             42350                                             -41.24766034298767                                1.726007732385515E-4+1.4862883391031367E-5i
42500                                             42500                                             -42.23726764177633                                1.4944160818924912E-4-3.9542975259210245E-5i
42650                                             42650                                             -44.82689249109522                                9.123994572990402E-5-6.95611460480583E-5i
42800                                             42800                                             -50.67408239386627                                2.1205781540856172E-5-5.454580865338343E-5i
42950                                             42950                                             -57.14630489438151                                -2.7166834549396945E-5+5.799081222446212E-6i
43100                                             43100                                             -46.72625250357386                                -2.6607535002109994E-5+8.827428064006604E-5i
43250                                             43250                                             -42.047065063438026                               2.8756276726105146E-5+1.5536838906260453E-4i
43400                                             43400                                             -39.600096857070824                               1.1793523083930557E-4+1.7305903914566212E-4i
43550                                             43550                                             -38.46410151143179                                2.011215397179078E-4+1.2853249092870112E-4i
43700                                             43700                                             -38.370579985104115                               2.3816640700474734E-4+3.856619579234444E-5i
43850                                             43850                                             -39.31526362565289                                2.0896002771192412E-4-5.627368911109709E-5i
44000                                             44000                                             -41.500344006539564                               1.2969811144197818E-4-1.0721001951730091E-4i
44150                                             44150                                             -45.29365179909594                                9.353830366931604E-7-1.087254801547255E-4i
44300                                             44300                                             -48.93898673722498                                -6.70537137831273E-5-2.4713277362531372E-5i
44450                                             44450                                             -44.88630439267328                                -7.361820167650635E-5+8.697694856585336E-5i
44600                                             44600                                             -40.94324356032436                                -8.261280360910561E-6+1.792284513252307E-4i
44750                                             44750                                             -38.68251299449228                                1.0114700446112179E-4+2.0963182600053365E-4i
44900                                             44900                                             -37.640138522094105                               2.051208275267169E-4+1.637009234181086E-4i
45050                                             45050                                             -37.601716138819235                               2.561417614829753E-4+6.225727695552408E-5i
45200                                             45200                                             -38.559549998718495                               2.3110810367915624E-4-4.817770230092222E-5i
45350                                             45350                                             -40.71198438999857                                1.421207439384342E-4-1.1727487495738487E-4i
45500                                             45500                                             -44.551740440948535                               3.0483320597241015E-5-1.1443435095559451E-4i
45650                                             45650                                             -49.35507349858285                                -5.3057814161983075E-5-4.2722812268913835E-5i
45800                                             45800                                             -46.36883300770607                                -7.217987992202968E-5+6.339979026581677E-5i
45950                                             45950                                             -42.123136289004826                               -2.1382733511043917E-5+1.5516293374229218E-4i
46100                                             46100                                             -39.74340384802339                                7.27848471414605E-5+1.9270940963878047E-4i
46250                                             46250                                             -38.69406388979146                                1.656595985931597E-4+1.6306199979032598E-4i
46400                                             46400                                             -38.70751130135667                                2.1616382963085545E-4+8.448947421113573E-5i
46550                                             46550                                             -39.76345155619831                                2.054813187882809E-4-4.067567812460204E-6i
46700                                             46700                                             -42.10284454650945                                1.439995917778547E-4-6.254413329886965E-5i
46850                                             46850                                             -46.59432266423818                                6.397789495093953E-5-6.833244311632569E-5i
47000                                             47000                                             -58.000706239885815                               2.4974049968040646E-6-2.5052288537108502E-5i
47150                                             47150                                             -52.949937498610865                               -1.6294679965778158E-5+4.1981846356509145E-5i
47300                                             47300                                             -45.96671154204208                                9.104000479320806E-6+1.0020964401502575E-4i
47450                                             47450                                             -43.12115494363046                                5.989847621440392E-5+1.2612742284534573E-4i
47600                                             47600                                             -42.01997051251689                                1.0897525404346409E-4+1.150951733718264E-4i
47750                                             47750                                             -42.078129801932064                               1.3533979748348024E-4+8.044535095352856E-5i
47900                                             47900                                             -43.07991996267511                                1.3332911082442056E-4+4.364965469105808E-5i
48050                                             48050                                             -44.842996997319766                               1.124218712034164E-4+2.181928480837758E-5i
48200                                             48200                                             -46.83087350090335                                8.89603612969081E-5+1.959691398545349E-5i
48350                                             48350                                             -47.85732859478167                                7.540995628474434E-5+2.9404644723896034E-5i
48500                                             48500                                             -47.60859694148312                                7.365691015215337E-5+3.888594184831007E-5i
48650                                             48650                                             -47.33249677917357                                7.595964306600367E-5+4.028592447580248E-5i
48800                                             48800                                             -47.88985388132375                                7.229801350694398E-5+3.571289734016769E-5i
48950                                             48950                                             -49.292524718519545                               5.8997195668653024E-5+3.502880593275748E-5i
49100                                             49100                                             -49.87110839557317                                4.2764595474031886E-5+4.787151657925648E-5i
49250                                             49250                                             -47.555184252584795                               3.720211251034833E-5+7.509532892535642E-5i
49400                                             49400                                             -44.5583518852585                                 5.3620648587160424E-5+1.054890790374019E-4i
49550                                             49550                                             -42.40865035519914                                9.179002748138654E-5+1.2060840399785722E-4i
49700                                             49700                                             -41.270492805012815                               1.3679261724580671E-4+1.0555729410122172E-4i
49850                                             49850                                             -41.14350752086398                                1.648847925998509E-4+5.961028181722394E-5i
50000                                             50000                                             -42.15702621612813                                1.560194281456373E-4-1.8637728249615293E-8i
50150                                             50150                                             -44.780980536237394                               1.0639985538213326E-4-4.452470070648307E-5i
50300                                             50300                                             -50.69794141626755                                3.367550543809106E-5-4.7666829645076625E-5i
50450                                             50450                                             -56.709273139116966                               -2.920510894588446E-5-6.499140433602335E-7i
50600                                             50600                                             -46.50941042121041                                -4.944710985488321E-5+8.05635474628863E-5i
50750                                             50750                                             -41.891978012896416                               -1.1718609729594043E-5+1.6042628134094183E-4i
50900                                             50900                                             -39.47367979143722                                7.188870333735276E-5+1.9996393661125822E-4i
51050                                             51050                                             -38.356774187658985                               1.6525825461721766E-4+1.7631119753047653E-4i
51200                                             51200                                             -38.27873753693034                                2.2428925980150227E-4+9.565058377369873E-5i
51350                                             51350                                             -39.23756052857698                                2.182170258263061E-4-7.6014956418291035E-6i
51500                                             51500                                             -41.45833846438567                                1.4568465773201478E-4-8.582988869931807E-5i
51650                                             51650                                             -45.4044106767907                                 3.715301512752234E-5-1.0071777094911027E-4i
51800                                             51800                                             -48.868809611418634                               -5.827954622339426E-5-4.235131619167998E-5i
51950                                             51950                                             -44.75567919452688                                -9.583200164953176E-5+6.478684538235857E-5i
52100                                             52100                                             -40.84185082476753                                -5.6727761942210186E-5+1.7243387069254545E-4i
52250                                             52250                                             -38.60362079488726                                4.218011475487504E-5+2.3106318095589273E-4i
52400                                             52400                                             -37.57964213946071                                1.5585512881893804E-4+2.1341935112562105E-4i
52550                                             52550                                             -37.55893620165829                                2.3215221243777506E-4+1.275843127626075E-4i
52700                                             52700                                             -38.53652504836976                                2.3633410286655332E-4+1.3209735995611815E-5i
52850                                             52850                                             -40.71484110933384                                1.6723627855225187E-4-7.721012724448695E-5i
53000                                             53000                                             -44.593769381097665                               5.7429550425092124E-5-1.0291371589332687E-4i
53150                                             53150                                             -49.36961202681146                                -4.2401959540638856E-5-5.316893769347075E-5i
53300                                             53300                                             -45.89658446040124                                -8.12297423541386E-5+6.0756903247694005E-5i
53450                                             53450                                             -42.21991579772797                                -6.890719746732721E-5+1.3872240752255127E-4i
53600                                             53600                                             -40.01449476858661                                6.176398954560458E-6+1.995709720374883E-4i
53750                                             53750                                             -38.40356142844633                                1.2695202045015508E-4+2.0409160075651744E-4i
53900                                             53900                                             -38.6189661788531                                 1.895209667641118E-4+1.3804552556628824E-4i
54050                                             54050                                             -39.734268641564285                               2.0030484942668014E-4+4.9008888107882065E-5i
54200                                             54200                                             -42.12068468153845                                1.549370624353008E-4-2.3261915663042032E-5i
54350                                             54350                                             -46.676874889710874                               7.881125188757832E-5-4.884969670815309E-5i
54500                                             54500                                             -58.412608613099835                               9.096393700336325E-6-2.222060711520868E-5i
54650                                             54650                                             -53.08304840582596                                -2.3869471000526055E-5+3.737680416160405E-5i
54800                                             54800                                             -46.328761580971445                               -8.813602051516156E-6+9.611108838103455E-5i
54950                                             54950                                             -47.08315141140143                                5.042033533864121E-5+7.271509390827102E-5i
55100                                             55100                                             -41.448020353691106                               6.083801455214477E-5+1.579795333834788E-4i
55250                                             55250                                             -41.77280437457594                                1.0569560012746448E-4+1.2418610391506935E-4i
55400                                             55400                                             -42.854990524453804                               1.1612689535001053E-4+8.510413081541657E-5i
55550                                             55550                                             -44.62772530791941                                1.0268236428789823E-4+5.68994336747064E-5i
55700                                             55700                                             -46.55265548439992                                8.103415467491937E-5+4.7753884666601465E-5i
55850                                             55850                                             -47.47487478194049                                6.526794443784123E-5+5.380040726044033E-5i
56000                                             56000                                             -47.491205752022324                               6.5377837540459E-5+5.3416049110355246E-5i
56150                                             56150                                             -47.15492125873823                                6.44443478788892E-5+5.9567556923378895E-5i
56300                                             56300                                             -47.78561260208653                                6.119606111470999E-5+5.399460952115742E-5i
56450                                             56450                                             -49.26320133211426                                4.745623802787646E-5+4.9874697708895965E-5i
56600                                             56600                                             -49.79097511469269                                2.746436168143962E-5+5.8676537468493883E-5i
56750                                             56750                                             -47.33680684786336                                1.4594848429361207E-5+8.469049689907582E-5i
56900                                             56900                                             -44.30911062563438                                2.300094515600426E-5+1.1958771723419304E-4i
57050                                             57050                                             -42.17133136017957                                5.720014625276715E-5+1.4487980404964684E-4i
57200                                             57200                                             -41.05306496087969                                1.061656955620438E-4+1.4183127868039325E-4i
57350                                             57350                                             -40.94780204982758                                1.464261477205353E-4+1.0352148929460014E-4i
57500                                             57500                                             -41.98590932744569                                1.5352464726092752E-4+4.183891753029023E-5i
57650                                             57650                                             -44.644060492642296                               1.1613159952805763E-4-1.5586114111343363E-5i
57800                                             57800                                             -50.62632571454975                                4.487302833844353E-5-3.806850950149876E-5i
57950                                             57950                                             -56.1934188859335                                 -2.98912125299422E-5-8.216064699251291E-6i
58100                                             58100                                             -46.21336539181658                                -7.145255306528764E-5+6.678607745180809E-5i
58250                                             58250                                             -41.656353971124645                               -5.526495127222697E-5+1.5576346258738827E-4i
58400                                             58400                                             -39.26724917708495                                1.6957789567839665E-5+2.1694256994797545E-4i
58550                                             58550                                             -38.17106611390499                                1.15474379506042E-4+2.1820360807700556E-4i
58700                                             58700                                             -38.11167749975177                                1.9504051371016518E-4+1.5409576727265506E-4i
58850                                             58850                                             -39.090425392732286                               2.16242208922246E-4+5.058329098461822E-5i
59000                                             59000                                             -41.336812036339666                               1.6527992169446115E-4-4.565826424651753E-5i
59150                                             59150                                             -45.31443211461911                                6.221201382844432E-5-8.885571728611819E-5i
59300                                             59300                                             -48.69618786633034                                -4.711903426551922E-5-5.6394916169155707E-5i
59450                                             59450                                             -44.52417342201687                                -1.1211325634619129E-4+3.929853921280646E-5i
59600                                             59600                                             -40.6462606390802                                 -1.0144637284004165E-4+1.554929245881631E-4i
59750                                             59750                                             -38.47106003558302                                -1.6760132187543242E-5+2.3790410787172256E-4i
59900                                             59900                                             -37.3682912711997                                 9.33764725764008E-5+2.541697343394489E-4i
60050                                             60050                                             -37.389258086181584                               1.9279948823103243E-4+1.8920002558953097E-4i
60200                                             60200                                             -38.39174954504407                                2.277121380485081E-4+7.794046225373386E-5i
60350                                             60350                                             -40.60043203714015                                1.8436650135222887E-4-2.9052903529724894E-5i
60500                                             60500                                             -44.535406213448226                               8.417909575691995E-5-8.361327627426363E-5i
60650                                             60650                                             -49.37082084787122                                -2.6119159861837105E-5-6.278028739414854E-5i
60800                                             60800                                             -46.09736474392421                                -9.682189740267688E-5+2.122064152410008E-5i
60950                                             60950                                             -41.86368046726827                                -9.839947208600819E-5+1.2790856062572242E-4i
61100                                             61100                                             -39.519820427605346                               -3.4279263578185226E-5+2.0856967479387922E-4i
61250                                             61250                                             -38.502315849152524                               6.252868701539516E-5+2.2926304549875098E-4i
61400                                             61400                                             -38.54645947801665                                1.4654133806601966E-4+1.8554224316269519E-4i
61550                                             61550                                             -39.636018934257336                               1.816956611129239E-4+1.023892859512987E-4i
61700                                             61700                                             -42.02071255387237                                1.5718439635570292E-4+2.0279999298433715E-5i
61850                                             61850                                             -46.60312472429964                                9.014264494455748E-5-2.4880835881258E-5i
62000                                             62000                                             -58.683105275622836                               1.4895034918638306E-5-1.788368656985284E-5i
62150                                             62150                                             -52.63277966524022                                -3.489166619397022E-5+3.1051671303461426E-5i
62300                                             62300                                             -45.75667414070982                                -4.184130069651015E-5+9.421179642021826E-5i
62450                                             62450                                             -42.95824820469367                                -1.0780904293405946E-5+1.4186233299662288E-4i
62600                                             62600                                             -41.88476108255891                                3.6956959372225207E-5+1.5668801067336702E-4i
62750                                             62750                                             -41.956339054320146                               7.66636669755627E-5+1.4005707365216669E-4i
62900                                             62900                                             -42.94759226329006                                9.307573726008433E-5+1.0783219206444983E-4i
63050                                             63050                                             -44.64569704807974                                8.62223747705726E-5+7.930955009483043E-5i
63200                                             63200                                             -46.47664952499198                                6.801010803536567E-5+6.61648446476093E-5i
63350                                             63350                                             -47.36254906952862                                5.266071877352285E-5+6.759209679518818E-5i
63500                                             63500                                             -47.1695396205931                                 4.732300545040591E-5+7.372938169181165E-5i
63650                                             63650                                             -47.04767331965911                                4.854986869290423E-5+7.440987255480369E-5i
63800                                             63800                                             -47.77443507188817                                4.641539054772714E-5+6.725437758037245E-5i
63950                                             63950                                             -49.3212450868464                                 3.323993829124072E-5+5.976422939324433E-5i
64100                                             64100                                             -49.77451561910665                                1.0941192374935849E-5+6.398011361252731E-5i
64250                                             64250                                             -47.18738475433881                                -8.131280523793194E-6+8.705111727058679E-5i
64400                                             64400                                             -44.14062405713226                                -8.044242723048711E-6+1.2390403133299976E-4i
64550                                             64550                                             -42.0195711478751                                 1.9934049084291416E-5+1.5724963883434473E-4i
64700                                             64700                                             -40.92298724608965                                6.925743890978664E-5+1.6596683305392101E-4i
64850                                             64850                                             -40.84009902150663                                1.1833533523664119E-4+1.3770084027198148E-4i
65000                                             65000                                             -41.90344885219952                                1.4020088855382085E-4+7.841797548124863E-5i
65150                                             65150                                             -44.597044780143506                               1.1712166216665265E-4+1.2705556505676618E-5i
65300                                             65300                                             -50.65023282133378                                5.228303755022701E-5-2.6650973149799917E-5i
65450                                             65450                                             -55.81764849800388                                -2.853373081235233E-5-1.5286157539984302E-5i
65600                                             65600                                             -46.02044573196174                                -8.746714794394261E-5+4.847528290230496E-5i
65750                                             65750                                             -41.522237430600335                               -9.29142778078873E-5+1.397860562347697E-4i
65900                                             65900                                             -39.16502829455651                                -3.6615614451562806E-5+2.1711445940342244E-4i
66050                                             66050                                             -38.09484546414093                                5.977526498646135E-5+2.4177087545884657E-4i
66200                                             66200                                             -38.06214333727781                                1.53010836109857E-4+1.9769354937360095E-4i
66350                                             66350                                             -39.0736885980391                                 1.981782373189911E-4+1.0116907454227331E-4i
66500                                             66500                                             -41.3666888174916                                 1.708070875882095E-4-5.049165704540393E-6i
66650                                             66650                                             -45.41848495267377                                8.014755643814819E-5-7.11582612230588E-5i
66800                                             66800                                             -48.84297257649136                                -3.3149976951252214E-5-6.420426552755654E-5i
66950                                             66950                                             -45.11344849207218                                -1.100830908168926E-4+1.430650371680997E-5i
67100                                             67100                                             -39.76081091628555                                -1.5643444813129292E-4+1.333906719707123E-4i
67250                                             67250                                             -38.05842618998261                                -8.295403376340493E-5+2.359389675924417E-4i
67400                                             67400                                             -37.17784429825649                                3.303843618374103E-5+2.7480304808424894E-4i
67550                                             67550                                             -37.270031578707275                               1.483085212713453E-4+2.3022557959451184E-4i
67700                                             67700                                             -37.92262301442945                                1.9609023380573465E-4+1.6150533489345253E-4i
67850                                             67850                                             -40.43730425986758                                1.8899343196043805E-4+2.1210964543660893E-5i
68000                                             68000                                             -44.44902967766165                                1.0374507809723932E-4-5.997536327306818E-5i
68150                                             68150                                             -49.30633060963143                                -1.050650345202353E-5-6.76931171693651E-5i
68300                                             68300                                             -45.89730234468202                                -1.0138932726305727E-4-2.8593566937518133E-6i
68450                                             68450                                             -41.671675153677015                               -1.299391807126904E-4+1.0166652486676142E-4i
68600                                             68600                                             -39.32895097831454                                -8.794231770165029E-5+1.973570579865136E-4i
68750                                             68750                                             -37.858127110710946                               -1.2327507776799251E-5+2.5563437659625876E-4i
68900                                             68900                                             -38.5009369815172                                 9.772016001174944E-5+2.1665660235248296E-4i
69050                                             69050                                             -39.580829402726664                               1.5156662397586285E-4+1.4519200023832557E-4i
69200                                             69200                                             -41.98263629549646                                1.4763037049653205E-4+5.953717934192859E-5i
69350                                             69350                                             -46.61020527210184                                9.343471591333197E-5-6.788569386628751E-7i
69500                                             69500                                             -59.04485625725235                                1.860934745201437E-5-1.2332395466607693E-5i
69650                                             69650                                             -52.4722200277359                                 -4.1847736680089564E-5+2.2639933421997327E-5i
69800                                             69800                                             -45.67520107382868                                -6.570231321789688E-5+8.069075242189694E-5i
69950                                             69950                                             -42.820369723851314                               -4.106605568504618E-5+1.3859165847751598E-4i
70100                                             70100                                             -41.80155923875024                                -1.017902931277348E-6+1.6253373557317818E-4i
70250                                             70250                                             -41.886345501391375                               4.0603349314105586E-5+1.5575257336208903E-4i
70400                                             70400                                             -42.87380214294358                                6.37825103260159E-5+1.287259478918168E-4i
70550                                             70550                                             -44.53745480737186                                6.394203056508951E-5+9.991035019141226E-5i
70700                                             70700                                             -46.28909557565265                                4.983595312862965E-5+8.316770118432792E-5i
70850                                             70850                                             -47.11062263833699                                3.527460206226296E-5+8.084570024446958E-5i
71000                                             71000                                             -46.949301956416406                               2.9213637105562906E-5+8.4978389123469E-5i
71150                                             71150                                             -46.90781103878646                                3.0382305860665593E-5+8.502465367743461E-5i
71300                                             71300                                             -47.72640605880059                                2.9579723721140372E-5+7.666053148147611E-5i
71450                                             71450                                             -49.41589211318332                                1.809608795894091E-5+6.517952952944661E-5i
71600                                             71600                                             -49.68045744313582                                -6.425103184048986E-6+6.53002709826156E-5i
71750                                             71750                                             -46.9742157257107                                 -3.1050265572374336E-5+8.405031281177866E-5i
71900                                             71900                                             -43.91388269089832                                -3.9632953663493176E-5+1.2112982235856773E-4i
72050                                             72050                                             -41.81083403573358                                -1.945768692013239E-5+1.6119333455399953E-4i
72200                                             72200                                             -40.73544288827691                                2.782941234846792E-5+1.816434133322664E-4i
72350                                             72350                                             -40.67345074215578                                8.358254865598047E-5+1.6513098853421226E-4i
72500                                             72500                                             -41.75964852915666                                1.1955262547003187E-4+1.1127263438681645E-4i
72650                                             72650                                             -44.48512730579806                                1.123047718573078E-4+4.035914217359604E-5i
72800                                             72800                                             -50.60259359996035                                5.725715614640636E-5-1.4261574194929239E-5i
72950                                             72950                                             -55.379696280838616                               -2.5758715540002974E-5-2.2259987885964172E-5i
73100                                             73100                                             -45.7515825992336                                 -9.953772638982006E-5+2.704188647617567E-5i
73250                                             73250                                             -41.30055346870676                                -1.267631270034375E-4+1.1653214404605539E-4i
73400                                             73400                                             -38.96212144836491                                -8.926971939260397E-5+2.0695183350416535E-4i
73550                                             73550                                             -37.900873098968376                               7.420278809178171E-7+2.546739341809934E-4i
73700                                             73700                                             -37.87206659992221                                1.0418367838449516E-4+2.3331687211358698E-4i
73850                                             73850                                             -38.88351691399301                                1.7250582839328787E-4+1.4821493932304364E-4i
74000                                             74000                                             -41.17176361106122                                1.7103860795764092E-4+3.5872288961180665E-5i
74150                                             74150                                             -45.2018522413716                                 9.673975282825653E-5-5.211598827226105E-5i
74300                                             74300                                             -48.43453795974297                                -1.8787292587751914E-5-7.33689219658551E-5i
74450                                             74450                                             -44.149532689698844                               -1.23058183349678E-4-1.555667695929408E-5i
74600                                             74600                                             -40.305309913131076                               -1.6718602328025245E-4+9.660948042167217E-5i
74750                                             74750                                             -38.11593161672968                                -1.293136706421727E-4+2.1214096522803594E-4i
74900                                             74900                                             -37.12074633568243                                -2.5502385210152134E-5+2.7743778210276293E-4i
75050                                             75050                                             -37.101946114235844                               9.745460143095741E-5+2.616513763290529E-4i
75200                                             75200                                             -38.0879105143225                                 1.842548912283637E-4+1.6785558715048943E-4i
75350                                             75350                                             -40.081996138403085                               1.956852389937147E-4+3.097030126109068E-5i
75500                                             75500                                             -47.2457947917679                                 7.201831645037293E-5+4.8530996521356506E-5i
75650                                             75650                                             -49.82527419547794                                1.1509731098979792E-5-6.349594948773518E-5i
75800                                             75800                                             -46.023677736585086                               -9.497340092490258E-5-3.119244583782432E-5i
75950                                             75950                                             -41.765008300296465                               -1.5121023127950828E-4+6.145726881845448E-5i
76100                                             76100                                             -39.43737774357682                                -1.3536120131407703E-4+1.649542989419217E-4i
76250                                             76250                                             -38.439919527095576                               -6.0362917747192046E-5+2.3161367760760054E-4i
76400                                             76400                                             -38.50756317816237                                3.516865037106465E-5+2.3487519422615843E-4i
76550                                             76550                                             -39.62731902172266                                1.068362495698083E-4+1.793602978947817E-4i
76700                                             76700                                             -42.057566112942766                               1.2542990624869743E-4+9.577736682397919E-5i
76850                                             76850                                             -46.737489814365816                               8.885867466351671E-5+2.4134611525283844E-5i
77000                                             77000                                             -59.595985841070124                               2.013738980066737E-5-5.786396571005881E-6i
77150                                             77150                                             -52.37723197602257                                -4.6315000732655154E-5+1.2991504539816567E-5i
77300                                             77300                                             -45.64360572198491                                -8.22308187435894E-5+6.438124281149538E-5i
77450                                             77450                                             -42.90051242863584                                -7.791997413453267E-5+1.201686839867877E-4i
77600                                             77600                                             -41.85860755984713                                -4.39011066415973E-5+1.5539043398127284E-4i
77750                                             77750                                             -41.94480410572506                                -2.2298235333728655E-6+1.5986284847424592E-4i
77900                                             77900                                             -42.921950402720384                               2.668586759269065E-5+1.4035275516299794E-4i
78050                                             78050                                             -44.54355450039995                                3.422455882501341E-5+1.1348829217860956E-4i
78200                                             78200                                             -46.205354726405375                               2.5486060915180797E-5+9.451967465479161E-5i
78350                                             78350                                             -46.95824514515418                                1.3012161112602172E-5+8.881911992708602E-5i
78500                                             78500                                             -46.83095907348333                                7.032320429256611E-6+9.08205257024175E-5i
78650                                             78650                                             -46.87488840823592                                8.533509963215558E-6+9.023020767551237E-5i
78800                                             78800                                             -47.789583857544045                               9.492011386280641E-6+8.101968839080431E-5i
78950                                             78950                                             -49.49361224473247                                -2.1552903778365717E-7+6.70420273973793E-5i
79100                                             79100                                             -49.7755258685843                                 -2.3845296282631878E-5+6.036212825466514E-5i
79250                                             79250                                             -46.91550484335464                                -5.2949001914159854E-5+7.303594967522642E-5i
79400                                             79400                                             -43.84867087881783                                -7.040548458558948E-5+1.0738721540892726E-4i
79550                                             79550                                             -41.787686069345                                  -6.0321543359165286E-5+1.5120875812035806E-4i
79700                                             79700                                             -40.78634840526183                                -1.932525776926486E-5+1.816640644495271E-4i
79850                                             79850                                             -40.92911018387336                                3.6876487839176963E-5+1.7588673126378573E-4i
80000                                             80000                                             -40.686441005965705                               1.0080686570224096E-4+1.548869138568998E-4i
80150                                             80150                                             -44.28970738957528                                1.0146518232556634E-4+6.783427357004435E-5i
80300                                             80300                                             -50.57086632061602                                5.922004121067248E-5-5.387995599681616E-7i
80450                                             80450                                             -54.94714507053634                                -2.0961364781357794E-5-2.9000356071784417E-5i
80600                                             80600                                             -45.536012879699314                               -1.0573103079392077E-4+1.1765142583497479E-6i
80750                                             80750                                             -41.15651469994046                                -1.5461219759316247E-4+8.211893057885611E-5i
80900                                             80900                                             -38.85592202916761                                -1.4039378864605379E-4+1.7984777975754707E-4i
81050                                             81050                                             -37.82218539237321                                -6.435551788402938E-5+2.4880433392859835E-4i
81200                                             81200                                             -37.81781318306131                                4.1840819012040065E-5+2.5369489328108674E-4i
81350                                             81350                                             -38.854932688747546                               1.2961041416764685E-4+1.8779946791669389E-4i
81500                                             81500                                             -41.174976921672474                               1.5627271469825788E-4+7.80850591424187E-5i
81650                                             81650                                             -45.24439870748751                                1.0617656534461783E-4-2.6143429690206332E-5i
81800                                             81800                                             -48.39486990131434                                -5.196607448798574E-7-7.608102764478097E-5i
81950                                             81950                                             -44.056794964663126                               -1.1625139495574643E-4-4.693618576023795E-5i
82100                                             82100                                             -40.23377656502986                                -1.8827384580089035E-4+4.956533660871454E-5i
82250                                             82250                                             -38.42873152739665                                -1.7147422806040868E-4+1.6743040288491606E-4i
82400                                             82400                                             -37.47502249890163                                -8.851097394341201E-5+2.5240296755368874E-4i
82550                                             82550                                             -37.10391246340488                                1.393319317277708E-5+2.7879996211355174E-4i
82700                                             82700                                             -38.211314233306666                               1.1796359002264056E-4+2.155679047104453E-4i
82850                                             82850                                             -40.51047399982806                                1.5747559725554083E-4+1.0375740556733959E-4i
83000                                             83000                                             -44.588930174408105                               1.1777150040259698E-4-5.894489407909376E-6i
83150                                             83150                                             -49.44907838539086                                1.9542105593073344E-5-6.449118478291105E-5i
83300                                             83300                                             -45.77856170166737                                -9.08467291668158E-5-4.8166459958753904E-5i
83450                                             83450                                             -41.57840179937458                                -1.6370482878247383E-4+3.181091570281236E-5i
83600                                             83600                                             -39.2931375039326                                 -1.691005648046806E-4+1.359235828278793E-4i
83750                                             83750                                             -38.33400482359116                                -1.0950187291991487E-4+2.1613013071597464E-4i
83900                                             83900                                             -38.356208576689674                               -1.794137287647324E-5+2.4100133199567164E-4i
84050                                             84050                                             -39.54534037090092                                6.465617722822836E-5+2.0058464323813308E-4i
84200                                             84200                                             -42.008579349432544                               1.0088164985955217E-4+1.225209299150487E-4i
84350                                             84350                                             -46.73945716125027                                8.070661174647276E-5+4.4282576154630604E-5i
84500                                             84500                                             -59.94846973494039                                2.0117489278992373E-5-2.4699513012649277E-7i
84650                                             84650                                             -52.21270735708587                                -4.892016361879303E-5+3.1644811564479625E-6i
84800                                             84800                                             -45.55329648087762                                -9.543769357578391E-5+4.5029716727040814E-5i
84950                                             84950                                             -42.8393071706251                                 -1.0387432233827099E-4+1.0006639535986572E-4i
85100                                             85100                                             -41.815069826495304                               -7.897257654965184E-5+1.4177279679228327E-4i
85250                                             85250                                             -41.91068762665776                                -3.987904892466254E-5+1.5547460467535412E-4i
85400                                             85400                                             -42.88339252598216                                -7.787898773536917E-6+1.4329131761436908E-4i
85550                                             85550                                             -44.470992903917086                               5.403830213912553E-6+1.1940873194415946E-4i
85700                                             85700                                             -46.055810616711554                               1.3190320762301866E-6+9.958670739662612E-5i
85850                                             85850                                             -46.73337389595689                                -9.457397870671347E-6+9.163481931473427E-5i
86000                                             86000                                             -46.72546693407441                                -1.1055560089845429E-5+9.154027442659363E-5i
86150                                             86150                                             -46.790958762116716                               -1.1024939947146262E-5+9.084630710898267E-5i
86300                                             86300                                             -47.782475817911504                               -8.243562358623002E-6+8.122334497262518E-5i
86450                                             86450                                             -49.55764234338212                                -1.5209177240627092E-5+6.478873150150832E-5i
86600                                             86600                                             -49.75257714864633                                -3.7675381642565675E-5+5.3057204750350806E-5i
86750                                             86750                                             -46.789923807348266                               -6.931165211421231E-5+5.977032426196516E-5i
86900                                             86900                                             -43.712055537704224                               -9.331201986972903E-5+9.115233329226591E-5i
87050                                             87050                                             -41.682200536331315                               -8.96333805704419E-5+1.3827595594106956E-4i
87200                                             87200                                             -40.80741806294533                                -4.061831866636334E-5+1.7766238498517772E-4i
87350                                             87350                                             -40.099456317604016                               -3.751545825081415E-5+1.9413132939349875E-4i
87500                                             87500                                             -41.56090080804404                                4.687741395947853E-5+1.6039330336869995E-4i
87650                                             87650                                             -44.417088176388155                               7.876115733768119E-5+9.08997825110891E-5i
87800                                             87800                                             -50.719546948774706                               5.6580051947696663E-5+1.370988416893315E-5i
87950                                             87950                                             -54.629987655416386                               -1.4240072971016815E-5-3.4272787456268716E-5i
88100                                             88100                                             -45.3791585303467                                 -1.0453566568868755E-4-2.576654173458426E-5i
88250                                             88250                                             -41.05193317173324                                -1.722705082304321E-4+4.14526143446281E-5i
88400                                             88400                                             -38.776340397911476                               -1.823147905197775E-4+1.4064009340697403E-4i
88550                                             88550                                             -37.7595121894236                                 -1.2479058383574326E-4+2.2678745777249265E-4i
88700                                             88700                                             -37.77027628267299                                -2.211863820977822E-5+2.5758520570529075E-4i
88850                                             88850                                             -38.82437319160469                                7.977237227363432E-5+2.1464281406957664E-4i
89000                                             89000                                             -41.1678832841329                                 1.325671417675145E-4+1.1399245321253026E-4i
89150                                             89150                                             -45.270510866504026                               1.090195452938536E-4+6.861957313475386E-8i
89300                                             89300                                             -48.3480924471446                                 1.7037432218258708E-5-7.457214020956116E-5i
89450                                             89450                                             -43.954103285810845                               -1.0288837183303201E-4-7.421220758541125E-5i
89600                                             89600                                             -40.16895268886881                                -1.9613150242869803E-4+2.4903432369605127E-6i
89750                                             89750                                             -38.03346204593897                                -2.196170695675237E-4+1.2115068442464239E-4i
89900                                             89900                                             -37.092489840787195                               -1.6242281927414393E-4+2.2748099127811727E-4i
90050                                             90050                                             -37.15237888630145                                -5.1130015679135E-5+2.7284518840997585E-4i
90200                                             90200                                             -38.2182051227844                                 6.279617097210144E-5+2.3737277660995648E-4i
90350                                             90350                                             -40.52894421681822                                1.2752454862352547E-4+1.3838613337491257E-4i
90500                                             90500                                             -44.64426860247288                                1.1501126563673303E-4+2.2388082787316854E-5i
90650                                             90650                                             -49.500317794845856                               3.346164717915601E-5-5.8035020312097174E-5i
90800                                             90800                                             -45.70491680802906                                -7.779348704106681E-5-6.857208428667771E-5i
90950                                             90950                                             -41.51366272313435                                -1.6780958086548559E-4-8.29633739984903E-6i
91100                                             91100                                             -39.24166769565467                                -1.9810557556354524E-4+9.1572742855206E-5i
91250                                             91250                                             -38.28750182167419                                -1.5972137662623176E-4+1.8391282291785327E-4i
91400                                             91400                                             -38.39329742076852                                -7.539309468995725E-5+2.2852302374254396E-4i
91550                                             91550                                             -39.55289294989018                                1.3361036046322106E-5+2.1014026540744357E-4i
91700                                             91700                                             -42.034042696015604                               6.704991876615995E-5+1.433371623681401E-4i
91850                                             91850                                             -46.81105833816753                                6.623163258845377E-5+6.284347806151391E-5i
92000                                             92000                                             -60.41594394995737                                1.8313486550458613E-5+5.299407592418426E-6i
92150                                             92150                                             -52.073745205778096                               -4.917190720998832E-5-7.96611180542417E-6i
92300                                             92300                                             -45.496112069129595                               -1.0408930884198142E-4+2.1190668302750737E-5i
92450                                             92450                                             -42.810764567592685                               -1.2548927197553184E-4+7.206089959588269E-5i
92600                                             92600                                             -41.80225572556247                                -1.117338517101496E-4+1.1802356247492263E-4i
92750                                             92750                                             -41.90498862533873                                -7.779331433216408E-5+1.4051590872155018E-4i
92900                                             92900                                             -42.87050788464107                                -4.446682456715756E-5+1.3666360428987723E-4i
93050                                             93050                                             -44.420017024664816                               -2.6388250552566994E-5+1.1730301815526811E-4i
93200                                             93200                                             -45.92620906430749                                -2.5509649972055293E-5+9.782116244960726E-5i
93350                                             93350                                             -46.56350763295427                                -3.312716256553827E-5+8.790608410835787E-5i
93500                                             93500                                             -46.54090541042849                                -3.8387011776164215E-5+8.600798459590386E-5i
93650                                             93650                                             -45.68741079228444                                -3.23405244404551E-5+9.874960028644075E-5i
93800                                             93800                                             -47.44228659456319                                -2.8710620498917372E-5+7.989978111011542E-5i
93950                                             93950                                             -49.24675851159272                                -3.274277551235105E-5+6.070806523483796E-5i
94100                                             94100                                             -49.072943833237346                               -5.5706816701805995E-5+4.299510693717146E-5i
94250                                             94250                                             -38.869711239928726                               -1.1437227748845036E-4+1.970015305684525E-4i
94400                                             94400                                             -44.2160730191239                                 -1.0530411329523481E-4+6.373728208641793E-5i
94550                                             94550                                             -41.827704986545754                               -1.205794573786445E-4+1.0826023406229623E-4i
94700                                             94700                                             -40.709309093101744                               -9.888852005646154E-5+1.555431894422199E-4i
94850                                             94850                                             -40.6639129610484                                 -4.5511346089655014E-5+1.7960599541100297E-4i
95000                                             95000                                             -41.79945826711749                                1.73560932300032E-5+1.6164714879296493E-4i
95150                                             95150                                             -44.62086398117441                                5.811396285931858E-5+1.0210666317700401E-4i
95300                                             95300                                             -50.96045476103959                                5.1388263711760196E-5+2.3782826590768025E-5i
95450                                             95450                                             -54.48441665230032                                -7.373935990540037E-6-3.701324541027784E-5i
95600                                             95600                                             -45.37080913695689                                -9.659003287831869E-5-4.77942691794464E-5i
95750                                             95750                                             -41.08180851373412                                -1.7655832524371418E-4+2.7157431855551195E-6i
95900                                             95900                                             -38.81928886714257                                -2.0781180971862767E-4+9.649270967748702E-5i
96050                                             96050                                             -37.79390543296784                                -1.7128584125114532E-4+1.9271185727187667E-4i
96200                                             96200                                             -37.979225595745376                               -7.660152406785414E-5+2.404826668940263E-4i
96350                                             96350                                             -38.95249887780698                                2.9719956826879113E-5+2.2366838289800128E-4i
96500                                             96500                                             -41.31004700558257                                1.0239241595433324E-4+1.382016062001501E-4i
96650                                             96650                                             -45.4444834640408                                 1.0430726288990222E-4+2.3206959532617866E-5i
96800                                             96800                                             -48.476921622647666                               3.163556398061429E-5-6.840647662853527E-5i
96950                                             96950                                             -43.988753878663324                               -8.409963973532442E-5-9.430178703095926E-5i
97100                                             97100                                             -40.23909541065302                                -1.9036558571050577E-4-4.022828233274378E-5i
97250                                             97250                                             -38.14423574690165                                -2.3777390510454355E-4+6.919833121321606E-5i
97400                                             97400                                             -37.33437670894405                                -2.0173336392981245E-4+1.8220835973725702E-4i
97550                                             97550                                             -37.15248413771912                                -1.1081828203735045E-4+2.545117211616432E-4i
97700                                             97700                                             -38.313586551094176                               9.219476242383617E-6+2.4268196301380218E-4i
97850                                             97850                                             -40.67764434285795                                9.321061918043938E-5+1.5979050626546698E-4i
98000                                             98000                                             -44.87340503921398                                1.0509140111103488E-4+4.448652275634846E-5i
98150                                             98150                                             -49.79084313252227                                4.1865231198312536E-5-4.9443474638422025E-5i
98300                                             98300                                             -45.96606880028816                                -6.433608367290011E-5-7.737714438171839E-5i
98450                                             98450                                             -43.403581192229915                               -1.3515649385098527E-4+1.0859890954284523E-6i
98600                                             98600                                             -39.05785420819433                                -2.2206070059993532E-4+1.9485455544532293E-5i
98750                                             98750                                             -38.21682059814673                                -2.0605081735591835E-4+1.3360942333784376E-4i
98900                                             98900                                             -38.39981301988483                                -1.321587505247468E-4+2.0088341098256635E-4i
99050                                             99050                                             -39.60431004813385                                -3.981900038252384E-5+2.0549956140936132E-4i
99200                                             99200                                             -42.133465268763445                               2.9183597253013005E-5+1.53697095462757E-4i
99350                                             99350                                             -46.98383676780669                                4.7889968684322604E-5+7.56132180650404E-5i
99500                                             99500                                             -60.95496950468751                                1.535079769815484E-5+9.24098959376174E-6i
99650                                             99650                                             -52.31792502302697                                -4.539194232239252E-5-1.6889188283020218E-5i
99800                                             99800                                             -43.97490455780548                                -1.2258539480025643E-4-3.1454597394064976E-5i
99950                                             99950                                             -42.62787263551645                                -1.433671123712843E-4+3.587313196651287E-5i
