% Model:              FEM_BEM_model_stl_TwoProlSpheroids.mph
% Version:            COMSOL 6.3.0.335
% Date:               Oct 9 2025, 08:51
% Table:              Table 2 - TS_D_far
% f0 (1/s)               freq (Hz)                TS_Global_var_Point      Evaluate in the domain at the given coordinates in Geometry 1 (Pa), Ps_Global_var_Point
500                                               500                                               -63.113214568960416                               6.934422155546738E-6+1.213384151832475E-5i
650                                               650                                               -65.41744363849698                                7.915565708949135E-6+7.227908072060529E-6i
800                                               800                                               -66.71626119056371                                -8.475372402894088E-6-3.6560826028875226E-6i
950                                               950                                               -50.443701862103794                               -5.982204038845751E-5-5.7307644744097885E-6i
1100                                              1100                                              -41.429785382708275                               -1.651683058161435E-4+3.871449396142257E-5i
1250                                              1250                                              -33.61428626541483                                -3.4987304576550304E-4+2.27204214130583E-4i
1400                                              1400                                              -24.087134108584056                               -6.600403211013406E-4+0.001060728214653306i
1550                                              1550                                              -13.70314610117555                                0.003838263363087735-0.0015226814285808077i
1700                                              1700                                              -25.893070066080135                               3.3189619034867945E-4-9.589813081499754E-4i
1850                                              1850                                              -31.75350480234671                                -1.8425323832838014E-5-5.165098423640657E-4i
2000                                              2000                                              -37.443773781484396                               -9.23831483005122E-5-2.5203853239719187E-4i
2150                                              2150                                              -46.505517798024876                               -5.2992383750227745E-5-7.832829427356636E-5i
2300                                              2300                                              -53.04067383620626                                4.292828787949565E-5+1.1967590037187392E-5i
2450                                              2450                                              -42.389456148075226                               1.5030765227103116E-4+2.1935301318998235E-5i
2600                                              2600                                              -38.68232060563821                                2.3047710566198587E-4-3.254109346939593E-5i
2750                                              2750                                              -36.917406830157226                               2.5792684896519535E-4-1.2172335964366621E-4i
2900                                              2900                                              -36.242913882295696                               2.2644013250178174E-4-2.091284532880211E-4i
3050                                              3050                                              -36.41484518391222                                1.4999751140820639E-4-2.623409211734984E-4i
3200                                              3200                                              -37.41841212727404                                5.726026077285118E-5-2.630615168708328E-4i
3350                                              3350                                              -39.43882432900734                                -1.8766708216710892E-5-2.1252111040281907E-4i
3500                                              3500                                              -43.07837140672072                                -5.2338333395129943E-5-1.3019086838850225E-4i
3650                                              3650                                              -50.865805161673656                               -3.375688938400678E-5-4.623305430950797E-5i
3800                                              3800                                              -56.67941681832154                                2.7704349481627588E-5+9.576877552430751E-6i
3950                                              3950                                              -45.25321957645517                                1.076589742128875E-4+1.8499360926349517E-5i
4100                                              4100                                              -41.06233660996537                                1.7576132737279204E-4-2.0695068913001435E-5i
4250                                              4250                                              -38.929612632447494                               2.0682825688672635E-4-9.166181911279825E-5i
4400                                              4400                                              -37.96647031496879                                1.8992060067712924E-4-1.6678499276090442E-4i
4550                                              4550                                              -37.907252908530914                               1.3210200089730506E-4-2.1751601298802825E-4i
4700                                              4700                                              -38.722834052394354                               5.552364220839934E-5-2.2492817830488399E-4i
4850                                              4850                                              -40.58846402460087                                -1.1038641845650954E-5-1.8657265369370624E-4i
5000                                              5000                                              -44.099220720239174                               -4.2986049413662464E-5-1.1711873441566656E-4i
5150                                              5150                                              -51.77711027572715                                -2.897929602974081E-5-4.262557736978145E-5i
5300                                              5300                                              -57.48326018507817                                2.5043594801765767E-5+9.320791523159677E-6i
5450                                              5450                                              -45.994315801735965                               9.831189886105873E-5+1.9886564756044223E-5i
5600                                              5600                                              -41.737693602968704                               1.631275131050436E-4-1.410789789468847E-5i
5750                                              5750                                              -39.54759823576381                                1.9525527597791248E-4-7.916383472594823E-5i
5900                                              5900                                              -38.53443467679466                                1.8294190939477373E-4-1.502915082507439E-4i
6050                                              6050                                              -38.431416602449666                               1.3121673358185149E-4-2.004570273774764E-4i
6200                                              6200                                              -39.20845671376695                                5.987388065359367E-5-2.1074188829939278E-4i
6350                                              6350                                              -41.03994935426102                                -4.085694488509262E-6-1.7738519053012158E-4i
6500                                              6500                                              -44.51984246956424                                -3.6665520024681264E-5-1.1306404768496314E-4i
6650                                              6650                                              -52.16279181607695                                -2.585805107624406E-5-4.1980209260827905E-5i
6800                                              6800                                              -57.81740213557386                                2.39628693425864E-5+9.325288138573029E-6i
6950                                              6950                                              -46.34314813427985                                9.382422711845528E-5+2.193693611107772E-5i
7100                                              7100                                              -42.069630415958734                               1.5737265383347632E-4-8.409680107734907E-6i
7250                                              7250                                              -39.863252047241936                               1.9079832863327928E-4-6.982500879570974E-5i
7400                                              7400                                              -38.835126372614596                               1.8175674758930116E-4-1.3881636875978653E-4i
7550                                              7550                                              -38.71837554490098                                1.3395200211929748E-4-1.8917598550383108E-4i
7700                                              7700                                              -39.482749229571155                               6.566352997622316E-5-2.0186051114590153E-4i
7850                                              7850                                              -41.301245790202586                               2.7876513268854097E-6-1.7215148551708026E-4i
8000                                              8000                                              -44.76881226603504                                -3.1002609829355876E-5-1.1126339330336243E-4i
8150                                              8150                                              -52.38656157196424                                -2.309473558714803E-5-4.213699481503408E-5i
8300                                              8300                                              -58.00823737831787                                2.3347528699702025E-5+9.362097879050957E-6i
8450                                              8450                                              -46.57079172134424                                9.070269627126093E-5+2.4147888286418784E-5i
8600                                              8600                                              -42.2916290058195                                 1.535916368761714E-4-2.966268753623602E-6i
8750                                              8750                                              -40.078886903284754                               1.8844292480574287E-4-6.139420152517783E-5i
8900                                              8900                                              -39.04447621930275                                1.8234264827265978E-4-1.2882196697705517E-4i
9050                                              9050                                              -38.92188339301987                                1.3783895928964895E-4-1.796424371875993E-4i
9200                                              9200                                              -39.6804983836468                                 7.194714097746857E-5-1.946208530807514E-4i
9350                                              9350                                              -41.49342852434208                                9.659126448180455E-6-1.6812915832220554E-4i
9500                                              9500                                              -44.95314368351927                                -2.5530770705661787E-5-1.1015671259650972E-4i
9650                                              9650                                              -52.545964157169564                               -2.043756440639477E-5-4.2520469533902094E-5i
9800                                              9800                                              -58.142440240793206                               2.2892353251091624E-5+9.45738550461872E-6i
9950                                              9950                                              -46.7497677651737                                 8.805439563902562E-5+2.647322510218597E-5i
10100                                             10100                                             -42.467676517109226                               1.5051808072097383E-4+2.4494364829763526E-6i
10250                                             10250                                             -40.2508569462059                                 1.8686889776603488E-4-5.3244714126599035E-5i
10400                                             10400                                             -39.212325731155524                               1.8359263087480704E-4-1.193651150367403E-4i
10550                                             10550                                             -39.085219782487435                               1.4212910258326605E-4-1.708151979611383E-4i
10700                                             10700                                             -39.83904986975403                                7.82856398949261E-5-1.880999086847357E-4i
10850                                             10850                                             -41.64756425700355                                1.6237085888270997E-5-1.6464558945028518E-4i
11000                                             11000                                             -45.103155813538436                               -2.0601083151161603E-5-1.0921445910205829E-4i
11150                                             11150                                             -52.703975223245685                               -1.8356874682046165E-5-4.253453883529268E-5i
11300                                             11300                                             -58.21724117986031                                2.2179713454029137E-5+1.0539738284798261E-5i
11450                                             11450                                             -46.821024560917344                               8.600907737726926E-5+3.0319351434826558E-5i
11600                                             11600                                             -42.4924924685985                                 1.4980959513827274E-4+9.468685805424926E-6i
11750                                             11750                                             -40.129247945672155                               1.917918487399084E-4-4.5199650853255946E-5i
11900                                             11900                                             -34.048418921682206                               1.8448470060977717E-4-3.513441982998522E-4i
12050                                             12050                                             -39.58196631054071                                1.4317174428984947E-4-1.5343884523910667E-4i
12200                                             12200                                             -40.16469538965773                                8.611054247537053E-5-1.7634192939219862E-4i
12350                                             12350                                             -41.90541403178018                                2.6288876639801728E-5-1.584389112218032E-4i
12500                                             12500                                             -45.29380091961528                                -1.1569109125808552E-5-1.0811038234292969E-4i
12650                                             12650                                             -52.64022990455078                                -1.2801469563061829E-5-4.487780846984535E-5i
12800                                             12800                                             -58.362781234437584                               2.303423986743658E-5+7.2509258663977505E-6i
12950                                             12950                                             -47.2122816607914                                 8.231567511896021E-5+2.871321484798628E-5i
13100                                             13100                                             -42.90699233997294                                1.4263721139751162E-4+1.1665275271077746E-5i
13250                                             13250                                             -40.67341940030447                                1.8131060778509012E-4-3.716176157653184E-5i
13400                                             13400                                             -39.62199775414837                                1.8390391226336122E-4-9.908020303250886E-5i
13550                                             13550                                             -39.483044902587736                               1.4964378190651662E-4-1.505424726555571E-4i
13700                                             13700                                             -40.223288944741135                               9.164831090718861E-5-1.7203486201633478E-4i
13850                                             13850                                             -42.0108620275699                                 3.192178576016946E-5-1.5542280848523937E-4i
14000                                             14000                                             -45.41745611694744                                -6.986395735486539E-6-1.0696280110500389E-4i
14150                                             14150                                             -52.752177651463924                               -1.048495885824785E-5-4.486132957637334E-5i
14300                                             14300                                             -58.459267283357185                               2.2623535993193666E-5+7.649501476802989E-6i
14450                                             14450                                             -47.36955039033575                                7.97777432794966E-5+3.107294929727278E-5i
14600                                             14600                                             -43.06800949636501                                1.3946005598475253E-4+1.6937782531978307E-5i
14750                                             14750                                             -40.83568835596705                                1.7931109684410362E-4-2.90826294130353E-5i
14900                                             14900                                             -39.78428919284769                                1.8452517078332287E-4-8.937225038674335E-5i
15050                                             15050                                             -39.64415656866751                                1.5337630447376238E-4-1.410360308145009E-4i
15200                                             15200                                             -40.3814520025808                                 9.78119518852405E-5-1.6452778094733223E-4i
15350                                             15350                                             -42.162600180684244                               3.889643020066336E-5-1.509897618277023E-4i
15500                                             15500                                             -45.55261654626516                                -1.1610733688938168E-6-1.0552925780793476E-4i
15650                                             15650                                             -52.80090449664371                                -7.367724233597883E-6-4.5216250658786095E-5i
15800                                             15800                                             -58.54067941227441                                2.246854905257889E-5+7.410240112082356E-6i
15950                                             15950                                             -47.56468993068091                                7.700542868194216E-5+3.283464653047741E-5i
16100                                             16100                                             -43.257289609744085                               1.3570741771989914E-4+2.185878553895293E-5i
16250                                             16250                                             -41.01961726146611                                1.766012560053265E-4-2.1022104619627946E-5i
16400                                             16400                                             -39.96389924427103                                1.8448804947357456E-4-7.936022707699664E-5i
16550                                             16550                                             -39.819152308037246                               1.5664815814647737E-4-1.3100454360626124E-4i
16700                                             16700                                             -40.5503073885897                                 1.0377940445860379E-4-1.564266468162545E-4i
16850                                             16850                                             -42.32119342995013                                4.59155110809073E-5-1.460508491523127E-4i
17000                                             17000                                             -45.68799830664979                                4.853557272810338E-6-1.0379005484684178E-4i
17150                                             17150                                             -52.82425830849078                                -4.049249774540353E-6-4.5509784376118745E-5i
17300                                             17300                                             -58.61386255356203                                2.2383643635104367E-5+7.026133698850856E-6i
17450                                             17450                                             -47.78132251751824                                7.407068507686576E-5+3.435828757469839E-5i
17600                                             17600                                             -43.46507883813945                                1.3154950580746005E-4+2.6576677805700832E-5i
17750                                             17750                                             -41.22107827398878                                1.7328385434817184E-4-1.2996031493850424E-5i
17900                                             17900                                             -40.15998302577077                                1.8376981051482222E-4-6.915177779431847E-5i
18050                                             18050                                             -40.0098643511457                                 1.5930118040657915E-4-1.2055033385305336E-4i
18200                                             18200                                             -40.73422491940449                                1.0930078584048264E-4-1.4775525616783636E-4i
18350                                             18350                                             -42.493950944388075                               5.2714467589753955E-5-1.4052113702234248E-4i
18500                                             18500                                             -45.83467861985604                                1.0836126786872846E-5-1.0158727081843733E-4i
18650                                             18650                                             -52.84585044878423                                -7.018841121642083E-7-4.557072802102713E-5i
18800                                             18800                                             -58.71082518322776                                2.223740499468496E-5+6.613598272919852E-6i
18950                                             18950                                             -48.03588865822747                                7.083314066158586E-5+3.5637994995618705E-5i
19100                                             19100                                             -43.7122951806759                                 1.267057306529873E-4+3.099354495561535E-5i
19250                                             19250                                             -41.46587068053208                                1.6886351630024388E-4-5.134052918465137E-6i
19400                                             19400                                             -40.40659310291847                                1.8158259433348478E-4-5.876100255552963E-5i
19550                                             19550                                             -40.26199754478263                                1.6027264448653655E-4-1.094117833078112E-4i
19700                                             19700                                             -40.99593671473333                                1.1314371666731882E-4-1.3784545625161737E-4i
19850                                             19850                                             -42.770309273118485                               5.804422628080674E-5-1.3329355812685684E-4i
20000                                             20000                                             -46.129915630070144                               1.5659734312944984E-5-9.7499771450682E-5i
20150                                             20150                                             -53.13595386991211                                1.5858881058927743E-6-4.4050519745097994E-5i
20300                                             20300                                             -59.54763001038566                                1.9999528110492548E-5+6.628045169931873E-6i
20450                                             20450                                             -49.418350441450755                               5.849201083801825E-5+3.394016369506758E-5i
20600                                             20600                                             -40.07589089664647                                1.8556234083144663E-4+6.981195053645806E-5i
20750                                             20750                                             -40.82014968140433                                1.8188756228665337E-4+5.784448003365306E-6i
20900                                             20900                                             -40.06200422582595                                1.9240701985845376E-4-4.9117369717910364E-5i
21050                                             21050                                             -40.012104059967925                               1.7199030124293024E-4-1.0152836537802301E-4i
21200                                             21200                                             -40.77220928779888                                1.2568188667433366E-4-1.3299698000401872E-4i
21350                                             21350                                             -42.528059303826524                               6.998151524656437E-5-1.321036710466572E-4i
21500                                             21500                                             -45.80553198919606                                2.5240273111626355E-5-9.935093105628567E-5i
21650                                             21650                                             -52.45653965912497                                7.759077201741071E-6-4.702961492641933E-5i
21800                                             21800                                             -58.31787868536957                                2.3663269892115757E-5+5.409472257689174E-6i
21950                                             21950                                             -48.286279797498715                               6.665007301032144E-5+3.8638349261876925E-5i
22100                                             22100                                             -43.9381877619232                                 1.2041952313301962E-4+4.064102547030046E-5i
22250                                             22250                                             -41.66151492785474                                1.6480375044747309E-4+1.1124414224572554E-5i
22400                                             22400                                             -40.5705624801756                                 1.832942411864047E-4-3.84540097739805E-5i
22550                                             22550                                             -40.38823862861949                                1.6916487074508657E-4-8.923345043132525E-5i
22700                                             22700                                             -41.07148066277852                                1.2792051212856537E-4-1.2202785419634932E-4i
22850                                             22850                                             -42.76760630958394                                7.516830015991127E-5-1.244957445422079E-4i
23000                                             23000                                             -45.975381477791444                               3.0721288361956756E-5-9.571241123484953E-5i
23150                                             23150                                             -52.43803799297127                                1.1159332285015644E-5-4.644520378460637E-5i
23300                                             23300                                             -58.35667404543572                                2.3651645491173934E-5+4.95705779024469E-6i
23450                                             23450                                             -48.56132123137844                                6.334858156525902E-5+3.9470107069616844E-5i
23600                                             23600                                             -44.182569268148725                               1.1527459954285835E-4+4.450283070689398E-5i
23750                                             23750                                             -41.88087380317228                                1.5998793943156064E-4+1.854769197484618E-5i
23900                                             23900                                             -40.768689085135975                               1.808555066553641E-4-2.8329681061367573E-5i
24050                                             24050                                             -40.56577830521359                                1.7024183480190969E-4-7.83062433481474E-5i
24200                                             24200                                             -41.22599074852967                                1.3231258047735617E-4-1.1249637895893727E-4i
24350                                             24350                                             -42.89105359987464                                8.14256053197071E-5-1.1801114006793068E-4i
24500                                             24500                                             -46.04175490655124                                3.671363602986144E-5-9.27551411180616E-5i
24650                                             24650                                             -52.30642082723571                                1.4897751569653561E-5-4.615140180608268E-5i
24800                                             24800                                             -58.25212001801987                                2.4051040491079867E-5+4.444055439201122E-6i
24950                                             24950                                             -48.7791690855586                                 6.063312944976085E-5+4.0274102970583314E-5i
25100                                             25100                                             -44.37218594336608                                1.1087844769142041E-4+4.819131385402908E-5i
25250                                             25250                                             -42.04404048410143                                1.5598687203116635E-4+2.5529374479971167E-5i
25400                                             25400                                             -40.90756394418054                                1.791576671297257E-4-1.8951864859895196E-5i
25550                                             25550                                             -40.67928634100505                                1.7185066341912636E-4-6.837864322462028E-5i
25700                                             25700                                             -41.3094455275489                                 1.3694671023928295E-4-1.040845179336447E-4i
25850                                             25850                                             -42.93322737953795                                8.765140803518312E-5-1.1258477313214055E-4i
26000                                             26000                                             -46.01145321908817                                4.2546650747654624E-5-9.061382756403447E-5i
26150                                             26150                                             -52.051076108628095                               1.864659298045357E-5-4.633169309187224E-5i
26300                                             26300                                             -57.945888445244414                               2.5060563604073494E-5+3.7247450510591307E-6i
26450                                             26450                                             -48.8446070174063                                 5.9632901434514274E-5+4.078064721713126E-5i
26600                                             26600                                             -44.36983535760512                                1.09772099386507E-4+5.073886344630907E-5i
26750                                             26750                                             -41.94656952615823                                1.5714570285757512E-4+2.9256485665984933E-5i
26900                                             26900                                             -40.66640969623844                                1.8444830685870883E-4-1.6990823480056427E-5i
27050                                             27050                                             -40.16985427447683                                1.817047205225908E-4-7.381853666377225E-5i
27200                                             27200                                             -40.070384810063466                               1.4926301083340032E-4-1.3068094895041238E-4i
27350                                             27350                                             -31.96622159255511                                -2.3753052147668097E-4-4.4489641281797443E-4i
27500                                             27500                                             -48.29034610144373                                5.0923727536233976E-5-5.776135169077712E-5i
27650                                             27650                                             -53.211186272252284                               2.27577355407238E-5-3.730523946887665E-5i
27800                                             27800                                             -59.13674366647352                                2.1352521238027222E-5+5.659630030074858E-6i
27950                                             27950                                             -49.83843985954501                                4.7951221019970625E-5+4.303818307527241E-5i
28100                                             28100                                             -45.26526012471432                                9.218101712366034E-5+5.832927529103582E-5i
28250                                             28250                                             -42.82873923017605                                1.3715315283496787E-4+4.519794425983381E-5i
28400                                             28400                                             -41.61236484633108                                1.658968193845034E-4+8.532726626708786E-6i
28550                                             28550                                             -41.3176432554765                                 1.6762937257008836E-4-3.7849494874397926E-5i
28700                                             28700                                             -41.887155478795826                               1.415408218503611E-4-7.660848796542385E-5i
28850                                             28850                                             -43.471247597534706                               9.591748089227137E-5-9.373293694248108E-5i
29000                                             29000                                             -45.43835710295424                                8.994255611072255E-5-5.7836178946724104E-5i
29150                                             29150                                             -51.51681238840502                                3.085696400367821E-5-4.322834388814645E-5i
29300                                             29300                                             -57.81381246634592                                2.5648389394894444E-5+1.9715357023608604E-6i
29450                                             29450                                             -49.95568211449961                                4.861936087241503E-5+4.095344925769684E-5i
29600                                             29600                                             -45.393851689621485                               8.986556378109967E-5+5.896312175668328E-5i
29750                                             29750                                             -42.949854070638125                               1.335190896246119E-4+4.952739114594262E-5i
29900                                             29900                                             -41.726531862477486                               1.6311056884749098E-4+1.6539416002214757E-5i
30050                                             30050                                             -41.42125414500656                                1.6760023784395672E-4-2.731539965339369E-5i
30200                                             30200                                             -41.96844768513978                                1.4542777787862615E-4-6.536882947172362E-5i
30350                                             30350                                             -43.479171955908065                               1.0501846645355473E-4-8.32127394967408E-5i
30500                                             30500                                             -46.34639104305965                                6.15757567923314E-5-7.406558534239771E-5i
30650                                             30650                                             -51.72736233682127                                3.135595658915191E-5-4.1281364411949184E-5i
30800                                             30800                                             -57.80023245460593                                2.5591219728005044E-5+2.981393170120583E-6i
30950                                             30950                                             -50.06711030103783                                4.6318403976286504E-5+4.2347015291599455E-5i
31100                                             31100                                             -45.51668583751759                                8.568450849782971E-5+6.23575680056554E-5i
31250                                             31250                                             -43.06647421630254                                1.289335683926085E-4+5.58489817699126E-5i
31400                                             31400                                             -41.83184668349729                                1.5993976227901552E-4+2.5571964434423222E-5i
31550                                             31550                                             -41.510710676429056                               1.6722100618987712E-4-1.688829136847758E-5i
31700                                             31700                                             -42.03512480534756                                1.4818244064301878E-4-5.547034693054176E-5i
31850                                             31850                                             -43.5093055232248                                 1.1003631617007015E-4-7.563801867238595E-5i
32000                                             32000                                             -46.30394656561982                                6.707075823575437E-5-6.978475072894064E-5i
32150                                             32150                                             -51.47577946178197                                3.528488081905312E-5-4.0032452527816176E-5i
32300                                             32300                                             -57.539873400429926                               2.6418956930784887E-5+2.6171890716852886E-6i
32450                                             32450                                             -50.335551009051585                               4.360430935274051E-5+4.24411115901302E-5i
32600                                             32600                                             -45.74608760695792                                8.026181976483748E-5+6.488861710129967E-5i
32750                                             32750                                             -43.26017832883692                                1.2262653910155574E-4+6.200385653643004E-5i
32900                                             32900                                             -41.99622268076254                                1.5495113544961026E-4+3.5360998385303155E-5i
33050                                             33050                                             -41.642564056519014                               1.654782737747218E-4-4.504039166408624E-6i
33200                                             33200                                             -42.10043429647472                                1.5141990818551276E-4-4.163346264174361E-5i
33350                                             33350                                             -36.07432842071049                                5.0096353738871E-5-3.102592978662111E-4i
33500                                             33500                                             -46.55440801550925                                6.792746012557194E-5-6.503274977154305E-5i
33650                                             33650                                             -51.65037255868047                                3.706016896115605E-5-3.690468532380198E-5i
33800                                             33800                                             -57.39752265970346                                2.6628131373995778E-5+4.386146970181137E-6i
33950                                             33950                                             -50.356034511634604                               4.148214001087336E-5+4.432148109190237E-5i
34100                                             34100                                             -45.80886133068056                                7.63137759351995E-5+6.83800723491057E-5i
34250                                             34250                                             -43.32804113201707                                1.1823889252027264E-4+6.788636023158379E-5i
34400                                             34400                                             -42.060499419601754                               1.5170817137305503E-4+4.328717867774223E-5i
34550                                             34550                                             -41.70361206087006                                1.6433205183796762E-4+3.976552175322112E-6i
34700                                             34700                                             -42.18487318788506                                1.514807318118705E-4-3.521460163069534E-5i
34850                                             34850                                             -43.598167810073924                               1.1799416070112922E-4-5.954308632649674E-5i
35000                                             35000                                             -46.284516295331535                               7.63580284026677E-5-5.983191052882919E-5i
35150                                             35150                                             -51.17143338402023                                4.2042105566686416E-5-3.5871942346110686E-5i
35300                                             35300                                             -57.090655963181476                               2.7733207334901255E-5+3.5336847497013935E-6i
35450                                             35450                                             -50.684307782231755                               3.8624629938532884E-5+4.3874980580449474E-5i
35600                                             35600                                             -46.05400990216879                                7.051835483212754E-5+7.035998463789106E-5i
35750                                             35750                                             -43.5150506593051                                 1.1142814218301211E-4+7.341185155285146E-5i
35900                                             35900                                             -42.20754046964242                                1.4606638953174045E-4+5.220327251553858E-5i
36050                                             36050                                             -41.81815234143877                                1.6153875881663726E-4+1.4924376359859437E-5i
36200                                             36200                                             -42.26771039819509                                1.5211594156944175E-4-2.429527148439803E-5i
36350                                             36350                                             -43.642809122107636                               1.213392301517291E-4-5.065725681696609E-5i
36500                                             36500                                             -46.268607292906054                               8.066773618403689E-5-5.4200162499351556E-5i
36650                                             36650                                             -51.019818725684225                               4.5174104338185916E-5-3.3498460017655773E-5i
36800                                             36800                                             -57.03117858990403                                2.788785419355344E-5+3.829272644084725E-6i
36950                                             36950                                             -51.042980080926                                  3.482413793776118E-5+4.396934236539085E-5i
37100                                             37100                                             -46.455987218353876                               6.213085871675794E-5+7.201287386937594E-5i
37250                                             37250                                             -45.11365414278474                                7.959087589404223E-5+7.738004842017254E-5i
37400                                             37400                                             -41.88914734420934                                1.4871858904835777E-4+6.142937874598076E-5i
37550                                             37550                                             -41.66303946104583                                1.6321044971712162E-4+2.5234932947926225E-5i
37700                                             37700                                             -42.12277587363915                                1.559802076082084E-4-1.4316709141981576E-5i
37850                                             37850                                             -43.45839692093345                                1.2730767169499835E-4-4.2802831719312984E-5i
38000                                             38000                                             -45.984059685165334                               8.733084093320853E-5-4.957636687807909E-5i
38150                                             38150                                             -50.46426923397949                                5.0680569103400686E-5-3.203022098097197E-5i
38300                                             38300                                             -56.191750104024436                               3.081846331337568E-5+3.402933521412521E-6i
38450                                             38450                                             -51.06493672970999                                3.497496295296054E-5+4.366818507972603E-5i
38600                                             38600                                             -46.36204627935447                                6.146099748977063E-5+7.393543428224625E-5i
38750                                             38750                                             -43.723012733018756                               1.003131038674332E-4+8.312812620647758E-5i
38900                                             38900                                             -42.32845506854888                                1.3702090664236E-4+6.800880213986282E-5i
39050                                             39050                                             -41.85115387837556                                1.5792002049325182E-4+3.434456196915736E-5i
39200                                             39200                                             -42.19352185318435                                1.5527565115713848E-4-5.2758611158720825E-6i
39350                                             39350                                             -43.40649971409793                                1.3017722371555518E-4-3.61949593756794E-5i
39500                                             39500                                             -45.69794027446713                                9.231994744346439E-5-4.741596545887461E-5i
39650                                             39650                                             -49.06540894106013                                5.860838955668024E-5-3.9057445737067376E-5i
39800                                             39800                                             -57.84084183801221                                2.2705288360791442E-5+1.1920196468562239E-5i
39950                                             39950                                             -51.37809842540827                                2.7852647605575154E-5+4.622363208373059E-5i
40100                                             40100                                             -46.622077286056566                               5.1937515170075166E-5+7.751882415196754E-5i
40250                                             40250                                             -43.94864637628217                                8.954233651858878E-5+8.99770689375412E-5i
40400                                             40400                                             -42.5291987081896                                 1.270852369468778E-4+7.869099265500612E-5i
40550                                             40550                                             -42.03569325850295                                1.507620055838932E-4+4.798474893474847E-5i
40700                                             40700                                             -42.37288949209763                                1.518946142162192E-4+9.474106965390305E-6i
40850                                             40850                                             -43.6035168424596                                 1.3018231822908843E-4-2.2339733909637616E-5i
41000                                             41000                                             -45.99673794722689                                9.37859329563917E-5-3.5486535572615274E-5i
41150                                             41150                                             -50.23061489544396                                5.629942371465635E-5-2.4970215330655243E-5i
41300                                             41300                                             -55.88772868480926                                3.1655404740538184E-5+5.385435004945371E-6i
41450                                             41450                                             -51.535603040453424                               2.8954449362350587E-5+4.438809764439888E-5i
41600                                             41600                                             -46.75590696459523                                4.908989516433371E-5+7.767012101500548E-5i
41750                                             41750                                             -44.03702218184318                                8.445193922740346E-5+9.304291710332535E-5i
41900                                             41900                                             -42.58418219046447                                1.21789351554491E-4+8.502467856286167E-5i
42050                                             42050                                             -42.0611200112464                                 1.4715343523735713E-4+5.6845925788140406E-5i
42200                                             42200                                             -42.36632088116022                                1.5108638493993576E-4+1.9227452926595667E-5i
42350                                             42350                                             -43.555534129766535                               1.3211548007424634E-4-1.3631755912624222E-5i
42500                                             42500                                             -45.88223127840194                                9.727928696534605E-5-2.9333865976255424E-5i
42650                                             42650                                             -49.979606463231306                               5.949688232353978E-5-2.1884887598355718E-5i
42800                                             42800                                             -55.56852188250929                                3.2750605714837455E-5+6.091263437424388E-6i
42950                                             42950                                             -51.72478188739599                                2.6870371049259045E-5+4.435005566683081E-5i
43100                                             43100                                             -46.91053759089759                                4.389805316629136E-5+7.886774170362543E-5i
43250                                             43250                                             -44.14359369748933                                7.735122785201831E-5+9.707300406114339E-5i
43400                                             43400                                             -42.65391920990447                                1.1466862705933334E-4+9.252847251894902E-5i
43550                                             43550                                             -42.09922191727323                                1.419050297843394E-4+6.731405323412432E-5i
43700                                             43700                                             -42.37427009859408                                1.4891752624035526E-4+3.12720489912266E-5i
43850                                             43850                                             -43.53511955569597                                1.331216275770597E-4-1.4397709957592042E-6i
44000                                             44000                                             -45.88351084436677                                1.0048985584087955E-4-1.4915863861930667E-5i
44150                                             44150                                             -49.390062671046095                               6.350716754249808E-5-2.387414501703322E-5i
44300                                             44300                                             -54.98677451427795                                3.5169589288730485E-5+5.645257626585298E-6i
44450                                             44450                                             -51.87288286799466                                2.6751883185904823E-5+4.339504399275551E-5i
44600                                             44600                                             -47.05969045026159                                4.113286132179095E-5+7.861420962007593E-5i
44750                                             44750                                             -44.24247862921603                                7.28669735846621E-5+9.874187964320491E-5i
44900                                             44900                                             -42.71124464409672                                1.1003721425573154E-4+9.652738732157662E-5i
45050                                             45050                                             -42.120547139053784                               1.386735655704019E-4+7.291796527519878E-5i
45200                                             45200                                             -42.363916876523156                               1.4786115799886312E-4+3.669758275504087E-5i
45350                                             45350                                             -43.521550340361905                               1.3333419493211096E-4+9.462196208787077E-7i
45500                                             45500                                             -54.90863084736246                                -1.653133387963246E-5+3.1914257594634066E-5i
45650                                             45650                                             -49.041683997922625                               6.885939268813646E-5-1.5683869248550586E-5i
45800                                             45800                                             -54.55796558250805                                3.693574656266074E-5+6.015576742846029E-6i
45950                                             45950                                             -52.369243244723705                               2.4155428049787986E-5+4.164893728419994E-5i
46100                                             46100                                             -47.452127099589845                               3.399869501663488E-5+7.769201398211134E-5i
46250                                             46250                                             -44.54074619708415                                6.149286099499385E-5+1.0138357705102852E-4i
46400                                             46400                                             -42.55382432097383                                6.685675981998873E-5+1.3321701015511778E-4i
46550                                             46550                                             -42.226226710802244                               1.3319358342966936E-4+7.884629945065225E-5i
46700                                             46700                                             -42.438341317493176                               1.4375180479375693E-4+4.637565730314375E-5i
46850                                             46850                                             -43.497561582567826                               1.3313991047642082E-4+1.2294008852387073E-5i
47000                                             47000                                             -45.624883007606805                               1.0421405431904063E-4-9.664600303382898E-6i
47150                                             47150                                             -49.32697280221714                                6.746991295702998E-5-1.0876750005883729E-5i
47300                                             47300                                             -54.50093407142088                                3.647334047696127E-5+9.415082269703667E-6i
47450                                             47450                                             -52.14626429492341                                2.268463857396652E-5+4.388226184481869E-5i
47600                                             47600                                             -47.35599383406718                                3.1158729133562435E-5+7.988783753298812E-5i
47750                                             47750                                             -44.46839850012122                                5.863904114900009E-5+1.042000348061567E-4i
47900                                             47900                                             -42.873558913286104                               9.479251170574354E-5+1.07954221404305E-4i
48050                                             48050                                             -42.22151653388396                                1.26064445868046E-4+8.995010974433004E-5i
48200                                             48200                                             -42.391606166846216                               1.407244315514422E-4+5.7085568872183856E-5i
48350                                             48350                                             -43.413418862083915                               1.3323976871093546E-4+2.177811354109327E-5i
48500                                             48500                                             -45.484059176822                                  1.0633876676763299E-4-2.655947199503572E-6i
48650                                             48650                                             -49.08164520675837                                6.995280899524392E-5-6.965757790577953E-6i
48800                                             48800                                             -54.19410476289307                                3.755776598501903E-5+1.0594221109383462E-5i
48950                                             48950                                             -52.31315608974435                                2.1115478520183917E-5+4.361635982619294E-5i
49100                                             49100                                             -47.50882275828846                                2.662978793382953E-5+7.993457510069302E-5i
49250                                             49250                                             -44.56988656581288                                5.1912952889421327E-5+1.0616507296024036E-4i
49400                                             49400                                             -42.93720026222707                                8.739375910576941E-5+1.1270233568616561E-4i
49550                                             49550                                             -42.256112354384534                               1.1971489397660795E-4+9.72693146760184E-5i
49700                                             49700                                             -42.40610441651491                                1.3661548297549952E-4+6.573793911179848E-5i
49850                                             49850                                             -43.519192023346335                               1.3012068627171747E-4+2.927741178859744E-5i
50000                                             50000                                             -45.29949751497973                                1.0856724749019886E-4+4.399499386575911E-6i
50150                                             50150                                             -48.823897654432145                               7.235394893467806E-5-2.999525400060321E-6i
50300                                             50300                                             -53.88304960971905                                3.87002471650133E-5+1.1755185356343567E-5i
50450                                             50450                                             -52.50242610812392                                1.9680298193380796E-5+4.313693251922768E-5i
50600                                             50600                                             -47.68196078024856                                2.2163663747243323E-5+7.956143016052408E-5i
50750                                             50750                                             -44.68262340640453                                4.5036794648400935E-5+1.0760944242160786E-4i
50900                                             50900                                             -43.00359148648373                                7.961437028503049E-5+1.1701482625547932E-4i
51050                                             51050                                             -42.281052035741894                               1.1287685434491213E-4+1.0447750865383298E-4i
51200                                             51200                                             -42.38104761483665                                1.323330549380386E-4+7.487474310463593E-5i
51350                                             51350                                             -43.31909622251394                                1.3066446732035164E-4+3.942228695152927E-5i
51500                                             51500                                             -45.2698489668694                                 1.084222233815324E-4+1.147601802298226E-5i
51650                                             51650                                             -48.65338353620152                                7.383473396505025E-5+1.5854782819957336E-6i
51800                                             51800                                             -53.56562832032484                                3.970715104395506E-5+1.353806884496489E-5i
51950                                             51950                                             -52.607366420755895                               1.8649721609254044E-5+4.297238713801832E-5i
52100                                             52100                                             -47.83805906267092                                1.837804356852324E-5+7.901059838621993E-5i
52250                                             52250                                             -44.8001946810227                                 3.884013103722106E-5+1.0833326058756754E-4i
52400                                             52400                                             -43.08555229969568                                7.225557826384676E-5+1.2014810325755576E-4i
52550                                             52550                                             -42.33021431791083                                1.0604291149945988E-4+1.1020594346000667E-4i
52700                                             52700                                             -42.394700098979065                               1.275248463103451E-4+8.23596847771002E-5i
52850                                             52850                                             -43.285316770325934                               1.2866821068802103E-4+4.7087786239963236E-5i
53000                                             53000                                             -45.151485591526644                               1.0912752136049697E-4+1.7512545813058722E-5i
53150                                             53150                                             -48.31947702948003                                7.662986647660741E-5+4.221704672846549E-6i
53300                                             53300                                             -51.70800198557892                                5.18615805994993E-5+3.119318366162638E-6i
53450                                             53450                                             -52.39000935703417                                1.2567479430292128E-5+4.635859514356966E-5i
53600                                             53600                                             -47.85589646387229                                8.215632641028758E-6+8.053545015596075E-5i
53750                                             53750                                             -44.82031191554804                                3.611366692474194E-5+1.0899194770086496E-4i
53900                                             53900                                             -43.1427398105798                                 6.53847921668338E-5+1.2298018851186754E-4i
54050                                             54050                                             -42.38802702217615                                9.868376777810717E-5+1.1551041415014396E-4i
54200                                             54200                                             -42.4467692906735                                 1.2138398350192148E-4+8.964919871279342E-5i
54350                                             54350                                             -43.326074279983885                               1.2468119936848154E-4+5.524502426568212E-5i
54500                                             54500                                             -45.16568201089035                                1.0740623257027293E-4+2.5289147218110486E-5i
54650                                             54650                                             -48.2523890735481                                 7.65689465698216E-5+1.090172495588071E-5i
54800                                             54800                                             -52.26243899437342                                4.5968532494167214E-5+1.6208886870261452E-5i
54950                                             54950                                             -52.597888353592666                               4.6895603209640147E-5+1.8696518466754242E-7i
55100                                             55100                                             -47.002574242222764                               -7.073648471189742E-6+8.902967742507872E-5i
55250                                             55250                                             -44.39916922291134                                1.844667013622958E-5+1.1910340463738844E-4i
55400                                             55400                                             -42.80631471807133                                5.313341061174981E-5+1.3467976127057302E-4i
55550                                             55550                                             -42.08996146068063                                8.9871273402653E-5+1.2901174208090893E-4i
55700                                             55700                                             -42.15884484222378                                1.1624608031046701E-4+1.040130756849722E-4i
55850                                             55850                                             -43.03313754107467                                1.227227430621869E-4+6.952865173115441E-5i
56000                                             56000                                             -44.85306565904036                                1.108706409876925E-4+2.8144081246295194E-5i
56150                                             56150                                             -48.05966170044549                                7.750616975216174E-5+1.5680283603103362E-5i
56300                                             56300                                             -52.79019079196826                                4.139758807131244E-5+1.9753894163310193E-5i
56450                                             56450                                             -52.813452845580294                               1.4050299867729432E-5+4.353534579792928E-5i
56600                                             56600                                             -48.10508681726978                                5.356474143625167E-6+7.848135127741518E-5i
56750                                             56750                                             -44.942797192656315                               1.8316214326907776E-5+1.1171989933644877E-4i
56900                                             56900                                             -43.12913258889532                                4.7879084662749705E-5+1.3102582893642634E-4i
57050                                             57050                                             -42.290788395521865                               8.28462202290825E-5+1.2938416328411861E-4i
57200                                             57200                                             -42.27574402102838                                1.1004336178410679E-4+1.0759239700586232E-4i
57350                                             57350                                             -43.07947701308113                                1.1923418921155893E-4+7.3940244739501E-5i
57500                                             57500                                             -44.841831317822226                               1.069051151678102E-4+4.110444305605032E-5i
57650                                             57650                                             -47.908168391340666                               7.756260014685212E-5+2.142646596015041E-5i
57800                                             57800                                             -52.46870228028705                                4.203930570950698E-5+2.2323324727069327E-5i
57950                                             57950                                             -52.849736491463936                               1.3430336880171367E-5+4.353104781373851E-5i
58100                                             58100                                             -48.26194480788541                                2.2560651501968287E-6+7.722314719360579E-5i
58250                                             58250                                             -45.064551810333356                               1.2498089331625106E-5+1.1093370724490903E-4i
58400                                             58400                                             -43.21178473377941                                4.0157464879453375E-5+1.3221460185841583E-4i
58550                                             58550                                             -42.337706561907815                               7.47484728352843E-5+1.332771456287185E-4i
58700                                             58700                                             -42.28687451438327                                1.0323296981690211E-4+1.1387709715793282E-4i
58850                                             58850                                             -43.04972994062066                                1.1486857001252737E-4+8.13907344006104E-5i
59000                                             59000                                             -44.75672173069989                                1.0520892832260875E-4+4.80518208679781E-5i
59150                                             59150                                             -47.73345799894183                                7.774827385570449E-5+2.6382732812524345E-5i
59300                                             59300                                             -52.1875403997994                                 4.260050350540778E-5+2.4543027044798826E-5i
59450                                             59450                                             -52.9331152821068                                 1.2750703437702793E-5+4.32814296988937E-5i
59600                                             59600                                             -48.447642327652                                  -7.379611361990612E-7+7.561835047120713E-5i
59750                                             59750                                             -45.274550859100906                               7.832580812106027E-6+1.0868700751165417E-4i
59900                                             59900                                             -43.19617972072612                                3.109178313376315E-5+1.3489015248302483E-4i
60050                                             60050                                             -42.31713620911485                                6.606277146081752E-5+1.381908179752811E-4i
60200                                             60200                                             -42.20751007813063                                9.644538513681189E-5+1.2148673949097244E-4i
60350                                             60350                                             -42.770533182191876                               1.1306676096656254E-4+9.138447740975053E-5i
60500                                             60500                                             -45.06504579514317                                9.781942734177207E-5+5.378133337130553E-5i
60650                                             60650                                             -47.7744461430911                                 7.538493295167203E-5+3.1537828788175126E-5i
60800                                             60800                                             -52.52091835848569                                3.926522008124156E-5+2.639695972950218E-5i
60950                                             60950                                             -52.319125978333545                               1.6297727302827525E-5+4.560053326108093E-5i
61100                                             61100                                             -48.53575880340603                                -2.0470635237468393E-6+7.483066671221117E-5i
61250                                             61250                                             -45.3093325547262                                 2.2711260539987066E-6+1.0850962498298866E-4i
61400                                             61400                                             -43.39145515923791                                2.5543339106870455E-5+1.329175461417531E-4i
61550                                             61550                                             -42.46415566695638                                5.8675014446119E-5+1.386986461910933E-4i
61700                                             61700                                             -42.408591004285                                  8.919181599420511E-5+1.2254358471797122E-4i
61850                                             61850                                             -42.814572201643735                               1.039307201872175E-4+1.0060012351009728E-4i
62000                                             62000                                             -44.53594284130196                                1.002070787967102E-4+6.35145822862615E-5i
62150                                             62150                                             -47.350386638491926                               7.677929514177118E-5+3.8306296615608915E-5i
62300                                             62300                                             -51.62687600736615                                4.4681250432720976E-5+2.7456096508338135E-5i
62450                                             62450                                             -52.97730240406612                                1.1807229319760193E-5+4.331100490539974E-5i
62600                                             62600                                             -48.74706316605864                                -6.456755903716527E-6+7.277365131619362E-5i
62750                                             62750                                             -45.42760602678931                                -4.4781929809945E-6+1.0697184079200284E-4i
62900                                             62900                                             -43.451738303509245                               1.6731239312728352E-5+1.3336817639220122E-4i
63050                                             63050                                             -42.471749657554454                               4.903027181168973E-5+1.4225498561515337E-4i
63200                                             63200                                             -42.31612898399227                                8.020197376812366E-5+1.3051466241109644E-4i
63350                                             63350                                             -42.959154700265586                               9.847482725650059E-5+1.026627164906202E-4i
63500                                             63500                                             -44.50295810574602                                9.69127425588523E-5+6.921554913963401E-5i
63650                                             63650                                             -47.21181570614682                                7.598965495531074E-5+4.273999180059995E-5i
63800                                             63800                                             -51.27411742716649                                4.338556590027798E-5+3.3176170605164756E-5i
63950                                             63950                                             -52.857408745851714                               1.111949124465994E-5+4.4136378969716894E-5i
64100                                             64100                                             -48.85632351269339                                -8.95150470614503E-6+7.158877939172914E-5i
64250                                             64250                                             -45.53387701517275                                -9.519898202636767E-6+1.0533426079872843E-4i
64400                                             64400                                             -43.529402892261835                               9.409028458196023E-6+1.3288436989822294E-4i
64550                                             64550                                             -42.51953898618559                                4.0584868084558856E-5+1.4403315400279837E-4i
64700                                             64700                                             -42.33199890796079                                7.219419278570172E-5+1.3479183217657287E-4i
64850                                             64850                                             -42.938697249785                                  9.22965430635303E-5+1.086914166127384E-4i
65000                                             65000                                             -44.43343326021424                                9.326816354582323E-5+7.558305272692412E-5i
65150                                             65150                                             -47.06496010588328                                7.463074612201748E-5+4.7883315261398884E-5i
65300                                             65300                                             -51.02446050159113                                4.319729648349924E-5+3.59647248256989E-5i
65450                                             65450                                             -52.86476487572716                                1.0505383923720135E-5+4.4246964937322275E-5i
65600                                             65600                                             -49.006173115581035                               -1.1070236343058149E-5+7.004283539702172E-5i
65750                                             65750                                             -45.674825270889556                               -1.4313019858547271E-5+1.0307213949567462E-4i
65900                                             65900                                             -43.6374226418642                                 2.2290072432817887E-6+1.3155171978396218E-4i
66050                                             66050                                             -42.597027306053434                               3.205427866981303E-5+1.4480749114231806E-4i
66200                                             66200                                             -42.38161609214543                                6.383430238687815E-5+1.3798703024425762E-4i
66350                                             66350                                             -42.95780768677212                                8.552303825920538E-5+1.1370581591185758E-4i
66500                                             66500                                             -44.411889309660125                               8.892199196092188E-5+8.109437215875204E-5i
66650                                             66650                                             -46.97793158304328                                7.272238180283663E-5+5.227966036913667E-5i
66800                                             66800                                             -50.865008986977855                               4.3106994346786554E-5+3.7675067997566813E-5i
66950                                             66950                                             -53.62170099548872                                1.2646363179935616E-5+3.971687037152005E-5i
67100                                             67100                                             -48.14776178662767                                -1.9056654228521985E-5+7.592332238348654E-5i
67250                                             67250                                             -45.470786464392674                               -2.0686242122536225E-5+1.0450693761832053E-4i
67400                                             67400                                             -43.53870527056412                                -5.101927237460835E-6+1.3297662892897133E-4i
67550                                             67550                                             -42.54735235816617                                2.5222900275845284E-5+1.4701542718442706E-4i
67700                                             67700                                             -42.05045855597716                                4.615113606415422E-5+1.5105241435120487E-4i
67850                                             67850                                             -42.79327151067581                                7.75626015042663E-5+1.2251077366176588E-4i
68000                                             68000                                             -44.22650063768267                                8.409428160693899E-5+8.968396519937194E-5i
68150                                             68150                                             -46.733691185677515                               7.02204231567416E-5+5.96226020561641E-5i
68300                                             68300                                             -50.48227467500133                                4.1361262557493284E-5+4.322996271433066E-5i
68450                                             68450                                             -52.527829567861495                               8.191637335452917E-6+4.656065443087165E-5i
68600                                             68600                                             -49.03877289474729                                -1.7200751594337316E-5+6.852064069107211E-5i
68750                                             68750                                             -45.08882090112715                                -2.99326726915794E-5+1.07224421313723E-4i
68900                                             68900                                             -43.74341527337734                                -1.222901588754377E-5+1.2939824409630152E-4i
69050                                             69050                                             -42.60715562029007                                1.4611074370340926E-5+1.4741764957293402E-4i
69200                                             69200                                             -42.32220708507964                                4.6613131861328316E-5+1.458109410377162E-4i
69350                                             69350                                             -42.8263944613251                                 7.14373341695329E-5+1.2554605081704917E-4i
69500                                             69500                                             -44.19371215250003                                7.956729911823279E-5+9.433268098180125E-5i
69650                                             69650                                             -46.64960139736506                                6.761082183137646E-5+6.387836013954651E-5i
69800                                             69800                                             -50.499379255248364                               3.851311175073757E-5+4.563171665072918E-5i
69950                                             69950                                             -52.423008096898286                               1.189684741459418E-5+4.634719764395889E-5i
70100                                             70100                                             -49.38177988280887                                -1.704074713260173E-5+6.573838652024211E-5i
70250                                             70250                                             -45.96311194208375                                -2.790400347851829E-5+9.671927169518924E-5i
70400                                             70400                                             -43.80439749886116                                -1.8731095790036623E-5+1.2769904345188987E-4i
70550                                             70550                                             -42.65485953228308                                6.600774623277683E-6+1.4718064364338534E-4i
70700                                             70700                                             -42.3336464537356                                 3.837957808283665E-5+1.4798303745056085E-4i
70850                                             70850                                             -42.79168697298829                                6.449747547915274E-5+1.2989455283474172E-4i
71000                                             71000                                             -44.09525946690025                                7.506462713485762E-5+9.972012478098868E-5i
71150                                             71150                                             -46.43544651757658                                6.59942332681962E-5+6.880221790972474E-5i
71300                                             71300                                             -49.989547565374124                               4.054491719540643E-5+4.8638958993652004E-5i
71450                                             71450                                             -52.610808711602985                               8.597914392005634E-6+4.603015730164639E-5i
71600                                             71600                                             -49.423561219458975                               -1.9979041088635796E-5+6.456472835048022E-5i
71750                                             71750                                             -46.047856883287224                               -3.24633749108072E-5+9.425266221940731E-5i
71900                                             71900                                             -43.871023240577                                  -2.5480811747136123E-5+1.255190299614961E-4i
72050                                             72050                                             -42.69483641215176                                -1.7435466970194824E-6+1.4664169755851386E-4i
72200                                             72200                                             -42.34519478498679                                2.9683418307779874E-5+1.4976247919862296E-4i
72350                                             72350                                             -42.77136037470342                                5.6889549658212246E-5+1.337713313284139E-4i
72500                                             72500                                             -44.03463190358526                                6.954725430619035E-5+1.046947291684086E-4i
72650                                             72650                                             -46.320689061268084                               6.275397853955367E-5+7.344582777468744E-5i
72800                                             72800                                             -49.799583009783575                               3.885491511396166E-5+5.176110456195371E-5i
72950                                             72950                                             -52.33918306893589                                6.576081498343989E-6+4.786412651502925E-5i
73100                                             73100                                             -49.46546025286444                                -2.221810965330473E-5+6.348437370184978E-5i
73250                                             73250                                             -45.9574948492516                                 -3.67828282157312E-5+9.377307254165856E-5i
73400                                             73400                                             -47.222642436615764                               2.3361025441426264E-5+8.38836779447627E-5i
73550                                             73550                                             -42.87961493069189                                -1.1467649186247542E-5+1.4310648554949346E-4i
73700                                             73700                                             -42.40014666345462                                1.9740332681372763E-5+1.5042320119007524E-4i
73850                                             73850                                             -42.74685504574883                                4.828029592984784E-5+1.375491694443065E-4i
74000                                             74000                                             -43.92432826658655                                6.354001466668535E-5+1.1030344730222907E-4i
74150                                             74150                                             -46.08307336012916                                5.98568293009305E-5+7.921072694105913E-5i
74300                                             74300                                             -49.35846486188785                                3.865704238148471E-5+5.605694605126388E-5i
74450                                             74450                                             -52.00697960145108                                7.942820694273323E-6+4.956498922448205E-5i
74600                                             74600                                             -49.69277220566396                                -2.0708125068158445E-5+6.216421694127394E-5i
74750                                             74750                                             -46.349369770282536                               -3.649900392832528E-5+8.909964406000892E-5i
74900                                             74900                                             -44.07500735579781                                -3.370471465480307E-5+1.2048074860904201E-4i
75050                                             75050                                             -43.18896381648963                                -7.409963029170186E-6+1.3834380840893612E-4i
75200                                             75200                                             -42.64161081678662                                2.2189075081224807E-5+1.458755436126724E-4i
75350                                             75350                                             -43.17791522835784                                5.597941816615215E-5+1.2692168337979925E-4i
75500                                             75500                                             -44.02976097767709                                -1.2079743727522185E-6+1.2575402981651607E-4i
75650                                             75650                                             -46.15202485432099                                5.123742092905115E-5+8.412278289227082E-5i
75800                                             75800                                             -49.764593796106965                               3.395636386244183E-5+5.54054718799879E-5i
75950                                             75950                                             -52.96043715459316                                2.862107144285808E-6+4.4887674684912504E-5i
76100                                             76100                                             -50.19486574001965                                -2.8563285339955335E-5+5.4850959344543426E-5i
76250                                             76250                                             -46.51059903238625                                -4.847204309860187E-5+8.113887901062267E-5i
76400                                             76400                                             -44.13682189593612                                -4.9626362534027635E-5+1.1387557278363936E-4i
76550                                             76550                                             -42.823121966089275                               -3.1838221509872255E-5+1.409509114385088E-4i
76700                                             76700                                             -42.357671813411066                               -1.9305471683495057E-6+1.5244443769979465E-4i
76850                                             76850                                             -42.66745180227755                                2.8772305904034567E-5+1.4427412253592564E-4i
77000                                             77000                                             -43.79342169582276                                4.881061338329884E-5+1.1965607362773856E-4i
77150                                             77150                                             -45.89795453176366                                5.0624184505909664E-5+8.788412087090691E-5i
77300                                             77300                                             -49.18415545267135                                3.351841086640661E-5+6.08535208698191E-5i
77450                                             77450                                             -52.254574004379904                               3.8002221279254123E-6+4.8638449741345013E-5i
77600                                             77600                                             -50.092431238493056                               -2.571109965593399E-5+5.705003579004053E-5i
77750                                             77750                                             -46.61872517124378                                -4.8463272780518984E-5+7.97791178023255E-5i
77900                                             77900                                             -44.25960206036155                                -4.9276157655653297E-5+1.1212562051265973E-4i
78050                                             78050                                             -42.87274821945829                                -3.8814573834700106E-5+1.3833660475026655E-4i
78200                                             78200                                             -42.37170818321395                                -9.878229667192873E-6+1.5188961158107972E-4i
78350                                             78350                                             -42.63896921296273                                2.097493130920336E-5+1.4610040532880841E-4i
78500                                             78500                                             -43.71334568227822                                4.253008894405941E-5+1.232964652746471E-4i
78650                                             78650                                             -45.74770230840767                                4.6715270160757605E-5+9.201204284192688E-5i
78800                                             78800                                             -48.94608033432349                                3.188294849099105E-5+6.38912319990137E-5i
78950                                             78950                                             -52.13097947212902                                3.4273605540313667E-6+4.93670174397387E-5i
79100                                             79100                                             -50.35315703319286                                -2.8191879943628706E-5+5.378496068053629E-5i
79250                                             79250                                             -46.815308854663854                               -5.137366323443304E-5+7.542230495038993E-5i
79400                                             79400                                             -44.380774217394716                               -5.7679097217544495E-5+1.0611634588264529E-4i
79550                                             79550                                             -42.99833199089412                                -4.49731860169833E-5+1.342855281427635E-4i
79700                                             79700                                             -42.486216751741274                               -1.826924867232016E-5+1.4910194264117216E-4i
79850                                             79850                                             -42.851024148193474                               1.1823220286033553E-5+1.4355249870112718E-4i
80000                                             80000                                             -42.782826378416196                               3.73051454809481E-5+1.4029896736533765E-4i
80150                                             80150                                             -45.40502583117867                                4.3053491134481536E-5+9.833199156050743E-5i
80300                                             80300                                             -48.581331264329215                               3.0206313929359574E-5+6.806542307524754E-5i
80450                                             80450                                             -51.871582148089665                               2.798468649478636E-6+5.090913601890623E-5i
80600                                             80600                                             -50.42195435889474                                -2.9370482290569377E-5+5.260250139682565E-5i
80750                                             80750                                             -46.868387285608364                               -5.464243129482682E-5+7.239351767118762E-5i
80900                                             80900                                             -44.33533972420774                                -6.405063095105135E-5+1.031430327288474E-4i
81050                                             81050                                             -42.81686450201921                                -5.421677084388454E-5+1.340577526588449E-4i
81200                                             81200                                             -41.924433972481665                               -2.8340766766166148E-5+1.577278564176554E-4i
81350                                             81350                                             -43.40671289427844                                4.039475582362506E-7+1.351115293886096E-4i
81500                                             81500                                             -43.75871118190662                                2.4959727501050466E-5+1.2732270848270222E-4i
81650                                             81650                                             -45.52441692360774                                3.460805806343448E-5+1.000630290478588E-4i
81800                                             81800                                             -48.40267698269925                                2.5518096989307626E-5+7.16032334617811E-5i
81950                                             81950                                             -51.45001917181946                                1.1228775880223196E-6+5.3509813503827E-5i
82100                                             82100                                             -50.36822241524253                                -2.95043642806192E-5+5.295589382636745E-5i
82250                                             82250                                             -47.503892099618874                               -5.197897358166781E-5+6.636966251971632E-5i
82400                                             82400                                             -45.011369143976346                               -6.133158700488694E-5+9.409823062211942E-5i
82550                                             82550                                             -43.00358711537116                                -5.9364360910807434E-5+1.2847883224087475E-4i
82700                                             82700                                             -42.449106207814324                               -3.535145078237267E-5+1.4665972696914498E-4i
82850                                             82850                                             -42.60806398382857                                -5.327396771948045E-6+1.480286328660041E-4i
83000                                             83000                                             -43.538566176399904                               1.9905286167187786E-5+1.3157948269237885E-4i
83150                                             83150                                             -45.369689125019704                               3.083513263202331E-5+1.0327689355149605E-4i
83300                                             83300                                             -48.26690395215959                                2.325453150309187E-5+7.362689454393223E-5i
83450                                             83450                                             -51.43189469003674                                -1.8210545105201703E-7+5.3633082437332114E-5i
83600                                             83600                                             -50.55101247282166                                -3.0884651156304344E-5+5.069035720284276E-5i
83750                                             83750                                             -47.189336533139475                               -5.754477967634397E-5+6.579649322013825E-5i
83900                                             83900                                             -44.58924194982708                                -7.093580092332186E-5+9.419121657372465E-5i
84050                                             84050                                             -43.12866533509058                                -6.513373068389727E-5+1.2336881915775422E-4i
84200                                             84200                                             -42.47747852682697                                -4.340086082421646E-5+1.4396863535748317E-4i
84350                                             84350                                             -42.58782541800055                                -1.3762785880722106E-5+1.4783074197433077E-4i
84500                                             84500                                             -43.47626250843486                                1.2557801044976724E-5+1.334450122604247E-4i
84650                                             84650                                             -45.25504986201244                                2.5591738234131967E-5+1.0617304828375307E-4i
84800                                             84800                                             -48.092106788337844                               2.030142986331196E-5+7.612088036279552E-5i
84950                                             84950                                             -51.29476063993276                                -1.4970932499247525E-6+5.4466311825485114E-5i
85100                                             85100                                             -50.65691377903677                                -3.1844236464850795E-5+4.923861610794944E-5i
85250                                             85250                                             -47.3060920037303                                 -5.959014894019177E-5+6.234518390424437E-5i
85400                                             85400                                             -44.73207945731513                                -7.455924601706965E-5+8.885346425457907E-5i
85550                                             85550                                             -43.184991200673075                               -7.135526776891332E-5+1.1882721866618429E-4i
85700                                             85700                                             -42.492308217731185                               -5.139498952932975E-5+1.410392917937653E-4i
85850                                             85850                                             -42.56008651567687                                -2.261188428626104E-5+1.4721850856613816E-4i
86000                                             86000                                             -43.4450146068592                                 7.402069098327857E-6+1.3431383773232497E-4i
86150                                             86150                                             -45.16335376543217                                2.082697361799335E-5+1.0839006422158626E-4i
86300                                             86300                                             -47.94581898831879                                1.746178211625704E-5+7.819363506644805E-5i
86450                                             86450                                             -51.141362523769814                               -3.081160170670394E-6+5.5372043118229186E-5i
86600                                             86600                                             -50.4159538685926                                 -3.416663919753038E-5+4.967199985450588E-5i
86750                                             86750                                             -48.85979697369972                                -5.236742475978051E-5+4.958401220078734E-5i
86900                                             86900                                             -45.09974992601394                                -7.548104817511891E-5+8.163641892156015E-5i
87050                                             87050                                             -43.44171616550717                                -7.320707686819805E-5+1.1291355009690474E-4i
87200                                             87200                                             -42.84468059561718                                -4.60612462320209E-5+1.3658622393231123E-4i
87350                                             87350                                             -42.19468431208601                                -5.35980827749416E-5+1.4580517110174274E-4i
87500                                             87500                                             -43.27363348663076                                -9.307566932403866E-6+1.3688209263273965E-4i
87650                                             87650                                             -44.995743196521126                               1.0846316013723989E-5+1.1199943020434588E-4i
87800                                             87800                                             -47.73377240712212                                1.1748585568183145E-5+8.125469480979586E-5i
87950                                             87950                                             -51.00699986344246                                -5.627531346252823E-6+5.604040356033124E-5i
88100                                             88100                                             -50.872655582403745                               -3.4469718002361205E-5+4.564752388880322E-5i
88250                                             88250                                             -47.57541161378715                                -6.397446927219885E-5+5.383249707013871E-5i
88400                                             88400                                             -44.9074639558598                                 -8.32145381118865E-5+7.743939822524304E-5i
88550                                             88550                                             -43.27383497650308                                -8.513817517541433E-5+1.0758232164054249E-4i
88700                                             88700                                             -42.506349728204256                               -6.918304767489225E-5+1.3294546045572453E-4i
88850                                             88850                                             -42.505098740006126                               -4.1486132099199935E-5+1.440352774926268E-4i
89000                                             89000                                             -43.268404877433824                               -1.2594410313038207E-5+1.3670184554848142E-4i
89150                                             89150                                             -45.110731765589456                               1.2070536824337896E-5+1.1038557925147074E-4i
89300                                             89300                                             -47.58689497336605                                9.294694203854093E-6+8.298083643221155E-5i
89450                                             89450                                             -50.879929747355064                               -6.624288280687729E-6+5.676707785029489E-5i
89600                                             89600                                             -51.00192265795759                                -3.48253859461245E-5+4.4306874420696474E-5i
89750                                             89750                                             -47.716514970422224                               -6.515547241425779E-5+5.021908350599791E-5i
89900                                             89900                                             -44.81902287753303                                -8.873433538458819E-5+7.289425841794372E-5i
90050                                             90050                                             -43.38025620618305                                -8.952326120426068E-5+1.0174685576491704E-4i
90200                                             90200                                             -42.54209062159272                                -7.606763267098415E-5+1.2841502637916946E-4i
90350                                             90350                                             -42.50197660727593                                -4.9679148057757416E-5+1.4147579310408442E-4i
90500                                             90500                                             -43.220855635743625                               -2.0322686503981835E-5+1.3653011992720288E-4i
90650                                             90650                                             -44.798652501382705                               6.274514441906298E-7+1.1510413304383071E-4i
90800                                             90800                                             -47.39690657635968                                5.202226452116765E-6+8.518759721454217E-5i
90950                                             90950                                             -50.67687948366004                                -8.452255861879365E-6+5.789028117264561E-5i
91100                                             91100                                             -51.06363626809545                                -3.5416330797732876E-5+4.332181179145245E-5i
91250                                             91250                                             -47.87510183351307                                -6.579785677240935E-5+4.68527554331466E-5i
91400                                             91400                                             -45.11192063350558                                -8.845626919473659E-5+6.710281203936574E-5i
91550                                             91550                                             -43.387773510716194                               -9.504044258235034E-5+9.64488835616395E-5i
91700                                             91700                                             -42.54059729459912                                -8.331812153750118E-5+1.23864666281559E-4i
91850                                             91850                                             -42.466777266363884                               -5.776336726281972E-5+1.3903157405570354E-4i
92000                                             92000                                             -43.157330887922036                               -2.8079703902450515E-5+1.3618282271588011E-4i
92150                                             92150                                             -44.7020453730305                                 -5.557513969800532E-6+1.1626047670476591E-4i
92300                                             92300                                             -47.26949698885772                                1.220317073280519E-6+8.659883126083123E-5i
92450                                             92450                                             -50.58930879316752                                -1.052950027491395E-5+5.815127597186276E-5i
92600                                             92600                                             -51.155511488733666                               -3.6659615423650926E-5+4.149247753493235E-5i
92750                                             92750                                             -47.941094393780766                               -6.777849735023489E-5+4.280444787851945E-5i
92900                                             92900                                             -45.10341635779631                                -9.241342555843524E-5+6.173508291740237E-5i
93050                                             93050                                             -43.308692113020086                               -1.0156719582998797E-4+9.14117181139984E-5i
93200                                             93200                                             -42.38220094028251                                -9.170554873749737E-5+1.2125270460672244E-4i
93350                                             93350                                             -42.13368710640958                                -6.476566049895549E-5+1.424030849308533E-4i
93500                                             93500                                             -43.796066890771314                               -4.891205197310455E-5+1.1957213119562216E-4i
93650                                             93650                                             -43.66665740482829                                -1.724543579384452E-5+1.29989541895692E-4i
93800                                             93800                                             -46.7176330141004                                 -6.698866389709401E-6+9.204521790617815E-5i
93950                                             93950                                             -45.48836539300066                                -8.750129228962678E-6+1.0595852432171426E-4i
94100                                             94100                                             -49.87244944805158                                -4.579317785929904E-5+4.496893841143823E-5i
94250                                             94250                                             -36.61246744942314                                1.3034578939974395E-5+2.951096499395067E-4i
94400                                             94400                                             -46.71615198209863                                -7.773460866433712E-5+4.9773814378650805E-5i
94550                                             94550                                             -44.129115703308734                               -9.640892429918502E-5+7.850570393874712E-5i
94700                                             94700                                             -42.95769649827939                                -9.269541519674185E-5+1.0794109931733242E-4i
94850                                             94850                                             -42.68013829057976                                -7.222573807963428E-5+1.2791864795225205E-4i
95000                                             95000                                             -43.19851407593808                                -4.397286610746676E-5+1.3121791923143E-4i
95150                                             95150                                             -44.558704163303055                               -1.915721912693069E-5+1.1676893803214128E-4i
95300                                             95300                                             -46.89783257193763                                -7.455864930006051E-6+9.008572997160069E-5i
95450                                             95450                                             -50.08196895066234                                -1.350627992996456E-5+6.11783638800878E-5i
95600                                             95600                                             -51.377464013201944                               -3.527349092169452E-5+4.084850609253898E-5i
95750                                             95750                                             -48.590089280323085                               -6.473346109320266E-5+3.665693332766118E-5i
95900                                             95900                                             -45.6807115333142                                 -9.110503789944158E-5+5.013914280826981E-5i
96050                                             96050                                             -43.76447283701482                                -1.0482438851977527E-4+7.631244477257493E-5i
96200                                             96200                                             -42.88516101081969                                -9.963960970971186E-5+1.0323089307462396E-4i
96350                                             96350                                             -42.5944489857566                                 -8.011927973894384E-5+1.2486252504306794E-4i
96500                                             96500                                             -43.11920134907679                                -5.175506632393301E-5+1.2971560903995982E-4i
96650                                             96650                                             -44.46425730915461                                -2.577116197521878E-5+1.1681468298030406E-4i
96800                                             96800                                             -46.8069968883197                                 -1.1807388765550098E-5+9.057768341080852E-5i
96950                                             96950                                             -49.90910929789467                                -1.5904895323881618E-5+6.190016050444669E-5i
97100                                             97100                                             -51.43562051439294                                -3.57015667525884E-5+3.999340060045764E-5i
97250                                             97250                                             -48.8329460908414                                 -6.416551342008914E-5+3.3406038145167294E-5i
97400                                             97400                                             -46.06196122609412                                -8.95580962492204E-5+4.341153684084276E-5i
97550                                             97550                                             -43.78525499099557                                -1.0811038141750329E-4+7.101852277491272E-5i
97700                                             97700                                             -42.84099357595692                                -1.0506635882834292E-4+9.87731849997342E-5i
97850                                             97850                                             -42.60747306579421                                -8.638438482533317E-5+1.2033944043721156E-4i
98000                                             98000                                             -43.100564516632566                               -5.8503701072964986E-5+1.2714528441803985E-4i
98150                                             98150                                             -44.358625394492464                               -3.163838603936764E-5+1.168809461072895E-4i
98300                                             98300                                             -46.39344115761297                                -1.4744519840903525E-5+9.46568494221145E-5i
98450                                             98450                                             -48.18532825142978                                7.247798972931374E-6+7.760284799041006E-5i
98600                                             98600                                             -51.52888405602148                                -4.628973027021033E-5+2.5889628760711325E-5i
98750                                             98750                                             -48.33816534130059                                -7.229855716095468E-5+2.5250484696592856E-5i
98900                                             98900                                             -45.543387402303466                               -9.888872168517526E-5+3.718180996115095E-5i
99050                                             99050                                             -43.69604883911233                                -1.1486665529569784E-4+6.232465965649858E-5i
99200                                             99200                                             -42.71379277249045                                -1.1371996344572421E-4+9.209195158821348E-5i
99350                                             99350                                             -42.492821712024664                               -9.554115867749235E-5+1.1577024510078804E-4i
99500                                             99500                                             -43.01207415481221                                -6.653317051685814E-5+1.247604440723915E-4i
99650                                             99650                                             -44.35634698002363                                -3.517948174630581E-5+1.1589754627716609E-4i
99800                                             99800                                             -45.63465680644423                                -5.939343673100339E-5+8.603353466662966E-5i
99950                                             99950                                             -48.8301681609517                                 -2.6325797376713922E-5+6.740532115301345E-5i
