% Model:              FEM_BEM_model_stl_TwoProlSpheroids.mph
% Version:            COMSOL 6.3.0.335
% Date:               Oct 9 2025, 23:19
% Table:              Table 2 - TS_D_far
% f0 (1/s)               freq (Hz)                TS_Global_var_Point      Evaluate in the domain at the given coordinates in Geometry 1 (Pa), Ps_Global_var_Point
500                                               500                                               -63.16229215716469                                -1.3894716187734524E-5+2.417200787308005E-7i
650                                               650                                               -52.615305291090706                               -3.7660435301622996E-5+2.778708392603413E-5i
800                                               800                                               -47.35813175868174                                -2.6019795135057144E-5+8.168405273545343E-5i
950                                               950                                               -46.196963964240396                               3.10093437390635E-5+9.295408791487603E-5i
1100                                              1100                                              -57.66609917685518                                2.1088806527680415E-5+1.5488157218190857E-5i
1250                                              1250                                              -38.52833561785631                                -2.3651108649402897E-4+1.4020083391907967E-5i
1400                                              1400                                              -24.991878285012824                               -7.826749994371829E-4+8.091344913748744E-4i
1550                                              1550                                              -13.245846101177452                               0.004005634437274308-0.0017026608538007748i
1700                                              1700                                              -28.405701711802706                               -4.818905885706215E-5-7.583502835188938E-4i
1850                                              1850                                              -48.54146566571483                                -3.800103258860821E-5-6.44389772508358E-5i
2000                                              2000                                              -37.28967895500516                                2.724927934282251E-4+2.020851622508424E-5i
2150                                              2150                                              -33.552202534108176                               3.618534211399238E-4-2.135432646757085E-4i
2300                                              2300                                              -34.00111333364135                                1.6197328698985825E-4-3.646459997342921E-4i
2450                                              2450                                              -38.07365310179789                                -4.847596151780209E-5-2.449075951097557E-4i
2600                                              2600                                              -54.71709615377934                                -2.2715104515125262E-5-2.888036793324833E-5i
2750                                              2750                                              -41.64228543685095                                1.65199148540629E-4+1.069321688740299E-5i
2900                                              2900                                              -36.800079741363945                               2.4812139510427267E-4-1.4834447770795123E-4i
3050                                              3050                                              -36.524518634355935                               1.2082076415020904E-4-2.728498740705021E-4i
3200                                              3200                                              -40.08948129431378                                -3.814671774260425E-5-1.9423981850152927E-4i
3350                                              3350                                              -56.37718708075565                                -1.895600238704942E-5-2.370323078937364E-5i
3500                                              3500                                              -43.01157615605046                                1.409976558758852E-4+1.0666995146513258E-5i
3650                                              3650                                              -37.95254756467007                                2.186736241195364E-4-1.2756980176875654E-4i
3800                                              3800                                              -37.50689768260905                                1.1065593304043775E-4-2.4243258125400402E-4i
3950                                              3950                                              -40.93581426528147                                -3.254229399896058E-5-1.7659898272537333E-4i
4100                                              4100                                              -57.12257073044193                                -1.722907704337917E-5-2.18872986418317E-5i
4250                                              4250                                              -43.65560435991238                                1.3076108790538443E-4+1.1833898342805682E-5i
4400                                              4400                                              -38.521161794654304                               2.0653744390974893E-4-1.164866593009739E-4i
4550                                              4550                                              -38.01232681414809                                1.0776421458863483E-4-2.2716275524237162E-4i
4700                                              4700                                              -41.38805610986814                                -2.8399099771370118E-5-1.6807954206399245E-4i
4850                                              4850                                              -57.53749726923323                                -1.6155910075144053E-5-2.107565558640001E-5i
5000                                              5000                                              -44.02136379624552                                1.2516761004471855E-4+1.3387079145665837E-5i
5150                                              5150                                              -38.85376845344247                                2.0056751923824834E-4-1.0887667200831785E-4i
5300                                              5300                                              -38.31600056297214                                1.076180615965927E-4-2.1763527347018474E-4i
5450                                              5450                                              -41.666763196834125                               -2.4842824435711286E-5-1.631989924076871E-4i
5600                                              5600                                              -57.80171068843761                                -1.5358909798979248E-5-2.068035829871917E-5i
5750                                              5750                                              -44.256029994182775                               1.2158988884392041E-4+1.5117414347898261E-5i
5900                                              5900                                              -39.07191874069875                                1.973793264619106E-4-1.0281720407090411E-4i
6050                                              6050                                              -38.51922702949432                                1.087599726958266E-4-2.1076807229647443E-4i
6200                                              6200                                              -41.856982519571766                               -2.1557755466250494E-5-1.6005784987038751E-4i
6350                                              6350                                              -57.987412103684086                               -1.4696825060500629E-5-2.0489040533422376E-5i
6500                                              6500                                              -44.42099390837168                                1.1902082248371748E-4+1.694491867298975E-5i
6650                                              6650                                              -39.22808136460059                                1.9561937149109587E-4-9.753814454616094E-5i
6800                                              6800                                              -38.66712289382544                                1.1058442366707055E-4-2.0527939290571062E-4i
6950                                              6950                                              -41.99772910594311                                -1.840771233430072E-5-1.578374172235275E-4i
7100                                              7100                                              -58.128649097786806                               -1.410627088249683E-5-2.040750815313075E-5i
7250                                              7250                                              -44.54600257728587                                1.1699741712128953E-4+1.8830802973712757E-5i
7400                                              7400                                              -39.348332859247144                               1.946449467724598E-4-9.267754118202909E-5i
7550                                              7550                                              -38.78261831681563                                1.1279397305480332E-4-2.0054738442432107E-4i
7700                                              7700                                              -42.109115066650816                               -1.5326888859079624E-5-1.5613191832308804E-4i
7850                                              7850                                              -58.242598667006106                               -1.3556416717186437E-5-2.0389670514209257E-5i
8000                                              8000                                              -44.64553230850985                                1.1529897168566228E-4+2.0759826230287715E-5i
8150                                              8150                                              -39.44526336760782                                1.9415404094719202E-4-8.805784462961874E-5i
8300                                              8300                                              -38.87677194409478                                1.1525341258333821E-4-1.9627271136124502E-4i
8450                                              8450                                              -42.20098337851118                                -1.2278921852626468E-5-1.5474545100147008E-4i
8600                                              8600                                              -58.33976773644417                                -1.3027694786060806E-5-2.040905821365513E-5i
8750                                              8750                                              -44.73075434109334                                1.1376468663121253E-4+2.2709492716987967E-5i
8900                                              8900                                              -39.52911511655409                                1.939039059989378E-4-8.355919515135035E-5i
9050                                              9050                                              -38.959054766392335                               1.1783360620792882E-4-1.9222192429813045E-4i
9200                                              9200                                              -42.28206509876038                                -9.247294539771467E-6-1.535112501670488E-4i
9350                                              9350                                              -58.42577037553048                                -1.2512188378499545E-5-2.0449948680112406E-5i
9500                                              9500                                              -44.8052150698865                                 1.1233976475144569E-4+2.4680489910999803E-5i
9650                                              9650                                              -39.60341563962457                                1.9381199154050455E-4-7.913001333936798E-5i
9800                                              9800                                              -39.032404565897515                               1.2050306315369852E-4-1.8831274868846837E-4i
9950                                              9950                                              -42.354949805808                                  -6.2199565263321155E-6-1.5237755160990574E-4i
10100                                             10100                                             -58.505565280132075                               -1.2001636854996889E-5-2.0500052539285107E-5i
10250                                             10250                                             -44.874084033532064                               1.1095316289505552E-4+2.6657325199686E-5i
10400                                             10400                                             -39.67232540243916                                1.9378049023177635E-4-7.472541783981601E-5i
10550                                             10550                                             -39.101131805508004                               1.2319715809205878E-4-1.8444616567869776E-4i
10700                                             10700                                             -42.42360318893982                                -3.1940072899860894E-6-1.5127008392112895E-4i
10850                                             10850                                             -58.58093351152483                                -1.149334261330015E-5-2.055446879001277E-5i
11000                                             11000                                             -44.93882304706932                                1.0958255568516151E-4+2.8639429087040646E-5i
11150                                             11150                                             -39.737554372440684                               1.937679242928203E-4-7.032592193845222E-5i
11300                                             11300                                             -39.16632065822406                                1.2590452257477125E-4-1.8059074909249073E-4i
11450                                             11450                                             -42.48904429179417                                -1.6489695675581117E-7-1.5016804237544257E-4i
11600                                             11600                                             -58.653033025793356                               -1.098459818354991E-5-2.0610453450475852E-5i
11750                                             11750                                             -45.00090445045543                                1.0820669029842911E-4+3.062333780878834E-5i
11900                                             11900                                             -39.80033197791515                                1.9374444154146575E-4-6.591685433143812E-5i
12050                                             12050                                             -39.22933128696855                                1.2860356746929869E-4-1.767144618891603E-4i
12200                                             12200                                             -42.55251677473477                                2.8684276349721927E-6-1.4904717404384815E-4i
12350                                             12350                                             -58.72376787353139                                -1.0474093286749753E-5-2.066237090203593E-5i
12500                                             12500                                             -45.06118120551618                                1.0681326081496412E-4+3.260510660596516E-5i
12650                                             12650                                             -39.86171966107761                                1.9368348464854357E-4-6.148828898422387E-5i
12800                                             12800                                             -39.290615342955974                               1.3128939023376862E-4-1.728023764956399E-4i
12950                                             12950                                             -42.6146963334675                                 5.906428393986918E-6-1.478935086194344E-4i
13100                                             13100                                             -58.79309520127428                                -9.960438211997769E-6-2.071065873943123E-5i
13250                                             13250                                             -45.120820769480794                               1.053855692869643E-4+3.458242138676404E-5i
13400                                             13400                                             -39.9222011559352                                 1.935717097714118E-4-5.703510870214146E-5i
13550                                             13550                                             -39.35204689066859                                1.3392485358110218E-4-1.6881998408568855E-4i
13700                                             13700                                             -42.67652068144568                                8.94550403407468E-6-1.466891229282563E-4i
13850                                             13850                                             -58.862082355231                                  -9.44368148214636E-6-2.0751756767078966E-5i
14000                                             14000                                             -45.18009868558082                                1.039199728334883E-4+3.6550351946273985E-5i
14150                                             14150                                             -39.982584817705586                               1.93387475397655E-4-5.255479185783951E-5i
14300                                             14300                                             -39.4129914352295                                 1.365209921270205E-4-1.64775562219166E-4i
14450                                             14450                                             -42.73826845949436                                1.1985981558049197E-5-1.4542748850343568E-4i
14600                                             14600                                             -58.931178002913796                               -8.923307198482888E-6-2.0784328680911734E-5i
14750                                             14750                                             -45.239430677599586                               1.0241029970198268E-4+3.850659948634316E-5i
14900                                             14900                                             -40.043121421481196                               1.931224717278135E-4-4.8046989137962015E-5i
15050                                             15050                                             -39.47418943271944                                1.3906173970162916E-4-1.6065520762931218E-4i
15200                                             15200                                             -42.800310634536785                               1.5023397232916125E-5-1.441009871547827E-4i
15350                                             15350                                             -59.00052161912733                                -8.398919443375341E-6-2.0807879231421467E-5i
15500                                             15500                                             -45.29929777132828                                1.0085037576146316E-4+4.044684836379542E-5i
15650                                             15650                                             -40.10332766327152                                1.9278405063316573E-4-4.351848888073384E-5i
15800                                             15800                                             -39.535297603422975                               1.4154225777462948E-4-1.564711931366647E-4i
15950                                             15950                                             -42.86236249458717                                1.8056078251726948E-5-1.4271296919221577E-4i
16100                                             16100                                             -59.06991618776544                                -7.871516688462421E-6-2.082228187505475E-5i
16250                                             16250                                             -45.35947418509871                                9.924275686734596E-5+4.236925073830555E-5i
16400                                             16400                                             -40.16583450365115                                1.9231174903211468E-4-3.895629458328109E-5i
16550                                             16550                                             -39.5985431025065                                 1.4393427772424472E-4-1.521734770794092E-4i
16700                                             16700                                             -42.92697947372354                                2.1069748714908076E-5-1.4122136907390725E-4i
16850                                             16850                                             -59.14185101797565                                -7.340943541933598E-6-2.0820629487494635E-5i
17000                                             17000                                             -45.4225309767002                                 9.756117101467066E-5+4.425211934278028E-5i
17150                                             17150                                             -40.23030632085379                                1.9170744633711934E-4-3.438484919204843E-5i
17300                                             17300                                             -39.66404905699447                                1.4620988671343316E-4-1.4778266389747774E-4i
17450                                             17450                                             -42.994083829966016                               2.405609630118377E-5-1.3962851373450214E-4i
17600                                             17600                                             -59.21720953510893                                -6.805046162239314E-6-2.080132769666232E-5i
17750                                             17750                                             -45.48948689929975                                9.57920526772349E-5+4.6094876214763936E-5i
17900                                             17900                                             -40.2996686344155                                 1.90907870358914E-4-2.97859943294565E-5i
18050                                             18050                                             -39.73536413403572                                1.4830626422618343E-4-1.4324255881925652E-4i
18200                                             18200                                             -43.067283369105624                               2.7001625912681515E-5-1.3787751073035537E-4i
18350                                             18350                                             -59.298541506313114                               -6.268051372160244E-6-2.075640641074905E-5i
18500                                             18500                                             -45.56411108197877                                9.390739619125066E-5+4.7851162538803393E-5i
18650                                             18650                                             -40.378051817394734                               1.8981577828769414E-4-2.5203843743160093E-5i
18800                                             18800                                             -39.817616452258456                               1.5009865178450266E-4-1.3851346678661614E-4i
18950                                             18950                                             -43.154409326812214                               2.9825891188717257E-5-1.3585896355583493E-4i
19100                                             19100                                             -59.397295078204365                               -5.729812796673173E-6-2.065712529364383E-5i
19250                                             19250                                             -45.661545240032254                               9.176741010968881E-5+4.940277439324792E-5i
19400                                             19400                                             -40.48581037626626                                1.8798661050489773E-4-2.0681900298580302E-5i
19550                                             19550                                             -39.93882803671955                                1.5101394534700052E-4-1.3327486469605354E-4i
19700                                             19700                                             -43.294831102889226                               3.225772987153208E-5-1.3300798990867335E-4i
19850                                             19850                                             -59.57055078459999                                -5.190654388698146E-6-2.0362528074246988E-5i
20000                                             20000                                             -45.87650580265802                                8.85189584199364E-5+5.00174822380961E-5i
20150                                             20150                                             -40.788508205670276                               1.8188909388183738E-4-1.658498125611807E-5i
20300                                             20300                                             -40.443200641515496                               1.4431426918321E-4-1.2366382572037704E-4i
20450                                             20450                                             -44.58921243839054                                2.7819243006432792E-5-1.1458646225259717E-4i
20600                                             20600                                             -55.4600377956719                                 -1.745403666542078E-6-3.3685725570054004E-5i
20750                                             20750                                             -44.79116045727329                                9.731906311472027E-5+6.165412698255768E-5i
20900                                             20900                                             -39.98157467378946                                2.0020003295201372E-4-9.487403891395019E-6i
21050                                             21050                                             -39.56057590282682                                1.657219168485491E-4-1.295967908664375E-4i
21200                                             21200                                             -42.96792581582                                   4.1507641762250636E-5-1.3591619072361727E-4i
21350                                             21350                                             -59.27640075466443                                -4.083264974141798E-6-2.135056540530922E-5i
21500                                             21500                                             -45.519724853771166                               8.90394069002487E-5+5.739712138674857E-5i
21650                                             21650                                             -40.35548354190362                                1.9188948559023533E-4-5.8921197103600775E-6i
21800                                             21800                                             -39.80720125066008                                1.635413718663048E-4-1.2275979530251835E-4i
21950                                             21950                                             -43.15184051616469                                4.346116050740756E-5-1.3217343298110862E-4i
22100                                             22100                                             -59.428159551296254                               -3.550667667440166E-6-2.106385531319699E-5i
22250                                             22250                                             -45.641810653087376                               8.647873943246065E-5+5.8590004805236795E-5i
22400                                             22400                                             -40.46196492603432                                1.896355198962585E-4-1.4134198523807484E-6i
22550                                             22550                                             -39.90226428102471                                1.645720714055776E-4-1.1758578994547353E-4i
22700                                             22700                                             -43.238556304638244                               4.6122278035021225E-5-1.2980262666040243E-4i
22850                                             22850                                             -59.51405586714107                                -3.0152489103318914E-6-2.093479033371537E-5i
23000                                             23000                                             -45.71375676026436                                8.434373052651489E-5+6.0151686176013186E-5i
23150                                             23150                                             -40.53006021464708                                1.881337031249264E-4+3.137397381114404E-6i
23300                                             23300                                             -39.96676841626447                                1.6613087617045608E-4-1.1272879042356632E-4i
23450                                             23450                                             -43.30012488264244                                4.8908401369784915E-5-1.2773737096194449E-4i
23600                                             23600                                             -59.57876040633696                                -2.4849944654237177E-6-2.0846254049411428E-5i
23750                                             23750                                             -45.76681859490688                                8.235220409530397E-5+6.180516537224179E-5i
23900                                             23900                                             -40.581285701070385                               1.8689648373648726E-4+7.661303759842752E-6i
24050                                             24050                                             -40.015706463186625                               1.678695604903635E-4-1.0805281144854462E-4i
24200                                             24200                                             -43.3469651592834                                 5.1709395594956575E-5-1.2583444765035257E-4i
24350                                             24350                                             -59.62956875802698                                -1.9665380078803807E-6-2.0778547081046206E-5i
24500                                             24500                                             -45.80570314893855                                8.047808667333012E-5+6.348655246635193E-5i
24650                                             24650                                             -40.61810416338286                                1.8586959385902269E-4+1.2087625719359174E-5i
24800                                             24800                                             -40.04971519964697                                1.697293986637205E-4-1.0361779857859243E-4i
24950                                             24950                                             -43.37804563293419                                5.447215956216889E-5-1.2413288020363122E-4i
25100                                             25100                                             -59.66334292515569                                -1.4740515016375966E-6-2.073807881486367E-5i
25250                                             25250                                             -45.825746302097144                               7.880720954939191E-5+6.517904633607241E-5i
25400                                             25400                                             -40.63372203746961                                1.852138171763995E-4+1.627633911183146E-5i
25550                                             25550                                             -40.05944858879985                                1.7179729655220077E-4-9.970896470867796E-5i
25700                                             25700                                             -43.38074739060278                                5.712094781945565E-5-1.2289002040144492E-4i
25850                                             25850                                             -59.663605510054026                               -1.0458004008340183E-6-2.0763451272776123E-5i
26000                                             26000                                             -45.80472132771298                                7.768428413934547E-5+6.68938894861082E-5i
26150                                             26150                                             -40.59794631018544                                1.8564515763763723E-4+1.9771124772471893E-5i
26300                                             26300                                             -40.00318908897391                                1.7454729790516987E-4-9.748784016894163E-5i
26450                                             26450                                             -43.295756196174715                               5.938326577553665E-5-1.2329365206276144E-4i
26600                                             26600                                             -59.54272224476016                                -8.759086821408246E-7-2.1062925246839725E-5i
26750                                             26750                                             -45.60627145685932                                7.921446277570077E-5+6.874653545041465E-5i
26900                                             26900                                             -40.281000807525935                               1.9269020240519907E-4+1.9087297644659884E-5i
27050                                             27050                                             -39.4392087377412                                 1.8302825935773148E-4-1.096085729259677E-4i
27200                                             27200                                             -42.00489862433667                                5.484384470938464E-5-1.490033388678036E-4i
27350                                             27350                                             -49.073443397302924                               -6.855548474049566E-5-1.5855743093706742E-5i
27500                                             27500                                             -48.205990006427086                               4.1206977293928304E-5+6.59384975175703E-5i
27650                                             27650                                             -41.91314823283095                                1.5404610179614586E-4+4.492101276487581E-5i
27800                                             27800                                             -41.0066799289876                                 1.6642354634038847E-4-6.346258420308892E-5i
27950                                             27950                                             -44.17558969305537                                6.792346236028646E-5-1.0334261809508138E-4i
28100                                             28100                                             -60.39278058737039                                1.7609108880489721E-6-1.9034454511013266E-5i
28250                                             28250                                             -46.46120781688236                                6.321772519840563E-5+7.098414726780522E-5i
28400                                             28400                                             -41.2356951980172                                 1.686333279176111E-4+4.0712800380870995E-5i
28550                                             28550                                             -40.63899906342013                                1.7266420134481875E-4-6.865982939030513E-5i
28700                                             28700                                             -43.948395507686335                               6.974979079515942E-5-1.0606413379077306E-4i
28850                                             28850                                             -60.24959414179662                                1.930429716578974E-6-1.9337349434156437E-5i
29000                                             29000                                             -46.35585923741081                                6.302003059294181E-5+7.270183507834815E-5i
29150                                             29150                                             -41.16263467199239                                1.693570694822899E-4+4.385743707513434E-5i
29300                                             29300                                             -40.58807932380876                                1.7494320133787378E-4-6.57964846412229E-5i
29450                                             29450                                             -43.913698216682135                               7.21867411154209E-5-1.0503794200755756E-4i
29600                                             29600                                             -60.23384787275184                                2.3504320442180315E-6-1.9326326133439764E-5i
29750                                             29750                                             -46.34018587170412                                6.146241734772406E-5+7.424904584385494E-5i
29900                                             29900                                             -41.15474103550427                                1.684339639506649E-4+4.786407437784579E-5i
30050                                             30050                                             -40.58623497807918                                1.7651500955834232E-4-6.157589955835263E-5i
30200                                             30200                                             -43.917251919650695                               7.471517758445012E-5-1.0319036113792812E-4i
30350                                             30350                                             -60.24736162389094                                2.8303155386044665E-6-1.9231306356726208E-5i
30500                                             30500                                             -46.347711936163904                               5.9503960150586455E-5+7.57214781612614E-5i
30650                                             30650                                             -41.165700110903565                               1.6693628788855275E-4+5.21149943453203E-5i
30800                                             30800                                             -40.59970509652199                                1.7777975609395424E-4-5.687941349408199E-5i
30950                                             30950                                             -43.932965862605435                               7.72574018227945E-5-1.0101129473893966E-4i
31100                                             31100                                             -60.271344788627594                               3.331866710032383E-6-1.9096376952409955E-5i
31250                                             31250                                             -46.36377129458851                                5.7359990091099267E-5+7.713665307662598E-5i
31400                                             31400                                             -41.183662852701374                               1.6513790978528453E-4+5.645292200118224E-5i
31550                                             31550                                             -40.61896212750284                                1.7885123334876463E-4-5.195189868212324E-5i
31700                                             31700                                             -43.95344961367858                                7.977662491409632E-5-9.864877798648752E-5i
31850                                             31850                                             -60.29880416958353                                3.841705913554261E-6-1.8937946531294436E-5i
32000                                             32000                                             -46.383059052960085                               5.510949530868059E-5+7.849986487840077E-5i
32150                                             32150                                             -41.204351575985186                               1.6314033874442746E-4+6.0810728457094676E-5i
32300                                             32300                                             -40.64043562299265                                1.7976745432574104E-4-4.689714251360222E-5i
32450                                             32450                                             -43.97594840259142                                8.22553362287981E-5-9.616018506064528E-5i
32600                                             32600                                             -60.32781157953255                                4.354486685953507E-6-1.876052330962441E-5i
32750                                             32750                                             -46.403501855536476                               5.278689122611979E-5+7.980995491763121E-5i
32900                                             32900                                             -41.22572146918891                                1.6098822792764977E-4+6.516682378265859E-5i
33050                                             33050                                             -40.66242799605334                                1.80548002453762E-4-4.1758295020177805E-5i
33200                                             33200                                             -43.998605102206                                  8.469184149312303E-5-9.357721038483202E-5i
33350                                             33350                                             -60.35692772860309                                4.866320001239988E-6-1.856769525354629E-5i
33500                                             33500                                             -46.42401064640356                                5.0410094079078593E-5+8.106646125372041E-5i
33650                                             33650                                             -41.247315184195294                               1.5869979491822672E-4+6.94887950228873E-5i
33800                                             33800                                             -40.684488821257396                               1.81190431023881E-4-3.6569973640099285E-5i
33950                                             33950                                             -44.02134020877428                                8.70658461345486E-5-9.091627463386764E-5i
34100                                             34100                                             -60.38642301851743                                5.374186092643729E-6-1.835932191218692E-5i
34250                                             34250                                             -46.44466291969476                                4.798692220969736E-5+8.226160422486473E-5i
34400                                             34400                                             -41.26912287414966                                1.5627798868639298E-4+7.376429677763419E-5i
34550                                             34550                                             -40.706912687415596                               1.8168384589589692E-4-3.1342532492706354E-5i
34700                                             34700                                             -44.044688321380534                               8.937152774513013E-5-8.817027972729541E-5i
34850                                             34850                                             -60.416136012030194                               5.877619230210129E-6-1.813573899911436E-5i
35000                                             35000                                             -46.46642072283389                                4.5516218803609565E-5+8.338264294183162E-5i
35150                                             35150                                             -41.29225966780104                                1.53706170680612E-4+7.79725508660567E-5i
35300                                             35300                                             -40.73120755733245                                1.8199348897413037E-4-2.607918482477878E-5i
35450                                             35450                                             -44.07052631129697                                9.157982971508272E-5-8.53282545090206E-5i
35600                                             35600                                             -60.44932439145239                                6.373357553324244E-6-1.7890357009608948E-5i
35750                                             35750                                             -46.49300602880514                                4.2978094751955354E-5+8.439313172059482E-5i
35900                                             35900                                             -41.322052001384165                               1.5088529769241577E-4+8.207224452772E-5i
36050                                             36050                                             -40.7645443904878                                 1.8196977330298125E-4-2.0743276546220102E-5i
36200                                             36200                                             -44.108762471828705                               9.359973684008871E-5-8.227714562969446E-5i
36350                                             36350                                             -60.49934616032105                                6.855017690265974E-6-1.759439637094573E-5i
36500                                             36500                                             -46.545060203005775                               4.0231452113514976E-5+8.511100863961563E-5i
36650                                             36650                                             -41.390133284833226                               1.472009705548727E-4+8.587910812341004E-5i
36800                                             36800                                             -40.86014802008365                                1.8052480836167062E-4-1.495783942884188E-5i
36950                                             36950                                             -44.260752756217265                               9.457455432154704E-5-7.779443585054224E-5i
37100                                             37100                                             -60.81255080126441                                7.248300758266879E-6-1.6709504400802544E-5i
37250                                             37250                                             -48.93452803510875                                1.995991088049598E-5+6.865707776892993E-5i
37400                                             37400                                             -40.74116023664136                                1.5784141756408632E-4+9.386408468281537E-5i
37550                                             37550                                             -40.47756340907639                                1.8886988526595205E-4-1.2761517339754391E-5i
37700                                             37700                                             -43.90141021231408                                9.981080578547186E-5-7.95469908069224E-5i
37850                                             37850                                             -60.33932631730872                                7.868907491437316E-6-1.755041153428394E-5i
38000                                             38000                                             -46.36831872069523                                3.6798398729498416E-5+8.874930608759879E-5i
38150                                             38150                                             -41.208517264730624                               1.459359154368789E-4+9.479642312237857E-5i
38300                                             38300                                             -40.65390087669654                                1.85375819467537E-4-6.680973198780471E-6i
38450                                             38450                                             -43.996190343544754                               1.0093328320803785E-4-7.583359525031863E-5i
38600                                             38600                                             -60.39944398613291                                8.275181392292108E-6-1.7215470264675403E-5i
38750                                             38750                                             -46.39764670016848                                3.442900545713723E-5+8.934808853588994E-5i
38900                                             38900                                             -41.21926291759996                                1.4350746007840698E-4+9.80531723012712E-5i
39050                                             39050                                             -40.64555972349349                                1.8565273994736176E-4-2.83546093704512E-6i
39200                                             39200                                             -43.96304349523136                                1.0257328240387276E-4-7.442509836230737E-5i
39350                                             39350                                             -60.33065571752871                                8.484662369023788E-6-1.7282547939201365E-5i
39500                                             39500                                             -46.22654565437103                                3.59042203453841E-5+9.081710945568755E-5i
39650                                             39650                                             -40.556378456989705                               1.6448996464912824E-4+9.018472594246596E-5i
39800                                             39800                                             -41.47020672365143                                1.6539666416265364E-4+3.401040212180906E-5i
39950                                             39950                                             -44.33507299209669                                1.052153936811906E-4-6.059368644584229E-5i
40100                                             40100                                             -60.65207522830554                                9.721870139145494E-6-1.580247495280851E-5i
40250                                             40250                                             -46.59331941969863                                2.544660582476377E-5+9.009433109519183E-5i
40400                                             40400                                             -41.40013946257665                                1.3137010103619895E-4+1.0825157936622531E-4i
40550                                             40550                                             -40.82437992214349                                1.8138644178006258E-4+1.3537446631795014E-5i
40700                                             40700                                             -44.15458211736298                                1.0663365462243446E-4-6.321955923360711E-5i
40850                                             40850                                             -60.56760628080893                                9.927316292568378E-6-1.5888427394639137E-5i
41000                                             41000                                             -46.53745754757571                                2.416539063992973E-5+9.107148518017194E-5i
41150                                             41150                                             -41.363279307133936                               1.2973737044741362E-4+1.1131802818553638E-4i
41300                                             41300                                             -40.798687480576596                               1.8157506835803083E-4+1.7638080940240997E-5i
41450                                             41450                                             -44.136088464547285                               1.083465445819165E-4-6.0778732331234764E-5i
41600                                             41600                                             -60.560029069963875                               1.0331642197158875E-5-1.5648125214151598E-5i
41750                                             41750                                             -46.524901407050194                               2.1831362601754112E-5+9.179911717505096E-5i
41900                                             41900                                             -41.35397994542467                                1.2687461957344714E-4+1.1484320460863895E-4i
42050                                             42050                                             -40.79159613369886                                1.811789865145963E-4+2.2564764337484888E-5i
42200                                             42200                                             -44.130967170987525                               1.1004627536037592E-4-5.780185981174579E-5i
42350                                             42350                                             -60.56191155410197                                1.0766228237368836E-5-1.5347397468667978E-5i
42500                                             42500                                             -46.519470043288095                               1.9230535650116565E-5+9.2439249669507E-5i
42650                                             42650                                             -41.35028155354972                                1.2356514614647596E-4+1.185020492709965E-4i
42800                                             42800                                             -40.78907795495107                                1.8049219298676977E-4+2.78728598924749E-5i
42950                                             42950                                             -44.13002033407171                                1.1173575390371893E-4-5.449521099742949E-5i
43100                                             43100                                             -60.56839369579791                                1.122488210597572E-5-1.4997737262656408E-5i
43250                                             43250                                             -46.518371766163085                               1.6285238716273742E-5+9.301545095263819E-5i
43400                                             43400                                             -41.35158407764937                                1.1952492103384227E-4+1.2254013503576466E-4i
43550                                             43550                                             -40.79341713625687                                1.7928202115491398E-4+3.4336222233588565E-5i
43700                                             43700                                             -44.13948132141027                                1.1375451507883438E-4-4.980849551472488E-5i
43850                                             43850                                             -60.59534389625321                                1.1965077715947459E-5-1.4338621208698221E-5i
44000                                             44000                                             -46.550811342478546                               4.622714625535096E-6+9.396465140765198E-5i
44150                                             44150                                             -41.16488929598731                                1.3171501316150414E-4+1.1506764347990472E-4i
44300                                             44300                                             -40.72878618578037                                1.812761562633436E-4+3.097676891605783E-5i
44450                                             44450                                             -44.08940557335512                                1.1377546466134758E-4-5.152628588034336E-5i
44600                                             44600                                             -60.54488966661794                                1.1769087386093169E-5-1.4639776865443821E-5i
44750                                             44750                                             -46.482455979904174                               1.3115530794416408E-5+9.391014460446989E-5i
44900                                             44900                                             -41.3178297955061                                 1.1565096129423358E-4+1.2710537954829793E-4i
45050                                             45050                                             -40.75893643400243                                1.7876206768946412E-4+4.0382506229286186E-5i
45200                                             45200                                             -44.10192636691296                                1.1561589574060616E-4-4.677466569624755E-5i
45350                                             45350                                             -60.55740128208932                                1.2268738714849015E-5-1.41879355352037E-5i
45500                                             45500                                             -46.48236479853355                                9.96977130091059E-6+9.429700335239488E-5i
45650                                             45650                                             -41.316614195795864                               1.1155696673675886E-4+1.307449136955796E-4i
45800                                             45800                                             -40.75680233143188                                1.7747398307543794E-4+4.589245416475318E-5i
45950                                             45950                                             -44.099438263559435                               1.1700839911099603E-4-4.327647516733091E-5i
46100                                             46100                                             -60.55799418104425                                1.2687689250445722E-5-1.3812819363301365E-5i
46250                                             46250                                             -46.4772425232822                                 7.208215332343837E-6+9.460430148822141E-5i
46400                                             46400                                             -41.31119468628984                                1.0778950030110312E-4+1.340055876593027E-4i
46550                                             46550                                             -40.75151326396943                                1.761890735594296E-4+5.100481324227246E-5i
46700                                             46700                                             -44.09462463079741                                1.1826404812859126E-4-3.993361833432019E-5i
46850                                             46850                                             -60.56052482929407                                1.3072405787295516E-5-1.3441678672898583E-5i
47000                                             47000                                             -46.46787042862984                                4.545015201307123E-6+9.487213633008196E-5i
47150                                             47150                                             -41.304196957668964                               1.0406902447018807E-4+1.3708904401621425E-4i
47300                                             47300                                             -40.74469098757322                                1.7482931568169047E-4+5.5961447287478094E-5i
47450                                             47450                                             -44.08856284111715                                1.1941315125230112E-4-3.665161910526571E-5i
47600                                             47600                                             -60.56051196133485                                1.3443347594233046E-5-1.307072935041731E-5i
47750                                             47750                                             -46.460847412759335                               1.902780501716883E-6+9.503872473215491E-5i
47900                                             47900                                             -41.29617658791802                                1.0032589683528492E-4+1.4004728043248704E-4i
48050                                             48050                                             -40.73719132668884                                1.7336797895789458E-4+6.081740974550609E-5i
48200                                             48200                                             -44.08109859154375                                1.2048435658162937E-4-3.336467391767961E-5i
48350                                             48350                                             -60.559010189058526                               1.3805329273919309E-5-1.2692597667673944E-5i
48500                                             48500                                             -46.45090002243841                                -6.874842178872242E-7+9.516421339184067E-5i
48650                                             48650                                             -41.28785421224193                                9.656100152455327E-5+1.428685645608052E-4i
48800                                             48800                                             -40.72923561255823                                1.7180421259527234E-4+6.55775712778972E-5i
48950                                             48950                                             -44.07378769927857                                1.214473409683614E-4-3.0109103388631375E-5i
49100                                             49100                                             -60.5582311667522                                 1.4149666010043749E-5-1.231012567570744E-5i
49250                                             49250                                             -46.44141813887352                                -3.2645974475942197E-6+9.521469162687701E-5i
49400                                             49400                                             -41.279149267714246                               9.276364317939434E-5+1.4556792711495348E-4i
49550                                             49550                                             -40.72099452938588                                1.7013607839022615E-4+7.02499232729803E-5i
49700                                             49700                                             -44.06613319826522                                1.2232095079089955E-4-2.68555024055539E-5i
49850                                             49850                                             -60.556248704290745                               1.4481686589684628E-5-1.1924495795567758E-5i
50000                                             50000                                             -46.43140036742652                                -5.811658231325012E-6+9.520336357382586E-5i
50150                                             50150                                             -41.270540964404375                               8.893408916227363E-5+1.4813831103777098E-4i
50300                                             50300                                             -40.71287780757601                                1.6836473430659193E-4+7.482001518188675E-5i
50450                                             50450                                             -44.058697970973824                               1.23095531842754E-4-2.3621956132924282E-5i
50600                                             50600                                             -60.55488197556922                                1.4796893499702257E-5-1.1535837808440697E-5i
50750                                             50750                                             -46.42261718332704                                -8.323350430328169E-6+9.511358989622298E-5i
50900                                             50900                                             -41.262369021646094                               8.510070569023309E-5+1.5056005340696732E-4i
51050                                             51050                                             -40.70545122147361                                1.6649640125804277E-4+7.925757441273884E-5i
51200                                             51200                                             -44.052204305727834                               1.237604071994136E-4-2.0429797894294666E-5i
51350                                             51350                                             -60.553351035423326                               1.509713048597483E-5-1.1145598983186566E-5i
51500                                             51500                                             -46.41448105927195                                -1.0766479750845548E-5+9.495814788762491E-5i
51650                                             51650                                             -41.25571338445921                                8.130317776633422E-5+1.5279439292370522E-4i
51800                                             51800                                             -40.69978244944973                                1.6455326624165156E-4+8.34832293202803E-5i
51950                                             51950                                             -44.04762060935774                                1.24297403526763E-4-1.734316887935794E-5i
52100                                             52100                                             -60.55606596851506                                1.5363071337370915E-5-1.0765857750505425E-5i
52250                                             52250                                             -46.40983790345892                                -1.3061916906753623E-5+9.472128999510332E-5i
52400                                             52400                                             -41.25270814118583                                7.771930161265539E-5+1.5471515705611782E-4i
52550                                             52550                                             -40.69830500373766                                1.6265165117546054E-4+8.719662852663124E-5i
52700                                             52700                                             -44.04819536854863                                1.2462876503610554E-4-1.4704305664747785E-5i
52850                                             52850                                             -60.56302111125301                                1.55497090914003E-5-1.0467618968723613E-5i
53000                                             53000                                             -46.4109815717433                                 -1.4386686133849302E-5+9.451641332791638E-5i
53150                                             53150                                             -41.24889139870979                                7.776800748482415E-5+1.5477584833789582E-4i
53300                                             53300                                             -40.474667340569425                               1.788407977871831E-4+6.22459883382609E-5i
53450                                             53450                                             -44.17312550626551                                1.2368211949376207E-4-2.1694810176109414E-6i
53600                                             53600                                             -60.862903074486574                               1.5990223225959E-5-8.499064896860808E-6i
53750                                             53750                                             -46.11922584798287                                -1.6322879857644246E-5+9.751424601023295E-5i
53900                                             53900                                             -41.16096349928195                                7.095236694315554E-5+1.5994634297544774E-4i
54050                                             54050                                             -40.652921516084135                               1.5890349432318152E-4+9.574063721595749E-5i
54200                                             54200                                             -44.03101609554262                                1.2545511173917E-4-8.48410876941319E-6i
54350                                             54350                                             -60.5846341962301                                 1.6025815236186958E-5-9.632937772341421E-6i
54500                                             54500                                             -46.45237007357258                                -1.8654195956979702E-5+9.33041050460437E-5i
54650                                             54650                                             -41.36872583716844                                6.938687507529462E-5+1.561163789054465E-4i
54800                                             54800                                             -41.01429521331873                                1.5589730561510473E-4+8.581810513219601E-5i
54950                                             54950                                             -47.86324937277346                                7.177743563546723E-5-3.7287652311257524E-5i
55100                                             55100                                             -60.04767402588902                                1.850795907809566E-5-7.286187151622769E-6i
55250                                             55250                                             -46.07585745327686                                -3.0492457692044006E-5+9.457156472003625E-5i
55400                                             55400                                             -40.994817077423846                               5.420714210235822E-5+1.6991955803835612E-4i
55550                                             55550                                             -40.473874893315845                               1.5165507230974207E-4+1.1342784796108951E-4i
55700                                             55700                                             -43.8379672553946                                 1.285006708826586E-4+4.148814181648142E-6i
55850                                             55850                                             -60.36204617793302                                1.7424423636669406E-5-8.024703272213607E-6i
56000                                             56000                                             -46.39816591492543                                -2.0520811801594263E-5+9.352132147522063E-5i
56150                                             56150                                             -41.12533199790434                                5.593125050523673E-5+1.6655628458828176E-4i
56300                                             56300                                             -40.56193867060328                                1.50410283577318E-4+1.1190154201667912E-4i
56450                                             56450                                             -43.911843578387945                               1.2740912417336103E-4+4.2128739820013195E-6i
56600                                             56600                                             -60.460379289666704                               1.7188689499070264E-5-8.019760866617709E-6i
56750                                             56750                                             -46.25968595398745                                -2.9662007199560136E-5+9.265273055292234E-5i
56900                                             56900                                             -41.10774928101889                                5.067669081243453E-5+1.6860131549745194E-4i
57050                                             57050                                             -40.555421184219526                               1.4744373912961573E-4+1.1601006227168753E-4i
57200                                             57200                                             -43.9080949640858                                 1.273140538115558E-4+7.483174429001593E-6i
57350                                             57350                                             -60.46069472726542                                1.73830674665143E-5-7.587519143092969E-6i
57500                                             57500                                             -46.25418717181467                                -3.1971487462256754E-5+9.194660380229536E-5i
57650                                             57650                                             -41.10263938151267                                4.6512563241563054E-5+1.6990468386790525E-4i
57800                                             57800                                             -40.550400138283216                               1.4460845213948303E-4+1.1969587968507778E-4i
57950                                             57950                                             -43.90319310045129                                1.2716214020513927E-4+1.063130972844828E-5i
58100                                             58100                                             -60.4600177913514                                 1.7569761217084423E-5-7.14849980298915E-6i
58250                                             58250                                             -46.247830514604686                               -3.425813133567379E-5+9.119547604619083E-5i
58400                                             58400                                             -41.095852005412105                               4.231759070383312E-5+1.7113964016868266E-4i
58550                                             58550                                             -40.54373517560993                                1.4170617253889128E-4+1.2333770638395247E-4i
58700                                             58700                                             -43.897203064459674                               1.269455789978946E-4+1.380321983224242E-5i
58850                                             58850                                             -60.460459944772026                               1.7741885189936912E-5-6.707193123012267E-6i
59000                                             59000                                             -46.23925488777932                                -3.6531461811928345E-5+9.041263599374183E-5i
59150                                             59150                                             -41.08980525300175                                3.815949094515547E-5+1.7224027077622495E-4i
59300                                             59300                                             -40.539507111369986                               1.3876319622069255E-4+1.2677531507354622E-4i
59450                                             59450                                             -43.89582715744361                                1.2660806602415864E-4+1.6771202181020683E-5i
59600                                             59600                                             -60.47318300475279                                1.7857445724744903E-5-6.310321002289676E-6i
59750                                             59750                                             -46.28847721186052                                -3.72709753354572E-5+8.951369566767564E-5i
59900                                             59900                                             -41.02903081370503                                3.188620058802716E-5+1.7477047087699482E-4i
60050                                             60050                                             -40.505714035002455                               1.3527215620451338E-4+1.315469771033806E-4i
60200                                             60200                                             -43.86652213742394                                1.2646528594395523E-4+2.0684308383533967E-5i
60350                                             60350                                             -60.44267126040671                                1.8116251859490173E-5-5.74795177143983E-6i
60500                                             60500                                             -46.206769162216915                               -4.142565893405781E-5+8.86809014083445E-5i
60650                                             60650                                             -41.058905066437475                               2.906304762817502E-5+1.7464371340136786E-4i
60800                                             60800                                             -40.508382450785305                               1.3227079589361868E-4+1.3448320048470297E-4i
60950                                             60950                                             -43.86270517964975                                1.2599576602551066E-4+2.3681531310604242E-5i
61100                                             61100                                             -60.44537186773595                                1.8247096154166975E-5-5.296834112322735E-6i
61250                                             61250                                             -46.198744309415005                               -4.3625405267477824E-5+8.77207525259438E-5i
61400                                             61400                                             -41.05105503174155                                2.4765068457555106E-5+1.75466485126341E-4i
61550                                             61550                                             -40.50050592804836                                1.2901226891615103E-4+1.378467236186065E-4i
61700                                             61700                                             -43.855934123551734                               1.254660138418906E-4+2.682670689158062E-5i
61850                                             61850                                             -60.44217095647184                                1.8380931345263196E-5-4.839474203821581E-6i
62000                                             62000                                             -46.18785370140289                                -4.584269642049499E-5+8.67216958885253E-5i
62150                                             62150                                             -41.04197980531079                                2.0395889192836858E-5+1.7621433265713193E-4i
62300                                             62300                                             -40.49174894710654                                1.25653348054533E-4+1.411703532923081E-4i
62450                                             62450                                             -43.84796530827876                                1.2486956335627797E-4+2.9986955693450668E-5i
62600                                             62600                                             -60.4397038452936                                 1.8504765112059562E-5-4.365559207464287E-6i
62750                                             62750                                             -46.17908431171328                                -4.8049893348389716E-5+8.563213266332692E-5i
62900                                             62900                                             -41.0332654601235                                 1.601255915095745E-5+1.7684537261508648E-4i
63050                                             63050                                             -40.48339572313629                                1.2220458944911528E-4+1.4440442051988356E-4i
63200                                             63200                                             -43.84045971858896                                1.2418610042347344E-4+3.3135535647321746E-5i
63350                                             63350                                             -60.43579507497139                                1.861233970107401E-5-3.923103660929961E-6i
63500                                             63500                                             -46.16998738230986                                -5.022557553746587E-5+8.449415938749372E-5i
63650                                             63650                                             -41.025094352433946                               1.1602778958785809E-5+1.773568244543E-4i
63800                                             63800                                             -40.476204455707105                               1.1866514861824662E-4+1.475279200578994E-4i
63950                                             63950                                             -43.83397233195309                                1.2341419381550756E-4+3.6246156643215954E-5i
64100                                             64100                                             -60.437673219906245                               1.870379323987148E-5-3.4382576754588E-6i
64250                                             64250                                             -46.16249390036285                                -5.2347283473697104E-5+8.329657059047424E-5i
64400                                             64400                                             -41.018882132553685                               7.216533457810037E-6+1.7771665254584512E-4i
64550                                             64550                                             -40.47089707862441                                1.1505402091965822E-4+1.505068433687029E-4i
64700                                             64700                                             -43.83053931542479                                1.2253199225747968E-4+3.9291749033942835E-5i
64850                                             64850                                             -60.43268621943105                                1.879683342620453E-5-2.9577145795878224E-6i
65000                                             65000                                             -46.158989866541724                               -5.4402302650635725E-5+8.201681755271029E-5i
65150                                             65150                                             -41.01694367833858                                2.8766121070167294E-6+1.7787955327186467E-4i
65300                                             65300                                             -40.46943887371534                                1.1137046183889998E-4+1.532919122743115E-4i
65450                                             65450                                             -43.829927341150764                               1.2154985873535917E-4+4.22598614571168E-5i
65600                                             65600                                             -60.44923913684485                                1.8824767750169613E-5-2.5139133058571517E-6i
65750                                             65750                                             -46.16235833264518                                -5.632361766716443E-5+8.066293435626815E-5i
65900                                             65900                                             -41.024922583734316                               -1.3369171280031011E-6+1.7773443606294848E-4i
66050                                             66050                                             -40.485047641775694                               1.0757250765036641E-4+1.555671702062611E-4i
66200                                             66200                                             -43.85407906854722                                1.2021320348704068E-4+4.491337659162653E-5i
66350                                             66350                                             -60.484685683944726                               1.8800618057202012E-5-2.0727915922558182E-6i
66500                                             66500                                             -46.21232220717823                                -5.76767907678466E-5+7.900337524868739E-5i
66650                                             66650                                             -41.11130729428055                                -4.717598807268963E-6+1.7591728901000803E-4i
66800                                             66800                                             -40.657899815794                                  1.031636679717507E-4+1.540597895010043E-4i
66950                                             66950                                             -44.48719060637096                                1.1193926550923106E-4+4.128024570049238E-5i
67100                                             67100                                             -59.754400096789325                               2.0550276699171643E-5-9.79059631478485E-7i
67250                                             67250                                             -45.88516379302408                                -6.297139377181571E-5+7.969548495778689E-5i
67400                                             67400                                             -40.84856916968082                                -1.0469725859274526E-5+1.8108265652516664E-4i
67550                                             67550                                             -40.385597718081186                               1.0340217320675693E-4+1.6096460211079133E-4i
67700                                             67700                                             -43.31494755712484                                1.1809863306300183E-4+6.85407552848405E-5i
67850                                             67850                                             -60.280515035564626                               1.9355481784666395E-5-5.879248284879068E-7i
68000                                             68000                                             -45.990635819749514                               -6.478510590657294E-5+7.662978200895232E-5i
68150                                             68150                                             -40.865495979863255                               -1.758377045846249E-5+1.8017595007635556E-4i
68300                                             68300                                             -40.32584328802787                                9.503676962013818E-5+1.6756105088344686E-4i
68450                                             68450                                             -43.68637730242378                                1.1796735044777851E-4+5.6572889339134846E-5i
68600                                             68600                                             -60.30900726317845                                1.9298442571702434E-5-3.1370296837973655E-7i
68750                                             68750                                             -45.53090699696209                                -7.461575938849663E-5+7.500717148600788E-5i
68900                                             68900                                             -40.95651964494419                                -1.93358639085095E-5+1.780981616879007E-4i
69050                                             69050                                             -40.38321103799653                                9.169920772950091E-5+1.6796722277556686E-4i
69200                                             69200                                             -43.740199852432255                               1.162173813302747E-4+5.830511860349663E-5i
69350                                             69350                                             -60.382765127782335                               1.9137781255340602E-5+1.606331057057986E-8i
69500                                             69500                                             -46.05396921978424                                -6.739171747138784E-5+7.336085591069796E-5i
69650                                             69650                                             -40.92024220138445                                -2.6002489518395233E-5+1.7800534166090287E-4i
69800                                             69800                                             -40.39304730280694                                8.319442093068785E-5+1.7209756199676463E-4i
69950                                             69950                                             -43.6661530895643                                 1.1773486990862558E-4+5.775104568739309E-5i
70100                                             70100                                             -60.360747569952686                               1.9184889109291614E-5+2.3767125800766564E-7i
70250                                             70250                                             -46.02674625471803                                -6.855035232200546E-5+7.270974303530409E-5i
70400                                             70400                                             -40.89300525746665                                -2.8029598682699497E-5+1.7826937537701593E-4i
70550                                             70550                                             -40.34987448650984                                8.447530584521079E-5+1.725336092383012E-4i
70700                                             70700                                             -43.71461077196368                                1.139213827008323E-4+6.346487915265264E-5i
70850                                             70850                                             -60.36965042983101                                1.9148299124971402E-5+8.397902080403696E-7i
71000                                             71000                                             -46.0284761448845                                 -7.051265191670986E-5+7.078027028362133E-5i
71150                                             71150                                             -40.89402440001947                                -3.261619282590722E-5+1.7746597253553986E-4i
71300                                             71300                                             -40.35638463191578                                8.01957572924561E-5+1.7440552165182144E-4i
71450                                             71450                                             -43.79156099329961                                1.1187795745304374E-4+6.473431174780497E-5i
71600                                             71600                                             -60.34458644843007                                1.9173096842461934E-5+1.3715740168063206E-6i
71750                                             71750                                             -46.00424874320164                                -7.252395011791979E-5+6.912306116468869E-5i
71900                                             71900                                             -40.87155282850644                                -3.725903848939005E-5+1.7702726321267015E-4i
72050                                             72050                                             -40.32894321149585                                7.585532809306628E-5+1.769976960903641E-4i
72200                                             72200                                             -43.69403320630822                                1.1088806747688862E-4+6.921326855990895E-5i
72350                                             72350                                             -60.3614262826326                                 1.910126932880285E-5+1.7889782777391616E-6i
72500                                             72500                                             -46.00074788047933                                -7.411412170688081E-5+6.747527393446973E-5i
72650                                             72650                                             -40.86554401834616                                -4.133916120119263E-5+1.7624776088365213E-4i
72800                                             72800                                             -40.321202070267184                               7.186925817420642E-5+1.788384231494744E-4i
72950                                             72950                                             -43.68585288247009                                1.0939153206374064E-4+7.177985306761059E-5i
73100                                             73100                                             -60.35699250751878                                1.9065216891489545E-5+2.225395849264622E-6i
73250                                             73250                                             -45.98904612435342                                -7.569685464714482E-5+6.590072883083664E-5i
73400                                             73400                                             -40.85360771916247                                -4.524511428238842E-5+1.755428017135019E-4i
73550                                             73550                                             -40.30804710811165                                6.809623051012847E-5+1.8062106694749502E-4i
73700                                             73700                                             -43.672902200226645                               1.0802521913261254E-4+7.416556694672671E-5i
73850                                             73850                                             -60.343302307865294                               1.9045699378050784E-5+2.619057315134121E-6i
74000                                             74000                                             -45.970783133397354                               -7.713149246513229E-5+6.454533799316042E-5i
74150                                             74150                                             -40.833996101199865                               -4.859819989588843E-5+1.7506954113355455E-4i
74300                                             74300                                             -40.28635682087                                   6.515556820424484E-5+1.8221520114691803E-4i
74450                                             74450                                             -43.64614680296909                                1.0720504267336395E-4+7.604711030173572E-5i
74600                                             74600                                             -60.314799203008405                               1.9073821783066602E-5+2.8672511335203765E-6i
74750                                             74750                                             -45.929685049204956                               -7.80574101052478E-5+6.417621408105756E-5i
74900                                             74900                                             -40.77746128289752                                -4.93136682915285E-5+1.7610175185200916E-4i
75050                                             75050                                             -40.19345304182459                                6.746451829681144E-5+1.835915886356787E-4i
75200                                             75200                                             -43.52377455685748                                1.1156694587627358E-4+7.295626372449959E-5i
75350                                             75350                                             -59.95346487443784                                2.010599925167389E-5+2.405878120059768E-7i
75500                                             75500                                             -48.09960209217262                                -7.45477538588446E-5-2.5267894983027617E-5i
75650                                             75650                                             -41.15277563476344                                -7.971536228457143E-5+1.559497021914602E-4i
75800                                             75800                                             -40.47625605769997                                3.796461104293991E-5+1.854836032922913E-4i
75950                                             75950                                             -43.796273899408135                               9.551803685625693E-5+8.697926482403862E-5i
76100                                             76100                                             -60.47767313681867                                1.8270226778804854E-5+4.953449153410894E-6i
76250                                             76250                                             -46.0478745271724                                 -8.355708791635275E-5+5.43655013101052E-5i
76400                                             76400                                             -40.909120218995355                               -6.810378724853017E-5+1.6675397574439366E-4i
76550                                             76550                                             -40.361416918040064                               4.329772956773725E-5+1.8689911530833658E-4i
76700                                             76700                                             -43.725882594184576                               9.678633290932659E-5+8.714469410675552E-5i
76850                                             76850                                             -60.43185353187467                                1.8345342717940305E-5+5.058344623165567E-6i
77000                                             77000                                             -46.010865228619025                               -8.445408013357802E-5+5.375824056674805E-5i
77150                                             77150                                             -40.88046263134932                                -7.05790774519488E-5+1.6636829449923063E-4i
77300                                             77300                                             -40.338596413733335                               4.043521339441858E-5+1.880555142758089E-4i
77450                                             77450                                             -43.707022106781835                               9.544487875773333E-5+8.902746042338539E-5i
77600                                             77600                                             -60.42022700180614                                1.8270206142978473E-5+5.413760216010921E-6i
77750                                             77750                                             -45.99834703660739                                -8.561737026935301E-5+5.216355573811615E-5i
77900                                             77900                                             -40.86985058804915                                -7.404991548171092E-5+1.6509490567517826E-4i
78050                                             78050                                             -40.32985377747273                                3.650150001510699E-5+1.890557633860146E-4i
78200                                             78200                                             -43.700671786117084                               9.357151531586005E-5+9.113129576943102E-5i
78350                                             78350                                             -60.42023009345363                                1.814537377320402E-5+5.8184520557169606E-6i
78500                                             78500                                             -45.993341326193374                               -8.680978172714848E-5+5.026951759401488E-5i
78650                                             78650                                             -40.86843630418648                                -7.77849774317163E-5+1.6340097491529537E-4i
78800                                             78800                                             -40.33160520313946                                3.2163801467421926E-5+1.8980248327449267E-4i
78950                                             78950                                             -43.70635330646736                                9.137788137314473E-5+9.321115824323378E-5i
79100                                             79100                                             -60.43442920736861                                1.7973228356560345E-5+6.235928318942818E-6i
79250                                             79250                                             -46.00893652950524                                -8.78161469911043E-5+4.8116695185895786E-5i
79400                                             79400                                             -40.8952768369081                                 -8.1439875055489E-5+1.6098492580451929E-4i
79550                                             79550                                             -40.378122892606434                               2.732148110512478E-5+1.8952097522395572E-4i
79700                                             79700                                             -43.79694415990371                                8.799623953387181E-5+9.45683573971845E-5i
79850                                             79850                                             -60.68669325493833                                1.7251213078273153E-5+6.625376529512117E-6i
80000                                             80000                                             -44.95586213538089                                -1.0003044866935262E-4+5.265196929671312E-5i
80150                                             80150                                             -40.63449336965479                                -8.691999851750953E-5+1.643406584574958E-4i
80300                                             80300                                             -40.18148035501717                                2.4238568917256398E-5+1.9435904467801635E-4i
80450                                             80450                                             -43.586085633371894                               8.836038118603673E-5+9.85348069699743E-5i
80600                                             80600                                             -60.33997611123355                                1.7869249989199698E-5+7.111343681698301E-6i
80750                                             80750                                             -45.898707690221855                               -9.103675280952572E-5+4.468727634143743E-5i
80900                                             80900                                             -40.78148291463627                                -8.973427351821606E-5+1.5924970971248342E-4i
81050                                             81050                                             -40.24859412612244                                1.9177324364905157E-5+1.93408612800261E-4i
81200                                             81200                                             -43.625689880351686                               8.552233809933085E-5+1.0021767676093862E-4i
81350                                             81350                                             -60.369685055272136                               1.7626597168363123E-5+7.5274663957625165E-6i
81500                                             81500                                             -45.91480778035559                                -9.191497933169757E-5+4.24054611675162E-5i
81650                                             81650                                             -40.79332067389659                                -9.338648286438822E-5+1.5684618004774276E-4i
81800                                             81800                                             -40.25704346761999                                1.4572016572345081E-5+1.9362049790894176E-4i
81950                                             81950                                             -43.62969094588712                                8.308101129178569E-5+1.0217247539368035E-4i
82100                                             82100                                             -60.35854321596421                                1.7460237999367134E-5+7.965139015131406E-6i
82250                                             82250                                             -46.24086460942248                                -8.857380065485643E-5+4.074494339223467E-5i
82400                                             82400                                             -41.14405535097057                                -8.789745365062052E-5+1.516922567091905E-4i
82550                                             82550                                             -40.160209533154294                               7.533143055682423E-6+1.9620028715372495E-4i
82700                                             82700                                             -43.59293789981245                                8.030746281562084E-5+1.0507026549044785E-4i
82850                                             82850                                             -60.36213598078464                                1.7212163460011976E-5+8.469959928647519E-6i
83000                                             83000                                             -45.894756837913285                               -9.417680880896562E-5+3.774562341274379E-5i
83150                                             83150                                             -40.777319996521186                               -1.0141597181201334E-4+1.5218263227845252E-4i
83300                                             83300                                             -40.243723229161226                               4.74998328675591E-6+1.9440804884873764E-4i
83450                                             83450                                             -43.62157136083118                                7.787962344046884E-5+1.0634324516134441E-4i
83600                                             83600                                             -60.38166326837945                                1.698964444118989E-5+8.814751636498919E-6i
83750                                             83750                                             -45.913998946123385                               -9.479926353939128E-5+3.551893448072718E-5i
83900                                             83900                                             -40.72041656366991                                -1.0596167021059699E-4+1.5052564770179355E-4i
84050                                             84050                                             -40.23156862688787                                9.590134303349984E-8+1.9473836152761326E-4i
84200                                             84200                                             -43.61201660695821                                7.540033687764014E-5+1.0829209105323034E-4i
84350                                             84350                                             -60.377709588518954                               1.677791647297644E-5+9.229466228499739E-6i
84500                                             84500                                             -45.8925056089013                                 -9.586060705468746E-5+3.33179358595892E-5i
84650                                             84650                                             -40.77316209225229                                -1.0851376440956795E-4+1.4731446276250448E-4i
84800                                             84800                                             -40.23793256306652                                -4.443580720492335E-6+1.945450163616247E-4i
84950                                             84950                                             -43.614382604647844                               7.281078969423316E-5+1.100067868798904E-4i
85100                                             85100                                             -60.382834768449236                               1.6543781694855486E-5+9.620412863231564E-6i
85250                                             85250                                             -45.88970723046485                                -9.66551997486631E-5+3.1044350851550107E-5i
85400                                             85400                                             -40.76997246195091                                -1.1204815792642542E-4+1.4472938201215424E-4i
85550                                             85550                                             -40.23295010900003                                -9.18944806282962E-6+1.9449044029740126E-4i
85700                                             85700                                             -43.604960410236714                               7.003998090565622E-5+1.1196027251381135E-4i
85850                                             85850                                             -60.35583946664494                                1.6284357607865285E-5+1.0166238764708346E-5i
86000                                             86000                                             -45.972494186653456                               -9.543610958318016E-5+3.1675420443910696E-5i
86150                                             86150                                             -40.79900393020539                                -1.1341424165439706E-4+1.4288244198645828E-4i
86300                                             86300                                             -40.25836489464916                                -1.171919816689293E-5+1.937844980052228E-4i
86450                                             86450                                             -43.63515207028713                                6.854105282155798E-5+1.123476760475084E-4i
86600                                             86600                                             -60.40968557263203                                1.6140196947955765E-5+1.017279231196877E-5i
86750                                             86750                                             -45.926549098852895                               -9.714450777875694E-5+2.796187659359628E-5i
86900                                             86900                                             -40.82060394670859                                -1.1467755864646989E-4+1.4128743375818598E-4i
87050                                             87050                                             -40.319024889513                                  -1.0106729358083655E-5+1.9252234563582604E-4i
87200                                             87200                                             -43.83599300002797                                7.601275933744045E-5+1.0372661854318732E-4i
87350                                             87350                                             -60.06040912858742                                1.400998438827461E-5+1.407817347265361E-5i
87500                                             87500                                             -45.75777031044601                                -1.0135150726597875E-4+1.875492397962475E-5i
87650                                             87650                                             -40.69035549856672                                -1.2797444913292821E-4+1.332056746921051E-4i
87800                                             87800                                             -40.176001073833234                               -2.8271956811320997E-5+1.9393832558023405E-4i
87950                                             87950                                             -43.56478821098098                                5.976759629244821E-5+1.184508790463834E-4i
88100                                             88100                                             -60.36660913258541                                1.5340740132152586E-5+1.150137590177902E-5i
88250                                             88250                                             -45.84073814682722                                -1.0008719191323401E-4+2.013446175652689E-5i
88400                                             88400                                             -40.72913661137423                                -1.2797801263875197E-4+1.3205871610832975E-4i
88550                                             88550                                             -40.19750064283586                                -3.0527487026255073E-5+1.931055829499373E-4i
88700                                             88700                                             -43.57804428147062                                5.7783130929744964E-5+1.192067055587609E-4i
88850                                             88850                                             -60.385605181678805                               1.5105870122045228E-5+1.1740024889350664E-5i
89000                                             89000                                             -45.846550173438025                               -1.0039761759378374E-4+1.8144467018310628E-5i
89150                                             89150                                             -40.73129978748406                                -1.3065371785236923E-4+1.293469832998051E-4i
89300                                             89300                                             -40.19995414393428                                -3.464614435660929E-5+1.923531945804413E-4i
89450                                             89450                                             -43.581913382906954                               5.510459457203076E-5+1.2040342638042212E-4i
89600                                             89600                                             -60.38642808582609                                1.482773009126026E-5+1.2086545022937933E-5i
89750                                             89750                                             -45.84345415868761                                -1.0082266072264368E-4+1.5846683254494565E-5i
89900                                             89900                                             -40.72949513329561                                -1.3362444676823237E-4+1.2633127800543154E-4i
90050                                             90050                                             -40.197759886558025                               -3.9133588452644474E-5+1.915410514305993E-4i
90200                                             90200                                             -43.57457170336555                                5.2317387883193955E-5+1.2176229928129167E-4i
90350                                             90350                                             -60.38680934746523                                1.4537287457483394E-5+1.2433072793527344E-5i
90500                                             90500                                             -45.83768248563118                                -1.0123869806411001E-4+1.345007652775454E-5i
90650                                             90650                                             -40.72405825350494                                -1.3671270359444376E-4+1.2315470130896955E-4i
90800                                             90800                                             -40.19350706707406                                -4.37314250379961E-5+1.9064212336561415E-4i
90950                                             90950                                             -43.57175490272908                                4.939335292558633E-5+1.2302381199513768E-4i
91100                                             91100                                             -60.37989605641969                                1.4248623233070745E-5+1.2785683540794679E-5i
91250                                             91250                                             -45.83158340725284                                -1.0160833826799998E-4+1.098099282736964E-5i
91400                                             91400                                             -40.71678115143315                                -1.3976567488205305E-4+1.1991571827785208E-4i
91550                                             91550                                             -40.18353625213386                                -4.847655338646728E-5+1.8972299278119387E-4i
91700                                             91700                                             -43.56265144989209                                4.640330635696799E-5+1.243308984126834E-4i
91850                                             91850                                             -60.378358721214276                               1.3929606823392948E-5+1.3137457082867954E-5i
92000                                             92000                                             -45.81918505709097                                -1.0199186997433829E-4+8.506224709159405E-6i
92150                                             92150                                             -40.70623616202646                                -1.428956768937395E-4+1.1652250928961827E-4i
92300                                             92300                                             -40.1728440186961                                 -5.3273203031278804E-5+1.8868300501706514E-4i
92450                                             92450                                             -43.55244320473134                                4.326454513775557E-5+1.2562270206650794E-4i
92600                                             92600                                             -60.37833207518101                                1.3571276788637565E-5+1.350738392957851E-5i
92750                                             92750                                             -45.80293233446489                                -1.0237109528482558E-4+5.842040794901138E-6i
92900                                             92900                                             -40.688989083129286                               -1.46258963008572E-4+1.1287277946836483E-4i
93050                                             93050                                             -40.15468584088999                                -5.861198197421036E-5+1.8752333243110542E-4i
93200                                             93200                                             -43.53566024492111                                3.964651934945662E-5+1.270802414695682E-4i
93350                                             93350                                             -60.372285128259776                               1.3130407337857974E-5+1.395464843223504E-5i
93500                                             93500                                             -45.8503344891744                                 -1.0196993845579261E-4+1.4031708001072118E-6i
93650                                             93650                                             -39.78384116051179                                -1.5784800310780778E-4+1.3086360302938527E-4i
93800                                             93800                                             -39.86406349860885                                -6.341533286757794E-5+1.9300341324535175E-4i
93950                                             93950                                             -43.17596254074215                                3.833520337437335E-5+1.3334869742942512E-4i
94100                                             94100                                             -59.67336596966685                                1.3785342375616239E-5+1.553089379136008E-5i
94250                                             94250                                             -37.99550087193407                                -1.7572231429185958E-4+1.805079100393181E-4i
94400                                             94400                                             -41.46716910931008                                -1.3332140607280607E-4+1.037213406038795E-4i
94550                                             94550                                             -40.5682592700211                                 -5.9159068691250205E-5+1.77747857822097E-4i
94700                                             94700                                             -43.832030893896025                               3.54112799961781E-5+1.236862405262773E-4i
94850                                             94850                                             -60.62168795517788                                1.241506887195154E-5+1.3875015601461094E-5i
95000                                             95000                                             -45.98686533935451                                -1.0038912986165549E-4+4.241462348009151E-8i
95150                                             95150                                             -40.8576364765228                                 -1.4954510417697353E-4+1.0231415622752316E-4i
95300                                             95300                                             -40.31159771507029                                -6.793533459259482E-5+1.8059735915831876E-4i
95450                                             95450                                             -43.684716962146446                               3.1972342169506174E-5+1.2689011798783234E-4i
95600                                             95600                                             -60.52929084478025                                1.2136348206848169E-5+1.4380998321406047E-5i
95750                                             95750                                             -45.91489618674171                                -1.011870743912735E-4-2.7484464359961436E-6i
95900                                             95900                                             -40.797989585039076                               -1.5323563318359046E-4+9.901917276144978E-5i
96050                                             96050                                             -40.244753802888184                               -7.316048945460452E-5+1.80154438527258E-4i
96200                                             96200                                             -43.78771937426271                                2.8520612779359134E-5+1.2612917301735305E-4i
96350                                             96350                                             -60.55812262491574                                1.1737458727345551E-5+1.4628502873259563E-5i
96500                                             96500                                             -45.92788845120977                                -1.0094014152295383E-4-5.182543945214668E-6i
96650                                             96650                                             -40.82285956092767                                -1.550496062249218E-4+9.516042971857708E-5i
96800                                             96800                                             -40.337166012603525                               -7.640893676269522E-5+1.7656088377182577E-4i
96950                                             96950                                             -43.667413701464284                               2.6025053815936783E-5+1.2850832092003994E-4i
97100                                             97100                                             -60.55120362668566                                1.1441355539598685E-5+1.4880096597003067E-5i
97250                                             97250                                             -45.951033978812404                               -1.005536163694587E-4-7.102218071541877E-6i
97400                                             97400                                             -40.970273658082846                               -1.5378688393952178E-4+9.132879404905037E-5i
97550                                             97550                                             -40.171016742371236                               -8.201351846887084E-5+1.781271173008081E-4i
97700                                             97700                                             -43.6352697696442                                 2.3651450502926163E-5+1.294604794516152E-4i
97850                                             97850                                             -60.54571155174396                                1.1191927100251409E-5+1.5083384439229519E-5i
98000                                             98000                                             -45.9334872642786                                 -1.0066786329265831E-4-8.281956782929534E-6i
98150                                             98150                                             -40.87503988480652                                -1.560320978664098E-4+9.140353185344008E-5i
98300                                             98300                                             -40.46928369303149                                -7.400321041112212E-5+1.7443221560742295E-4i
98450                                             98450                                             -45.41740129778261                                4.294101270230222E-5+9.821438288848405E-5i
98600                                             98600                                             -60.20744011540312                                9.205445607340934E-6+1.72221644296755E-5i
98750                                             98750                                             -45.73845968247525                                -1.0172783950168629E-4-1.7962890398126596E-5i
98900                                             98900                                             -40.69475529890002                                -1.6676008547400478E-4+7.923215818084195E-5i
99050                                             99050                                             -40.19613254492452                                -9.484139360482757E-5+1.709937017508878E-4i
99200                                             99200                                             -43.61051329658443                                1.4150296066883783E-5+1.3121808278049318E-4i
99350                                             99350                                             -60.51385990377792                                1.014126927673109E-5+1.5890850351807373E-5i
99500                                             99500                                             -45.95091814693553                                -9.967251225773133E-5-1.5070918676585165E-5i
99650                                             99650                                             -41.03882045964407                                -1.5758302400376012E-4+8.159640761262743E-5i
99800                                             99800                                             -38.52230312614448                                -1.64033958918397E-4+1.7118686662342952E-4i
99950                                             99950                                             -43.31764791039462                                6.493901522020007E-6+1.3635014470625428E-4i
