% Model:              FEM_BEM_model_stl_TwoProlSpheroids.mph
% Version:            COMSOL 6.3.0.335
% Date:               Oct 7 2025, 21:53
% Table:              Table 2 - TS_D_far
% f0 (1/s)               freq (Hz)                TS_Global_var_Point      Evaluate in the domain at the given coordinates in Geometry 1 (Pa), Ps_Global_var_Point
500                                               500                                               -57.203170051769945                               -8.455421667163954E-6+2.6270401450534386E-5i
650                                               650                                               -51.97816648572847                                -1.2186720574347554E-5+4.886750808930085E-5i
800                                               800                                               -47.41371782327028                                -1.4701803236261135E-5+8.390295303695172E-5i
950                                               950                                               -43.04865443989969                                -1.3354207195725998E-5+1.40163525500836E-4i
1100                                              1100                                              -38.431744547579754                               -4.185568780457061E-9+2.39575701357575E-4i
1250                                              1250                                              -32.79576321261058                                6.472908305699132E-5+4.5380394613947495E-4i
1400                                              1400                                              -23.82918284685159                                6.459003366809934E-4+0.001113159049971002i
1550                                              1550                                              -16.53776913431554                                8.630101990962369E-4-0.002851764012256286i
1700                                              1700                                              -29.86127992147354                                1.448373396953362E-4-6.26103009149781E-4i
1850                                              1850                                              -33.45848551888978                                1.99970937884153E-5-4.2425192154293967E-4i
2000                                              2000                                              -35.92979512189433                                -1.705075520175292E-5-3.190958177523573E-4i
2150                                              2150                                              -37.85625939334931                                -3.291103291247488E-5-2.5386205130195627E-4i
2300                                              2300                                              -39.51096881455504                                -4.0423253116150804E-5-2.0768603272935948E-4i
2450                                              2450                                              -41.04124985197676                                -4.3451357883528274E-5-1.7200218679702672E-4i
2600                                              2600                                              -42.542172953857516                               -4.349295722438917E-5-1.4277480205149296E-4i
2750                                              2750                                              -44.08806754045814                                -4.1242564868149145E-5-1.179138341328434E-4i
2900                                              2900                                              -45.750105294913354                               -3.707752924908547E-5-9.626992796019085E-5i
3050                                              3050                                              -47.610660487682274                               -3.123950577821333E-5-7.718973132564422E-5i
3200                                              3200                                              -49.78027972227857                                -2.3910638073165735E-5-6.0298075177267485E-5i
3350                                              3350                                              -52.41824601961818                                -1.5248700798109471E-5-4.538267040210542E-5i
3500                                              3500                                              -55.709255317280125                               -5.404492553817697E-6-3.232821424381527E-5i
3650                                              3650                                              -59.26125494600495                                5.469914771460971E-6-2.1077250641821088E-5i
3800                                              3800                                              -59.67475539962278                                1.7217006480330088E-5-1.1605217323684691E-5i
3950                                              3950                                              -56.49891960851147                                2.9672692164639525E-5-3.904176341773535E-6i
4100                                              4100                                              -53.4091189364339                                 4.2666192082430054E-5+2.0282563238938067E-6i
4250                                              4250                                              -51.00078907159727                                5.60208748011104E-5+6.196554723336689E-6i
4400                                              4400                                              -49.10783759310928                                6.955589318552446E-5+8.612774598071304E-6i
4550                                              4550                                              -47.57576383878683                                8.308792963229727E-5+9.300509066889617E-6i
4700                                              4700                                              -46.30400774485316                                9.643350461285838E-5+8.297304420201712E-6i
4850                                              4850                                              -45.22778043857932                                1.0941108437878544E-4+5.656626274053167E-6i
5000                                              5000                                              -44.303923889626304                               1.2184370629808594E-4+1.4488087956010531E-6i
5150                                              5150                                              -43.50263008151002                                1.335610808523291E-4-4.238420009849975E-6i
5300                                              5300                                              -42.8026077912726                                 1.4440223141615194E-4-1.1300114669765549E-5i
5450                                              5450                                              -42.18822026718868                                1.5421774139579014E-4-1.9614671429524222E-5i
5600                                              5600                                              -41.6477115176064                                 1.6287201884618296E-4-2.9044628636842873E-5i
5750                                              5750                                              -41.1720734119687                                 1.70245342778097E-4-3.9438195253760355E-5i
5900                                              5900                                              -40.75429541327147                                1.7623580592829313E-4-5.063077495470747E-5i
6050                                              6050                                              -40.38885531571336                                1.8076097404967628E-4-6.244708658753595E-5i
6200                                              6200                                              -40.07136791413195                                1.8375930695785359E-4-7.470318452151847E-5i
6350                                              6350                                              -39.79833068715051                                1.8519130898608793E-4-8.720907997838978E-5i
6500                                              6500                                              -39.56694514604909                                1.8504031963101353E-4-9.977124065185805E-5i
6650                                              6650                                              -39.37497905988513                                1.8331298825186026E-4-1.1219559012720648E-4i
6800                                              6800                                              -39.22067579202304                                1.8003934748855865E-4-1.2429000903557696E-4i
6950                                              6950                                              -39.10270867828741                                1.7527186912891235E-4-1.3586699280720982E-4i
7100                                              7100                                              -39.020045064163554                               1.6908652868086183E-4-1.4674764970823428E-4i
7250                                              7250                                              -38.97199484597194                                1.615802663240129E-4-1.5676289957389233E-4i
7400                                              7400                                              -38.958078643540055                               1.5287116856926852E-4-1.6575843726107653E-4i
7550                                              7550                                              -38.97812796896106                                1.430950291016475E-4-1.7359457907539788E-4i
7700                                              7700                                              -39.032272433870595                               1.3240200665221025E-4-1.801496847203543E-4i
7850                                              7850                                              -39.119976751622836                               1.2097357162815792E-4-1.853383531823516E-4i
8000                                              8000                                              -39.24361919998332                                1.0895379021458318E-4-1.890477704791227E-4i
8150                                              8150                                              -39.403318381458895                               9.654264556285819E-5-1.9123437020096556E-4i
8300                                              8300                                              -39.6002553722914                                 8.393121942346093E-5-1.9186479442268034E-4i
8450                                              8450                                              -39.83602081445844                                7.131203242977113E-5-1.9092871220827146E-4i
8600                                              8600                                              -40.112643679489004                               5.887717118702174E-5-1.8843919772704165E-4i
8750                                              8750                                              -40.432572057249274                               4.6815317108928056E-5-1.8443475838159085E-4i
8900                                              8900                                              -40.7987795147387                                 3.530897946041334E-5-1.7897814965650571E-4i
9050                                              9050                                              -41.21543102379731                                2.4527941955176935E-5-1.7214488534478267E-4i
9200                                              9200                                              -41.687113581795295                               1.463404084151021E-5-1.6404123313584762E-4i
9350                                              9350                                              -42.21926007787508                                5.775784774453285E-6-1.5479783992566887E-4i
9500                                              9500                                              -42.82060095896966                                -1.925205609265568E-6-1.4453113803369888E-4i
9650                                              9650                                              -43.50039165818269                                -8.353760625245954E-6-1.3340145095941391E-4i
9800                                              9800                                              -44.27104661505407                                -1.3415896242374714E-5-1.2157644256483024E-4i
9950                                              9950                                              -45.14964625382273                                -1.704493456328171E-5-1.0922522616096941E-4i
10100                                             10100                                             -46.15915867582835                                -1.9191145082531058E-5-9.652819456473782E-5i
10250                                             10250                                             -47.33206008482873                                -1.9828334352656185E-5-8.36684148723954E-5i
10400                                             10400                                             -48.7159845903648                                 -1.8952916307601875E-5-7.082947896852598E-5i
10550                                             10550                                             -50.384015220350655                               -1.658292367823222E-5-5.819365810444399E-5i
10700                                             10700                                             -52.454203582709866                               -1.2758539515433931E-5-4.593941731234619E-5i
10850                                             10850                                             -55.12482166501543                                -7.54091412313862E-6-3.423752369668964E-5i
11000                                             11000                                             -58.683935394132845                               -1.0103669444427865E-6-2.3250030963040125E-5i
11150                                             11150                                             -62.642474356319724                               6.7337666844746735E-6-1.3127581361183083E-5i
11300                                             11300                                             -61.89332275542834                                1.5575601446105036E-5-4.007457048538221E-6i
11450                                             11450                                             -57.82351003405122                                2.5383937229228604E-5+3.988309106972565E-6i
11600                                             11600                                             -54.52003957106662                                3.601475709935631E-5+1.0754398080847771E-5i
11750                                             11750                                             -52.039420711401156                               4.7312351692418986E-5+1.6203880033649476E-5i
11900                                             11900                                             -50.10424044376029                                5.911271721431577E-5+2.0268712815019185E-5i
12050                                             12050                                             -48.538483643795026                               7.124498647981259E-5+2.2901009118836413E-5i
12200                                             12200                                             -47.23679123167882                                8.353450659082107E-5+2.4073500115684432E-5i
12350                                             12350                                             -46.133265679307044                               9.580404811576626E-5+2.3780200639977878E-5i
12500                                             12500                                             -45.184394499255035                               1.0787828031760816E-4+2.2035606615622427E-5i
12650                                             12650                                             -44.36026861694177                                1.1958390161126431E-4+1.887556365320897E-5i
12800                                             12800                                             -43.6394577976823                                 1.3075405377710458E-4+1.4355859919379377E-5i
12950                                             12950                                             -43.00610698866311                                1.4123094604179265E-4+8.55210708039511E-6i
13100                                             13100                                             -42.44858189139697                                1.5086127284624773E-4+1.557157616294269E-6i
13250                                             13250                                             -41.9576057623327                                 1.5950984757140407E-4-6.517337435063553E-6i
13400                                             13400                                             -41.52601869766285                                1.670540370857787E-4-1.5544593064520384E-5i
13550                                             13550                                             -41.14816992909368                                1.7338699355007314E-4-2.538399274309988E-5i
13700                                             13700                                             -40.81955509802022                                1.7841944447583025E-4-3.5882881889715E-5i
13850                                             13850                                             -40.53655278399134                                1.820813343567096E-4-4.687891468313499E-5i
14000                                             14000                                             -40.296286301292845                               1.8432207270457912E-4-5.8202067217849596E-5i
14150                                             14150                                             -40.09640254430927                                1.8511328382186942E-4-6.96774998084626E-5i
14300                                             14300                                             -39.935075912005416                               1.8444700150455073E-4-8.112809985794112E-5i
14450                                             14450                                             -39.810891221028115                               1.823370844334371E-4-9.237652167259913E-5i
14600                                             14600                                             -39.722771210757315                               1.7881930669694235E-4-1.032486586129977E-4i
14750                                             14750                                             -39.66997703760193                                1.7395015737758923E-4-1.1357570086145685E-4i
14900                                             14900                                             -39.6520421303235                                 1.6780683403461172E-4-1.231972423871852E-4i
15050                                             15050                                             -39.66878930768739                                1.604855968526664E-4-1.3196315767494138E-4i
15200                                             15200                                             -39.720298213373965                               1.5210046915670183E-4-1.3973676205425445E-4i
15350                                             15350                                             -39.80693467065248                                1.4278142381207726E-4-1.46395968165125E-4i
15500                                             15500                                             -39.92933154853821                                1.326725761597869E-4-1.5183607092761342E-4i
15650                                             15650                                             -40.0884218633867                                 1.2192992033654981E-4-1.5597093828279007E-4i
15800                                             15800                                             -40.28546984545251                                1.107187059649073E-4-1.587345097725512E-4i
15950                                             15950                                             -40.52211566360916                                9.921098520598859E-5-1.6008166041103777E-4i
16100                                             16100                                             -40.800422070411045                               8.758270537534418E-5-1.599893349938375E-4i
16250                                             16250                                             -41.1229741022747                                 7.601112027594281E-5-1.584562229618447E-4i
16400                                             16400                                             -41.492989158583725                               6.467200409027152E-5-1.5550277753839659E-4i
16550                                             16550                                             -41.91445297743468                                5.373655721124804E-5-1.511712505187779E-4i
16700                                             16700                                             -42.39232284062819                                4.336933576293278E-5-1.455246478113681E-4i
16850                                             16850                                             -42.93281567052234                                3.3725222459202175E-5-1.3864573513511225E-4i
17000                                             17000                                             -43.54382056898962                                2.49472724819233E-5-1.3063537503721356E-4i
17150                                             17150                                             -44.23547647399915                                1.716477170199404E-5-1.2161095937168742E-4i
17300                                             17300                                             -45.02106746808629                                1.0490493601578166E-5-1.1170428995799231E-4i
17450                                             17450                                             -45.91830310361226                                5.020524633636558E-6-1.0106006863996875E-4i
17600                                             17600                                             -46.95153026306869                                8.318094817938437E-7-8.983278529628436E-5i
17750                                             17750                                             -48.1553216702264                                 -2.0186848721515105E-6-7.818423640149064E-5i
17900                                             17900                                             -49.5805980592758                                 -3.4940030855246107E-6-6.6282293700759E-5i
18050                                             18050                                             -51.306283356318374                               -3.578448924845823E-6-5.4296856915603264E-5i
18200                                             18200                                             -53.46112070377852                                -2.276985130944542E-6-4.2398312243063785E-5i
18350                                             18350                                             -56.26177501803476                                3.846800220586033E-7-3.075440109068239E-5i
18500                                             18500                                             -59.995950485765704                               4.360536788150515E-6-1.952841178654019E-5i
18650                                             18650                                             -63.6990217534698                                 9.584982696930755E-6-8.876843656024924E-6i
18800                                             18800                                             -61.93338875298912                                1.597419795817956E-5+1.0529846726781145E-6i
18950                                             18950                                             -57.882872069940944                               2.3425853490244286E-5+1.0125065447619264E-5i
19100                                             19100                                             -54.73531963317094                                3.182163947990091E-5+1.8214878203526297E-5i
19250                                             19250                                             -52.36787907794755                                4.102659919863472E-5+2.5212399733742785E-5i
19400                                             19400                                             -50.51568313861158                                5.0890420379867685E-5+3.102125443321668E-5i
19550                                             19550                                             -49.01746506796181                                6.124546493135874E-5+3.555958888112887E-5i
19700                                             19700                                             -47.777947601861655                               7.190207133800364E-5+3.8758655514947726E-5i
19850                                             19850                                             -46.74004253448104                                8.263472468017508E-5+4.05569208661305E-5i
20000                                             20000                                             -45.87186834035295                                9.314827438255957E-5+4.0887623899754644E-5i
20150                                             20150                                             -45.1675574420709                                 1.0295358013096001E-4+3.963512810878367E-5i
20300                                             20300                                             -44.68154855845072                                1.1082813325286045E-4+3.6449940688187965E-5i
20450                                             20450                                             -44.8717822214287                                 1.1029783168092777E-4+2.936850180190742E-5i
20600                                             20600                                             -38.73344630873237                                2.187665405672945E-4+7.540398868066678E-5i
20750                                             20750                                             -41.59131058040249                                1.6346575593750856E-4+3.174287119245278E-5i
20900                                             20900                                             -41.540167171551204                               1.6600493133023253E-4+2.2349377979624663E-5i
21050                                             21050                                             -41.31304243677897                                1.7139714294800434E-4+1.3656958678831543E-5i
21200                                             21200                                             -41.06682314720473                                1.768248648232884E-4+4.577999402011201E-6i
21350                                             21350                                             -40.836707777130805                               1.8156348596704008E-4-5.02240587396674E-6i
21500                                             21500                                             -40.6335835275121                                 1.8531687021511312E-4-1.5094284815941883E-5i
21650                                             21650                                             -40.46146335618565                                1.879258945164941E-4-2.55272410876195E-5i
21800                                             21800                                             -40.321722087081426                               1.8930018394919257E-4-3.618514067171841E-5i
21950                                             21950                                             -40.214823662540155                               1.8938872028595455E-4-4.69196362596902E-5i
22100                                             22100                                             -40.14085045730503                                1.881720330980663E-4-5.7574442516639124E-5i
22250                                             22250                                             -40.09981522419507                                1.8565618145166551E-4-6.799216331065949E-5i
22400                                             22400                                             -40.09174363544229                                1.8187046048545596E-4-7.801928018524862E-5i
22550                                             22550                                             -40.11685550397634                                1.7686469465844068E-4-8.750400861179397E-5i
22700                                             22700                                             -40.17549972339978                                1.7070922362327767E-4-9.630250834713472E-5i
22850                                             22850                                             -40.26824457467052                                1.634922261144478E-4-1.0428049194899369E-4i
23000                                             23000                                             -40.39589950626919                                1.5531845771754593E-4-1.1131518491847014E-4i
23150                                             23150                                             -40.55954556418742                                1.4630690245182043E-4-1.172982110558829E-4i
23300                                             23300                                             -40.76058253757289                                1.3658982842290612E-4-1.2213563984919684E-4i
23450                                             23450                                             -41.000743246483324                               1.26310727671608E-4-1.2575091376687553E-4i
23600                                             23600                                             -41.28223100652648                                1.1562069542658815E-4-1.2808526331042902E-4i
23750                                             23750                                             -41.607723426466336                               1.0467836574240552E-4-1.2909883288847457E-4i
23900                                             23900                                             -41.98058168421791                                9.364431359693004E-5-1.2877163991176221E-4i
24050                                             24050                                             -42.404899232924905                               8.268221468149539E-5-1.27103491636249E-4i
24200                                             24200                                             -42.885784692435124                               7.195307665297523E-5-1.2411473706763765E-4i
24350                                             24350                                             -43.429724894355914                               6.161496968648539E-5-1.1984327439529263E-4i
24500                                             24500                                             -44.04476044788822                                5.182024262745388E-5-1.1434889110006896E-4i
24650                                             24650                                             -44.74151043914561                                4.271185829107793E-5-1.0770576528706943E-4i
24800                                             24800                                             -45.53366309209386                                3.4423473019074E-5-1.0000755207029144E-4i
24950                                             24950                                             -46.43968016914128                                2.7075908621887468E-5-9.136204491000388E-5i
25100                                             25100                                             -47.48503140146772                                2.077640563280525E-5-8.189027606686494E-5i
25250                                             25250                                             -48.706121720007204                               1.5616141356644686E-5-7.172438318481245E-5i
25400                                             25400                                             -50.15698472064719                                1.1671087815079417E-5-6.10063886402612E-5i
25550                                             25550                                             -51.92197901549455                                8.999867581793719E-6-4.988568999853005E-5i
25700                                             25700                                             -54.13991795376066                                7.644079502544532E-6-3.851636806717629E-5i
25850                                             25850                                             -57.043646127455496                               7.628622493982551E-6-2.7054174281948562E-5i
26000                                             26000                                             -60.89595519732259                                8.96302542463534E-6-1.565564865202429E-5i
26150                                             26150                                             -64.10039572485742                                1.164411404164234E-5-4.474202394244564E-6i
26300                                             26300                                             -61.464815156201084                               1.5660817486051748E-5+6.341973517454136E-6i
26450                                             26450                                             -57.4568996632275                                 2.1002881707532506E-5+1.6651879253926083E-5i
26600                                             26600                                             -54.37896674718888                                2.7680362964743743E-5+2.6327940619186307E-5i
26750                                             26750                                             -52.00185086730664                                3.577209208699417E-5+3.525778544355429E-5i
26900                                             26900                                             -50.047913972379206                               4.556340831252115E-5+4.335998117233064E-5i
27050                                             27050                                             -48.28521010779078                                5.8090071664462783E-5+5.0617782242357023E-5i
27200                                             27200                                             -46.24960064183508                                7.880737755427969E-5+5.723429348114539E-5i
27350                                             27350                                             -32.380432091757555                               4.483707703493156E-4-1.737212302639346E-4i
27500                                             27500                                             -48.126687250832695                               5.04644005510646E-5+6.0088749166964384E-5i
27650                                             27650                                             -46.211661893667255                               7.376475263431992E-5+6.425232790363555E-5i
27800                                             27800                                             -45.17032381340711                                8.851859504022119E-5+6.57806319932508E-5i
27950                                             27950                                             -44.39199520281068                                1.0112270174739146E-4+6.575800094854589E-5i
28100                                             28100                                             -43.755602671701446                               1.1269862631679839E-4+6.438270881403696E-5i
28250                                             28250                                             -43.217213222310626                               1.235192200783053E-4+6.174523709057134E-5i
28400                                             28400                                             -42.75530692846846                                1.3362151334406214E-4+5.7920081932394396E-5i
28550                                             28550                                             -42.35732071623599                                1.429599991985553E-4+5.298444434220784E-5i
28700                                             28700                                             -42.01494745926513                                1.5145971753516285E-4+4.70269328111117E-5i
28850                                             28850                                             -41.72232544002618                                1.5903707885922547E-4+4.0148023365937924E-5i
29000                                             29000                                             -41.475290414135586                               1.6560783000035828E-4+3.245695844655838E-5i
29150                                             29150                                             -41.270629483673574                               1.7109635506312726E-4+2.407613349797444E-5i
29300                                             29300                                             -41.1059180835953                                 1.754380087726215E-4+1.5136288150086052E-5i
29450                                             29450                                             -40.97932156331665                                1.7858172406620687E-4+5.774260603108594E-6i
29600                                             29600                                             -40.88947847781949                                1.8049140963050103E-4-3.864711289436329E-6i
29750                                             29750                                             -40.835457765148305                               1.811466704030873E-4-1.3634687122232592E-5i
29900                                             29900                                             -40.81669142674003                                1.8054362552738512E-4-2.338643614241409E-5i
30050                                             30050                                             -40.83291638864487                                1.7869606344628197E-4-3.297050486261721E-5i
30200                                             30200                                             -40.88412910572471                                1.7563574558082662E-4-4.22414426387574E-5i
30350                                             30350                                             -40.97070992977848                                1.714097789498048E-4-5.105710955322085E-5i
30500                                             30500                                             -41.093278765396306                               1.660831813010133E-4-5.9281972178859554E-5i
30650                                             30650                                             -41.25284623484835                                1.5973512437544857E-4-6.678926960124176E-5i
30800                                             30800                                             -41.4507029770631                                 1.5246094777704444E-4-7.346263950480658E-5i
30950                                             30950                                             -41.68862852042152                                1.4436749626201006E-4-7.919752210094888E-5i
31100                                             31100                                             -41.96876098462447                                1.355758001843066E-4-8.390286617665499E-5i
31250                                             31250                                             -42.293867718201135                               1.2621460959177933E-4-8.750371510979349E-5i
31400                                             31400                                             -42.667386230128514                               1.1642202860651096E-4-8.993945771451628E-5i
31550                                             31550                                             -43.093503207306405                               1.0634313215535096E-4-9.116808747788863E-5i
31700                                             31700                                             -43.577548343269406                               9.612532836061893E-5-9.116498361361192E-5i
31850                                             31850                                             -44.12617601004289                                8.591880759423187E-5-8.992358710380177E-5i
32000                                             32000                                             -44.747816920162535                               7.587415250726037E-5-8.745551646449634E-5i
32150                                             32150                                             -45.45341643431267                                6.613777205660698E-5-8.379081418607992E-5i
32300                                             32300                                             -46.25727142742397                                5.685283557077536E-5-7.897709514748108E-5i
32450                                             32450                                             -47.17870274655748                                4.8154070072248256E-5-7.307870249306792E-5i
32600                                             32600                                             -48.244263452529694                               4.016863176176111E-5-6.617653900187204E-5i
32750                                             32750                                             -49.49212801299379                                3.301101410813079E-5-5.836513675683275E-5i
32900                                             32900                                             -50.97887477031027                                2.678464745559106E-5-4.975327666112417E-5i
33050                                             33050                                             -52.79289333131737                                2.157844286987398E-5-4.0460333353919964E-5i
33200                                             33200                                             -55.077933382683725                               1.746560799603669E-5-3.0616457058263435E-5i
33350                                             33350                                             -58.06298424645035                                1.4503261857701233E-5-2.035890356888448E-5i
33500                                             33500                                             -61.892307739311086                               1.2731339444238543E-5-9.830184546255616E-6i
33650                                             33650                                             -64.29366028366286                                1.217183923951648E-5+8.231175612216646E-7i
33800                                             33800                                             -61.311300676873984                               1.2828684391563705E-5+1.1453312959597284E-5i
33950                                             33950                                             -57.59461496588721                                1.46881665845644E-5+2.1914391227562113E-5i
34100                                             34100                                             -54.743316919458216                               1.7720067319759725E-5+3.206125989041464E-5i
34250                                             34250                                             -52.552836969313496                               2.1875008308414046E-5+4.175702297215533E-5i
34400                                             34400                                             -50.80718911558441                                2.7089101709565355E-5+5.086976264412346E-5i
34550                                             34550                                             -49.37271608928852                                3.3282854826233166E-5+5.9277392864709455E-5i
34700                                             34700                                             -48.166975668515136                               4.036231914389399E-5+6.686808621914064E-5i
34850                                             34850                                             -47.136628146480916                               4.822212656813152E-5+7.354251839686299E-5i
35000                                             35000                                             -46.2456585268847                                 5.674498665286798E-5+7.921482395345514E-5i
35150                                             35150                                             -45.46873859628021                                6.580510165371534E-5+8.381325832629294E-5i
35300                                             35300                                             -44.78742498947554                                7.526863592965949E-5+8.728278484593233E-5i
35450                                             35450                                             -44.18808163591847                                8.499550966073466E-5+8.958309400253217E-5i
35600                                             35600                                             -43.66021988943778                                9.484291892386532E-5+9.069185875754116E-5i
35750                                             35750                                             -43.195815907003904                               1.0466468808589813E-4+9.060331439114666E-5i
35900                                             35900                                             -42.788604390318                                  1.1431441695974875E-4+8.932898333902095E-5i
36050                                             36050                                             -42.43379260577176                                1.236453952672134E-4+8.68965360706353E-5i
36200                                             36200                                             -42.127725515089026                               1.3251233056743583E-4+8.335064048980989E-5i
36350                                             36350                                             -41.86784954526377                                1.4076949871838496E-4+7.875287788139396E-5i
36500                                             36500                                             -41.65286062490094                                1.4826649335475395E-4+7.318127853173095E-5i
36650                                             36650                                             -41.48341656270421                                1.548332375517214E-4+6.672958593412215E-5i
36800                                             36800                                             -41.36394442111579                                1.6023990018287915E-4+5.951628263300979E-5i
36950                                             36950                                             -41.31060593655603                                1.64033105549799E-4+5.17032293405606E-5i
37100                                             37100                                             -41.39967075088795                                1.645415397266703E-4+4.365451912557994E-5i
37250                                             37250                                             -43.3799719245727                                 1.282847440588486E-4+4.3715714531322725E-5i
37400                                             37400                                             -40.436856168524315                               1.8876873638790093E-4+2.3206000081654743E-5i
37550                                             37550                                             -40.74910278662205                                1.829165414998224E-4+1.4293292722955542E-5i
37700                                             37700                                             -40.88877174578246                                1.8047837029755431E-4+4.994694661752952E-6i
37850                                             37850                                             -41.01833559142874                                1.77822768651692E-4-4.281508268921819E-6i
38000                                             38000                                             -41.166110386154735                               1.74364095546109E-4-1.3340537769246374E-5i
38150                                             38150                                             -41.34173035365029                                1.6995176748818563E-4-2.202833926590042E-5i
38300                                             38300                                             -41.550027492759654                               1.6456271244752463E-4-3.0209539887304793E-5i
38450                                             38450                                             -41.79432032017064                                1.5822893565226037E-4-3.7761442051031935E-5i
38600                                             38600                                             -42.0774723860777                                 1.510138321658694E-4-4.4574548763498534E-5i
38750                                             38750                                             -42.40225231390078                                1.4300178042453426E-4-5.055842289192203E-5i
38900                                             38900                                             -42.77144324889376                                1.3429235843759324E-4-5.5644848630742594E-5i
39050                                             39050                                             -43.18755663884573                                1.2499537189419874E-4-5.9802123705376964E-5i
39200                                             39200                                             -43.6517459068171                                 1.1522233523170167E-4-6.306852569859522E-5i
39350                                             39350                                             -44.15930627997697                                1.0506928989173492E-4-6.565962225968391E-5i
39500                                             39500                                             -44.67641911119429                                9.452459643610744E-5-6.850299233340795E-5i
39650                                             39650                                             -44.836056101008026                               8.208576003537749E-5-7.998539294395979E-5i
39800                                             39800                                             -47.31082477785601                                7.668746074479538E-5-3.9355305113231154E-5i
39950                                             39950                                             -47.698920032550866                               6.599859883482662E-5-4.938470403115236E-5i
40100                                             40100                                             -48.668407827868734                               5.63115631186939E-5-4.758417701544726E-5i
40250                                             40250                                             -49.88860324560562                                4.729858391011588E-5-4.320614928199351E-5i
40400                                             40400                                             -51.376181063910444                               3.899650125804843E-5-3.732228696839979E-5i
40550                                             40550                                             -53.2114163025399                                 3.149514622780014E-5-3.029108847640849E-5i
40700                                             40700                                             -55.53801451016507                                2.4889368722469385E-5-2.231698123345005E-5i
40850                                             40850                                             -58.57720849317411                                1.9265333927875883E-5-1.3561190944311186E-5i
41000                                             41000                                             -62.33852087000099                                1.4698667091639361E-5-4.172136790492331E-6i
41150                                             41150                                             -64.00421514547352                                1.124982156441856E-5+5.703499024622971E-6i
41300                                             41300                                             -60.78642692986429                                8.963457109767425E-6+1.5918648847312866E-5i
41450                                             41450                                             -57.24177453487578                                7.867702710717683E-6+2.632465160445907E-5i
41600                                             41600                                             -54.51057186473105                                7.972184382754044E-6+3.677291394410531E-5i
41750                                             41750                                             -52.392290454395656                               9.270411865658357E-6+4.71159091972595E-5i
41900                                             41900                                             -50.69232639086345                                1.1737286015056636E-5+5.7208470855329985E-5i
42050                                             42050                                             -49.28832148154848                                1.5331135978680077E-5+6.691189028973366E-5i
42200                                             42200                                             -48.10390785467081                                1.9993136178175774E-5+7.609184505530386E-5i
42350                                             42350                                             -47.088919913643906                               2.5649181580600366E-5+8.462518371488148E-5i
42500                                             42500                                             -46.2092923806702                                 3.2210456795689346E-5+9.239756192069848E-5i
42650                                             42650                                             -45.4408659917998                                 3.9573686533400654E-5+9.930763564813816E-5i
42800                                             42800                                             -44.76595176303179                                4.762354464199481E-5+1.0526866732119E-4i
42950                                             42950                                             -44.171346532584714                               5.6232578224402197E-5+1.102095268723513E-4i
43100                                             43100                                             -43.6468664045811                                 6.526300549164477E-5+1.1407875332802853E-4i
43250                                             43250                                             -43.18474974597198                                7.45626347064543E-5+1.1684589753346852E-4i
43400                                             43400                                             -42.77887976920728                                8.396100539498352E-5+1.1851238135651698E-4i
43550                                             43550                                             -42.42445735734792                                9.32517094388019E-5+1.1913209705294303E-4i
43700                                             43700                                             -42.11820345849412                                1.0212096386313929E-4+1.188778651345368E-4i
43850                                             43850                                             -41.8583394539577                                 1.0980274147565083E-4+1.1839958514980875E-4i
44000                                             44000                                             -41.627343036726536                               1.1046066071707106E-4+1.2368507912796645E-4i
44150                                             44150                                             -41.29197444624515                                1.4332837808306298E-4+9.572999833251661E-5i
44300                                             44300                                             -41.24516430507243                                1.4310550779028652E-4+9.772409989339259E-5i
44450                                             44450                                             -41.147066186481226                               1.4851843786911623E-4+9.304555545852633E-5i
44600                                             44600                                             -41.07488660285077                                1.5399997779536045E-4+8.668310024761983E-5i
44750                                             44750                                             -41.03439702583016                                1.5884328468185327E-4+7.931761748725119E-5i
44900                                             44900                                             -41.02683056289085                                1.6280216537684078E-4+7.122426653149994E-5i
45050                                             45050                                             -41.052658040012695                               1.657487124560042E-4+6.259050946999523E-5i
45200                                             45200                                             -41.112377848164755                               1.6760361055456752E-4+5.357746688416931E-5i
45350                                             45350                                             -41.20654901633312                                1.6831957246743467E-4+4.433850039986531E-5i
45500                                             45500                                             -41.3360871644933                                 1.6787043676153024E-4+3.502219194195799E-5i
45650                                             45650                                             -41.502134381928386                               1.6625133411440896E-4+2.5776183381398532E-5i
45800                                             45800                                             -41.70618024486315                                1.6347630037677474E-4+1.674399886009148E-5i
45950                                             45950                                             -41.950081420175856                               1.5957754636708454E-4+8.066443390575273E-6i
46100                                             46100                                             -42.23617884367344                                1.546040681256744E-4-1.2238678781528733E-7i
46250                                             46250                                             -42.5674567561627                                 1.4861951324607325E-4-7.694816326009324E-6i
46400                                             46400                                             -42.94747350772759                                1.4170474960945034E-4-1.4532491218965937E-5i
46550                                             46550                                             -43.38072376247945                                1.3395319999526256E-4-2.0528027675381644E-5i
46700                                             46700                                             -43.87288877990072                                1.2547040649968366E-4-2.5581842895139317E-5i
46850                                             46850                                             -44.43089486192324                                1.1637477922527006E-4-2.9615619262179926E-5i
47000                                             47000                                             -45.06376333971733                                1.0679254292778051E-4-3.2559256920805524E-5i
47150                                             47150                                             -45.78300462214882                                9.685878787268898E-5-3.436131946987775E-5i
47300                                             47300                                             -46.6040006173092                                 8.671227200157672E-5-3.4985294572686954E-5i
47450                                             47450                                             -47.54727035070577                                7.649736505060956E-5-3.4413203584549024E-5i
47600                                             47600                                             -48.6413816274814                                 6.635927336645642E-5-3.264386538193165E-5i
47750                                             47750                                             -49.92731581341184                                5.644239766394721E-5-2.9694506085475858E-5i
47900                                             47900                                             -51.466377640319216                               4.6888108380716E-5-2.55987638075883E-5i
48050                                             48050                                             -53.353892398445886                               3.783317704980638E-5-2.0408769978330632E-5i
48200                                             48200                                             -55.742153790738136                               2.9407691429561567E-5-1.4191626161563775E-5i
48350                                             48350                                             -58.84642071380603                                2.1731938128988215E-5-7.02989056589054E-6i
48500                                             48500                                             -62.529398705438915                               1.4915198120135642E-5+9.776880202094773E-7i
48650                                             48650                                             -63.55321926081295                                9.05483970475851E-6+9.721480215718614E-6i
48800                                             48800                                             -60.20004125625385                                4.234267371672207E-6+1.9080471310495284E-5i
48950                                             48950                                             -56.794066220964716                               5.203208218174105E-7+2.892387152020337E-5i
49100                                             49100                                             -54.162166909979                                  -2.035632692964917E-6+3.911418630664354E-5i
49250                                             49250                                             -52.106882809837245                               -3.39905864732426E-6+4.950677450088481E-5i
49400                                             49400                                             -50.44863758856418                                -3.5545186051755273E-6+5.995649624068733E-5i
49550                                             49550                                             -49.07395520092133                                -2.503198953007768E-6+7.031649603561618E-5i
49700                                             49700                                             -47.91106689291708                                -2.6557094623402833E-7+8.044041161114901E-5i
49850                                             49850                                             -46.91261566855211                                3.1214691976200193E-6+9.018602297516942E-5i
50000                                             50000                                             -46.04602477427452                                7.60429565138665E-6+9.941731645646268E-5i
50150                                             50150                                             -45.28822922887845                                1.31118507611383E-5+1.0800441917691028E-4i
50300                                             50300                                             -44.622082021965866                               1.9559169842031654E-5+1.1582992494685307E-4i
50450                                             50450                                             -44.0349067605747                                 2.6847024323095603E-5+1.227845446286624E-4i
50600                                             50600                                             -43.51681554280099                                3.486414854897424E-5+1.2877417300483085E-4i
50750                                             50750                                             -43.06018409392326                                4.348932800596339E-5+1.3371711823695343E-4i
50900                                             50900                                             -42.658855128136665                               5.259244504857152E-5+1.3754921413122734E-4i
51050                                             51050                                             -42.308044396483815                               6.203637589080602E-5+1.402199924254166E-4i
51200                                             51200                                             -42.003806108469995                               7.168002896823511E-5+1.4169741831149274E-4i
51350                                             51350                                             -41.74299612930389                                8.137907695382474E-5+1.4196602013061277E-4i
51500                                             51500                                             -41.52310204448891                                9.098940985774462E-5+1.410266766825874E-4i
51650                                             51650                                             -41.342076044297926                               1.003683710969483E-4+1.3889817663126358E-4i
51800                                             51800                                             -41.198329366489546                               1.0937667863814005E-4+1.3561533736294873E-4i
51950                                             51950                                             -41.09063823855109                                1.1788108130855735E-4+1.3122857707659197E-4i
52100                                             52100                                             -41.01810238461805                                1.2575644674600595E-4+1.2580255749472524E-4i
52250                                             52250                                             -40.980138499220516                               1.3288729954502587E-4+1.1941413310256888E-4i
52400                                             52400                                             -40.976431508128314                               1.3917015030856517E-4+1.1215032431177718E-4i
52550                                             52550                                             -41.00688722107813                                1.4451950233052013E-4+1.0410041127439928E-4i
52700                                             52700                                             -41.07162012579269                                1.4886895926458088E-4+9.53492734450112E-5i
52850                                             52850                                             -41.170690319589404                               1.5219113185160893E-4+8.594436914077797E-5i
53000                                             53000                                             -41.303207157306545                               1.5455106602996205E-4+7.579240168720247E-5i
53150                                             53150                                             -41.46084634465265                                1.5644438809986339E-4+6.402684930151281E-5i
53300                                             53300                                             -41.36756742190438                                1.682089361202399E-4+3.0006702581353295E-5i
53450                                             53450                                             -42.09585421329096                                1.4577265371368275E-4+5.8631807701048366E-5i
53600                                             53600                                             -42.54611246514698                                1.4105599504693478E-4+4.857252210832552E-5i
53750                                             53750                                             -42.31600863154959                                1.5052098488965715E-4+2.846958242297415E-5i
53900                                             53900                                             -42.88677122794522                                1.4173957103791324E-4+2.2066545387167125E-5i
54050                                             54050                                             -43.370251879723426                               1.3492579577062402E-4+1.4290726419008415E-5i
54200                                             54200                                             -43.89703686466797                                1.2750577040598898E-4+6.972189883547308E-6i
54350                                             54350                                             -44.49101491273975                                1.1925518817890168E-4+3.5901479866762287E-7i
54500                                             54500                                             -45.171987655292234                               1.1012621428313496E-4-5.494666634353607E-6i
54650                                             54650                                             -45.97339926971917                                9.997186514487666E-5-1.0719255025271046E-5i
54800                                             54800                                             -47.00526433796628                                8.780850882172953E-5-1.6156936646694042E-5i
54950                                             54950                                             -51.26059913473746                                4.646139809438843E-5-2.8872195277362955E-5i
55100                                             55100                                             -48.180634439149415                               7.778163032390317E-5-5.596396265517001E-6i
55250                                             55250                                             -49.73536433455934                                6.44023669288396E-5-1.0181002124132199E-5i
55400                                             55400                                             -51.38307125198228                                5.3003391302930414E-5-9.985077138896514E-6i
55550                                             55550                                             -53.349263883545255                               4.2286177587280704E-5-7.85600319186397E-6i
55700                                             55700                                             -55.814457274642905                               3.210019762395211E-5-4.264734649983559E-6i
55850                                             55850                                             -58.990081762017866                               2.2455503076779237E-5+6.869448495594455E-7i
56000                                             56000                                             -62.46743860213815                                1.4068609852257996E-5+5.357569907271653E-6i
56150                                             56150                                             -62.93906824679709                                5.595429128257834E-6+1.3114822286941497E-5i
56300                                             56300                                             -59.52890925023678                                -1.6815660991431614E-6+2.1047615231806205E-5i
56450                                             56450                                             -56.25892757194431                                -7.960901041270674E-6+2.9719112612291987E-5i
56600                                             56600                                             -53.72278430393106                                -1.3173949649392114E-5+3.9036351578536355E-5i
56750                                             56750                                             -51.729030180748225                               -1.72553423828381E-5+4.887298213440694E-5i
56900                                             56900                                             -50.11260006269805                                -2.0153289175317557E-5+5.9088656545025486E-5i
57050                                             57050                                             -48.76794909961332                                -2.1832504846996947E-5+6.953723848179827E-5i
57200                                             57200                                             -47.627564367224366                               -2.227451618214138E-5+8.006915858171926E-5i
57350                                             57350                                             -46.646624898053545                               -2.147874291913432E-5+9.053321656871116E-5i
57500                                             57500                                             -45.79410627178193                                -1.946442528322212E-5+1.0077944113839887E-4i
57650                                             57650                                             -45.04788416505236                                -1.626689124023528E-5+1.1066073905419138E-4i
57800                                             57800                                             -44.39154918402665                                -1.1939017121376239E-5+1.2003695145723636E-4i
57950                                             57950                                             -43.81277186313349                                -6.55254756665169E-6+1.2877450761694664E-4i
58100                                             58100                                             -43.30212256117999                                -1.9131567241537084E-7+1.3674877436631316E-4i
58250                                             58250                                             -42.852130199440936                               7.04298341569487E-6+1.438479115335456E-4i
58400                                             58400                                             -42.456885057596054                               1.503992379658925E-5+1.4997290896101578E-4i
58550                                             58550                                             -42.111702615185216                               2.3674557890374093E-5+1.5503852782450256E-4i
58700                                             58700                                             -41.81282621963922                                3.281581591008109E-5+1.5897460497849014E-4i
58850                                             58850                                             -41.557200493591246                               4.232479549393098E-5+1.6172791089286154E-4i
59000                                             59000                                             -41.342401009168995                               5.2058837109680844E-5+1.632611208235435E-4i
59150                                             59150                                             -41.16655268593679                                6.187360281645349E-5+1.6355228750053463E-4i
59300                                             59300                                             -41.028352930828895                               7.163035140594909E-5+1.625898729722408E-4i
59450                                             59450                                             -40.92733185601983                                8.120249004378577E-5+1.6036022051713061E-4i
59600                                             59600                                             -40.8652767518025                                 9.053112398044183E-5+1.567747809194664E-4i
59750                                             59750                                             -40.87047795880202                                1.0038349491137133E-4+1.505262191693335E-4i
59900                                             59900                                             -40.77631526801766                                1.0541086138010636E-4+1.4946919902381062E-4i
60050                                             60050                                             -40.83436421158183                                1.1339763890422239E-4+1.4194825407154443E-4i
60200                                             60200                                             -40.90819677315632                                1.1993287944545017E-4+1.3441732868169076E-4i
60350                                             60350                                             -41.01381725634657                                1.2541105763386184E-4+1.2627061867154232E-4i
60500                                             60500                                             -41.15415118817073                                1.2981050101507075E-4+1.1753454058027746E-4i
60650                                             60650                                             -41.33080043703275                                1.330828126070438E-4+1.0831353493800933E-4i
60800                                             60800                                             -41.545540806110694                               1.3518172310722498E-4+9.873367882951012E-5i
60950                                             60950                                             -41.80042729480029                                1.3607488362998854E-4+8.893123137598824E-5i
61100                                             61100                                             -42.09794199376226                                1.3574540311006578E-4+7.904856670792881E-5i
61250                                             61250                                             -42.441106294302166                               1.3419352985200028E-4+6.923047432538798E-5i
61400                                             61400                                             -42.83371589668825                                1.3143548206279165E-4+5.962107353418844E-5i
61550                                             61550                                             -43.2804677217747                                 1.2750437689917904E-4+5.0362427253425324E-5i
61700                                             61700                                             -43.78717430403435                                1.2245100585933644E-4+4.159138929304973E-5i
61850                                             61850                                             -44.361215649591436                               1.1634089613687948E-4+3.3439446927241434E-5i
62000                                             62000                                             -45.01195170236073                                1.0925609394035751E-4+2.60279526232976E-5i
62150                                             62150                                             -45.75165129684958                                1.0129089505361843E-4+1.9468150639245785E-5i
62300                                             62300                                             -46.59635011041486                                9.255420188908348E-5+1.3860874357618513E-5i
62450                                             62450                                             -47.567884208441114                               8.316517604217699E-5+9.29252567649641E-6i
62600                                             62600                                             -48.69666921671099                                7.32526741663575E-5+5.834136267424128E-6i
62750                                             62750                                             -50.026328893202205                               6.295455814042672E-5+3.5421971804616703E-6i
62900                                             62900                                             -51.622271493742545                               5.2413144455587535E-5+2.455830821146421E-6i
63050                                             63050                                             -53.58525562947924                                4.177627254536853E-5+2.596992405123899E-6i
63200                                             63200                                             -56.069737817339956                               3.11929299480207E-5+3.968685935107352E-6i
63350                                             63350                                             -59.243614596561606                               2.081134952364172E-5+6.556532232249168E-6i
63500                                             63500                                             -62.53964336005343                                1.0778399934296967E-5+1.0330474213726681E-5i
63650                                             63650                                             -62.33303315774184                                1.2357045954258794E-6+1.5238955195839843E-5i
63800                                             63800                                             -58.95225538413498                                -7.681603121256764E-6+2.1216261018808247E-5i
63950                                             63950                                             -55.82868714608499                                -1.5847247850975243E-5+2.8178807341738832E-5i
64100                                             64100                                             -53.38696958361137                                -2.3145274676950045E-5+3.602975132677155E-5i
64250                                             64250                                             -51.452510576598335                               -2.947369644390463E-5+4.465668348574425E-5i
64400                                             64400                                             -49.87561236388772                                -3.4742992594205546E-5+5.393650098017844E-5i
64550                                             64550                                             -48.55898942459052                                -3.887982633232756E-5+6.373604303411273E-5i
64700                                             64700                                             -47.43965980658685                                -4.182820013332034E-5+7.39123643120898E-5i
64850                                             64850                                             -46.47526594296088                                -4.3548229436529695E-5+8.431833651767473E-5i
65000                                             65000                                             -45.63637074890519                                -4.402024941840832E-5+9.480113206150609E-5i
65150                                             65150                                             -44.90179145402041                                -4.324228027785537E-5+1.0520700219673884E-4i
65300                                             65300                                             -44.2559021576804                                 -4.123057656357787E-5+1.1538248893139258E-4i
65450                                             65450                                             -43.68694475809721                                -3.801939311598446E-5+1.2517618370899708E-4i
65600                                             65600                                             -43.18580326355321                                -3.366291004491817E-5+1.3444217608404863E-4i
65750                                             65750                                             -42.74552842364638                                -2.823047801547851E-5+1.430394822348191E-4i
65900                                             65900                                             -42.360763304778516                               -2.180675181417957E-5+1.5083421259354246E-4i
66050                                             66050                                             -42.027511243480944                               -1.4489868721767607E-5+1.5769897220740958E-4i
66200                                             66200                                             -41.74297479801279                                -6.3921296497015945E-6+1.6351200945763367E-4i
66350                                             66350                                             -41.50608181352646                                2.3675302005532473E-6+1.6814457452307696E-4i
66500                                             66500                                             -41.31830881403464                                1.1665482213263356E-5+1.7143973243782806E-4i
66650                                             66650                                             -41.18781046755242                                2.138551441316361E-5+1.7312148253234572E-4i
66800                                             66800                                             -41.15042653422066                                3.145078676769497E-5+1.7234353232753463E-4i
66950                                             66950                                             -41.54001538270873                                4.187453863935264E-5+1.6218703884263164E-4i
67100                                             67100                                             -40.02997877999224                                4.704355666051985E-5+1.936794770028838E-4i
67250                                             67250                                             -40.48089117822237                                5.9623701475330915E-5+1.7958913217486216E-4i
67400                                             67400                                             -40.59168923035358                                6.975280712034904E-5+1.7331999668090958E-4i
67550                                             67550                                             -40.708107935690165                               8.054063908458087E-5+1.658168446589947E-4i
67700                                             67700                                             -40.42664059808939                                6.925752704672883E-5+1.7737174045007187E-4i
67850                                             67850                                             -40.80953573976238                                8.978697961020687E-5+1.5854298351014595E-4i
68000                                             68000                                             -40.9836852726594                                 9.729240112082982E-5+1.4975614056478292E-4i
68150                                             68150                                             -41.177866660847975                               1.0309595772606261E-4+1.4095872269037635E-4i
68300                                             68300                                             -41.40345917518214                                1.0762745444525823E-4+1.3179794376783072E-4i
68450                                             68450                                             -41.662955632610455                               1.1093779731147224E-4+1.2234289651524843E-4i
68600                                             68600                                             -41.94940327706205                                1.1301516823397639E-4+1.1296733752474974E-4i
68750                                             68750                                             -41.831603735143084                               1.1405127301189477E-4+1.1501490198706499E-4i
68900                                             68900                                             -42.81109323249011                                1.1344732321794115E-4+8.982455580819337E-5i
69050                                             69050                                             -43.2382517529162                                 1.1176375878058087E-4+8.053682010045193E-5i
69200                                             69200                                             -43.746617710942274                               1.0885396015430926E-4+7.093530373669665E-5i
69350                                             69350                                             -44.327981543402586                               1.04742851705808E-4+6.160276045152902E-5i
69500                                             69500                                             -44.98936583955813                                9.946873156058134E-5+5.2783451200744125E-5i
69650                                             69650                                             -45.74354359211874                                9.30449437203662E-5+4.473670356275328E-5i
69800                                             69800                                             -46.613282504599326                               8.511863660609631E-5+3.845959956805256E-5i
69950                                             69950                                             -47.53362998392875                                7.942582559528066E-5+2.738224818121804E-5i
70100                                             70100                                             -48.71582235780358                                6.953603927284391E-5+2.325872303765575E-5i
70250                                             70250                                             -50.07471174682366                                5.97964623541003E-5+1.8872189488150504E-5i
70400                                             70400                                             -51.703492299146916                               4.9637247452494204E-5+1.543702699013938E-5i
70550                                             70550                                             -53.707401444369516                               3.9129187258846176E-5+1.312704350719951E-5i
70700                                             70700                                             -56.23922408713109                                2.8400506872638953E-5+1.2013209322647711E-5i
70850                                             70850                                             -59.42598722140562                                1.7592304204783193E-5+1.2125690417863488E-5i
71000                                             71000                                             -62.43045782626753                                6.853287556118914E-6+1.3475897293613315E-5i
71150                                             71150                                             -61.69114930852567                                -3.6643887010301412E-6+1.6048586731765013E-5i
71300                                             71300                                             -58.36485265382805                                -1.3802190616085674E-5+1.9808422232370226E-5i
71450                                             71450                                             -55.44657613543637                                -2.316576658489833E-5+2.4589713041089922E-5i
71600                                             71600                                             -52.98298581678641                                -3.263036722123136E-5+3.078761763719573E-5i
71750                                             71750                                             -51.117640280968615                               -4.083066620841347E-5+3.77526002203199E-5i
71900                                             71900                                             -49.58250853075779                                -4.818197721523365E-5+4.563014356495643E-5i
72050                                             72050                                             -48.294588679669374                               -5.45514669795244E-5+5.429500427267531E-5i
72200                                             72200                                             -47.19581079783218                                -5.9846158526277726E-5+6.362103232371297E-5i
72350                                             72350                                             -46.246714558448886                               -6.399016333624719E-5+7.34706221485748E-5i
72500                                             72500                                             -45.419293530907375                               -6.692219823034584E-5+8.370429994652984E-5i
72650                                             72650                                             -44.69323806148428                                -6.860581753864725E-5+9.417073650452856E-5i
72800                                             72800                                             -44.05352738634949                                -6.901789484842213E-5+1.0471748935236835E-4i
72950                                             72950                                             -43.48870365016637                                -6.815422934769444E-5+1.1519062290255011E-4i
73100                                             73100                                             -42.98987900262425                                -6.603047112185845E-5+1.2543620010296852E-4i
73250                                             73250                                             -42.54996549990037                                -6.268320623636914E-5+1.3530396369021425E-4i
73400                                             73400                                             -42.16351489649124                                -5.81597661885036E-5+1.446484089761002E-4i
73550                                             73550                                             -41.826004940855725                               -5.252912945474808E-5+1.533318484358004E-4i
73700                                             73700                                             -41.533726994460224                               -4.5874228359665814E-5+1.6122755358816132E-4i
73850                                             73850                                             -41.2837078038383                                 -3.829076863570702E-5+1.6821912539699557E-4i
74000                                             74000                                             -41.07355629205935                                -2.98841879801115E-5+1.7420234217280228E-4i
74150                                             74150                                             -40.901103685846024                               -2.076756379709721E-5+1.790912262120692E-4i
74300                                             74300                                             -40.76497840973229                                -1.1056199191283866E-5+1.8280506104151328E-4i
74450                                             74450                                             -40.66242515938494                                -8.5914217862193E-7+1.853122249027006E-4i
74600                                             74600                                             -40.5927938235706                                 9.736065429588603E-6+1.8655188991911764E-4i
74750                                             74750                                             -40.55418940546658                                2.0677984122752235E-5+1.864950301343482E-4i
74900                                             74900                                             -40.54199138456202                                3.203876993673749E-5+1.8514999349439343E-4i
75050                                             75050                                             -40.540773705290796                               4.4106785861364184E-5+1.8267866627552642E-4i
75200                                             75200                                             -40.57810359365257                                5.895121028415273E-5+1.7759333348532635E-4i
75350                                             75350                                             -40.4641750765419                                 8.550677924423766E-5+1.692156063037853E-4i
75500                                             75500                                             -43.25398152180942                                -7.419877935099795E-5+1.1577239930837813E-4i
75650                                             75650                                             -41.536784571177805                               4.430745641209599E-5+1.6160396860809279E-4i
75800                                             75800                                             -41.61224878854212                                6.1520436343665E-5+1.5430662800119954E-4i
75950                                             75950                                             -41.8246645426141                                 7.093002260805115E-5+1.4576352850537155E-4i
76100                                             76100                                             -42.10704620412564                                7.733936087461757E-5+1.365373210289178E-4i
76250                                             76250                                             -42.44718118335398                                8.179349310155626E-5+1.2680187389002562E-4i
76400                                             76400                                             -42.84347796918805                                8.463431928845688E-5+1.1670570401900449E-4i
76550                                             76550                                             -43.29849291528478                                8.600266928859845E-5+1.0639285772129359E-4i
76700                                             76700                                             -43.817164080915944                               8.596980126601705E-5+9.6011442148769E-5i
76850                                             76850                                             -44.40643188479012                                8.458759424195827E-5+8.571212470598333E-5i
77000                                             77000                                             -45.07584048387271                                8.190556319198627E-5+7.564136771409657E-5i
77150                                             77150                                             -45.837925058244565                               7.798118597673875E-5+6.594338953069823E-5i
77300                                             77300                                             -46.70957324500891                                7.288012829342883E-5+5.675830335327703E-5i
77450                                             77450                                             -47.71388171123685                                6.668180991098449E-5+4.8216517487653654E-5i
77600                                             77600                                             -48.88314226849712                                5.9477308121336225E-5+4.044117901413902E-5i
77750                                             77750                                             -50.2638124672609                                 5.137174437358505E-5+3.354394661980731E-5i
77900                                             77900                                             -51.92531928821717                                4.2479246958937456E-5+2.7624584877372627E-5i
78050                                             78050                                             -53.972655154402446                               3.292601702203912E-5+2.2767614249241674E-5i
78200                                             78200                                             -56.55344940806639                                2.2845042082164646E-5+1.9043085625614076E-5i
78350                                             78350                                             -59.72821776771429                                1.2383084098288588E-5+1.650730596025607E-5i
78500                                             78500                                             -62.33483442874835                                1.6837783002876527E-6+1.5192783854200975E-5i
78650                                             78650                                             -61.08760318328143                                -9.100642942239112E-6+1.511835709655518E-5i
78800                                             78800                                             -57.838844323256794                               -1.981546936369316E-5+1.628713959833661E-5i
78950                                             78950                                             -54.99100462518726                                -3.0309331242206472E-5+1.8678280986561546E-5i
79100                                             79100                                             -52.73738534641183                                -4.0428828936955874E-5+2.225364304486721E-5i
79250                                             79250                                             -50.93045858589725                                -5.002195483810867E-5+2.6951868556945868E-5i
79400                                             79400                                             -49.44842968508796                                -5.893459773864684E-5+3.2686363063749724E-5i
79550                                             79550                                             -48.21398902409676                                -6.699560999151588E-5+3.9323826498738335E-5i
79700                                             79700                                             -47.189106218751064                               -7.394831101881216E-5+4.661150813223269E-5i
79850                                             79850                                             -46.441063548992986                               -7.886205925355938E-5+5.346037607700804E-5i
80000                                             80000                                             -44.256930849254516                               -9.787115108672584E-5+7.369369938481363E-5i
80150                                             80150                                             -44.38895774129685                                -9.28869395580012E-5+7.70202034997558E-5i
80300                                             80300                                             -43.850117100567815                               -9.501623257429648E-5+8.63444952224901E-5i
80450                                             80450                                             -43.32917473994375                                -9.642723523994867E-5+9.636353249342644E-5i
80600                                             80600                                             -42.85673782788066                                -9.672359644297135E-5+1.0660383144667218E-4i
80750                                             80750                                             -42.435975399541405                               -9.581316531970252E-5+1.1682274116608937E-4i
80900                                             80900                                             -42.064351891675486                               -9.369106143175543E-5+1.268426805792755E-4i
81050                                             81050                                             -41.73932583327066                                -9.037163859088038E-5+1.3650095661132955E-4i
81200                                             81200                                             -41.45818094715621                                -8.590405614228303E-5+1.456444967329329E-4i
81350                                             81350                                             -41.21819474059998                                -8.035980230119977E-5+1.54138083708677E-4i
81500                                             81500                                             -41.018128606099744                               -7.382037265479813E-5+1.6183735326802395E-4i
81650                                             81650                                             -40.855729490930685                               -6.638637031508576E-5+1.6863924287313647E-4i
81800                                             81800                                             -40.72931108980651                                -5.817787088213677E-5+1.744472784196427E-4i
81950                                             81950                                             -40.63634509849582                                -4.9334759636088243E-5+1.7920459251641319E-4i
82100                                             82100                                             -40.56371165683775                                -4.0147859557526644E-5+1.8308198423455657E-4i
82250                                             82250                                             -40.88981072469334                                -2.515469621500177E-5+1.787647418143301E-4i
82400                                             82400                                             -40.90069632832478                                -1.3196730181019856E-5+1.79816168218494E-4i
82550                                             82550                                             -40.53986260975641                                -1.2875065674600172E-5+1.8750612303930492E-4i
82700                                             82700                                             -40.67521706260337                                -1.637185857328305E-6+1.85034258173844E-4i
82850                                             82850                                             -40.80611405838646                                8.332374047459457E-6+1.8208326830115862E-4i
83000                                             83000                                             -40.966391408887965                               1.771432975888887E-5+1.7806225692706956E-4i
83150                                             83150                                             -41.161914989492175                               2.6491666434091954E-5+1.729409017425798E-4i
83300                                             83300                                             -41.39570635332716                                3.457064034106949E-5+1.667662193072239E-4i
83450                                             83450                                             -41.67076708738952                                4.182795792206928E-5+1.5961324187074855E-4i
83600                                             83600                                             -41.99083576051944                                4.817167912446463E-5+1.5156218451750636E-4i
83750                                             83750                                             -42.36373767410247                                5.350691188593659E-5+1.426450234723875E-4i
83900                                             83900                                             -42.70968003006277                                5.7708239846243625E-5+1.345481490859779E-4i
84050                                             84050                                             -43.22558523964619                                6.0811589966014434E-5+1.238333444915085E-4i
84200                                             84200                                             -43.763670420388806                               6.268830852218521E-5+1.135122200885963E-4i
84350                                             84350                                             -44.36848604554767                                6.332953371390726E-5+1.0304494446422563E-4i
84500                                             84500                                             -45.05372571892781                                6.270299657623601E-5+9.253069276682346E-5i
84650                                             84650                                             -45.83167681200084                                6.0834189263836436E-5+8.21207244762201E-5i
84800                                             84800                                             -46.72023706954131                                5.773654735935496E-5+7.19623694603877E-5i
84950                                             84950                                             -47.74365785681223                                5.3450812561139927E-5+6.219357137771109E-5i
85100                                             85100                                             -48.93475584994657                                4.803221604926522E-5+5.2960649843392105E-5i
85250                                             85250                                             -50.34187814722856                                4.155477074202496E-5+4.438912583681898E-5i
85400                                             85400                                             -52.03609605561147                                3.410241110290979E-5+3.660553579309944E-5i
85550                                             85550                                             -54.122371370188475                               2.5782014551112287E-5+2.972326903161182E-5i
85700                                             85700                                             -56.74153849911641                                1.6688041879153737E-5+2.3844361840885675E-5i
85850                                             85850                                             -59.87055375135266                                6.92079103203902E-6+1.908414396478708E-5i
86000                                             86000                                             -62.24781625638748                                -2.8540178124147886E-6+1.5173637517795768E-5i
86150                                             86150                                             -60.55698824446647                                -1.364066861081481E-5+1.2875755736496686E-5i
86300                                             86300                                             -57.368802787405116                               -2.4412800254447475E-5+1.1710808042186827E-5i
86450                                             86450                                             -54.6235510375874                                 -3.5209312979400664E-5+1.1821626875407887E-5i
86600                                             86600                                             -52.43523987815887                                -4.591132189035729E-5+1.324041976502599E-5i
86750                                             86750                                             -50.69532151712208                                -5.6143289819177156E-5+1.6004772001032563E-5i
86900                                             86900                                             -49.25266026555497                                -6.5901055670059E-5+2.020268795643876E-5i
87050                                             87050                                             -48.06487938738268                                -7.454865446854253E-5+2.623104494425821E-5i
87200                                             87200                                             -47.19707260143031                                -7.896349214014942E-5+3.7306153382932195E-5i
87350                                             87350                                             -45.45418352859885                                -1.0454087239686327E-4+2.1547596002813307E-5i
87500                                             87500                                             -45.032787575906966                               -1.0484366788687804E-4+3.951935678170315E-5i
87650                                             87650                                             -44.38999981564251                                -1.0996074786495669E-4+4.96511429072255E-5i
87800                                             87800                                             -43.79439801172404                                -1.1471567227927526E-4+5.9469426047509266E-5i
87950                                             87950                                             -43.25997552810085                                -1.1854689907364602E-4+6.949288288227162E-5i
88100                                             88100                                             -42.78457313958684                                -1.2126846794158208E-4+7.97556130652799E-5i
88250                                             88250                                             -42.36407404078017                                -1.227954701211731E-4+9.016688548479923E-5i
88400                                             88400                                             -41.99395708789722                                -1.230910820887443E-4+1.0060825562729914E-4i
88550                                             88550                                             -41.67135230683682                                -1.2213200699040527E-4+1.1093272471840443E-4i
88700                                             88700                                             -41.39263553863317                                -1.1993775348306812E-4+1.2100228628797449E-4i
88850                                             88850                                             -41.1554312326258                                 -1.1654063331945075E-4+1.3066896434976716E-4i
89000                                             89000                                             -40.95760278866357                                -1.1199765397912342E-4+1.39790390516481E-4i
89150                                             89150                                             -40.79779482267461                                -1.0636920366291491E-4+1.4823306354805332E-4i
89300                                             89300                                             -40.67445014798029                                -9.975168753223462E-5+1.558717578690194E-4i
89450                                             89450                                             -40.58679221893465                                -9.224512645045202E-5+1.625899524408947E-4i
89600                                             89600                                             -40.53399346704934                                -8.396725908133007E-5+1.6829017544950364E-4i
89750                                             89750                                             -40.515918341605726                               -7.50438886425453E-5+1.7288152649430621E-4i
89900                                             89900                                             -40.53216099376054                                -6.561649576808382E-5+1.7629942532693121E-4i
90050                                             90050                                             -40.5840615562419                                 -5.582015604299606E-5+1.78467769695434E-4i
90200                                             90200                                             -40.66576483248084                                -4.586611553325515E-5+1.7947495736947428E-4i
90350                                             90350                                             -40.78859184208251                                -3.5807073266447276E-5+1.790975018388652E-4i
90500                                             90500                                             -40.94649666098809                                -2.5848859192878493E-5+1.7747906681941927E-4i
90650                                             90650                                             -41.142151253684844                               -1.6175674347140845E-5+1.7460907640876044E-4i
90800                                             90800                                             -41.377741480369394                               -6.891624051541534E-6+1.7052519086302453E-4i
90950                                             90950                                             -41.654810077401514                               1.8454147107105356E-6+1.6529603185488906E-4i
91100                                             91100                                             -41.97596034724603                                9.898681443132329E-6+1.589981120958539E-4i
91250                                             91250                                             -42.34503067077721                                1.7145881412106156E-5+1.5171290359183853E-4i
91400                                             91400                                             -42.76543162470928                                2.348111983568879E-5+1.4355728402748458E-4i
91550                                             91550                                             -43.24264544659069                                2.8799286785841094E-5+1.346429681930994E-4i
91700                                             91700                                             -43.78310244874457                                3.3020594312704876E-5+1.25097643330907E-4i
91850                                             91850                                             -44.39463219373774                                3.607852129733358E-5+1.1506269561700755E-4i
92000                                             92000                                             -45.08780235012733                                3.792484772119353E-5+1.046788146051858E-4i
92150                                             92150                                             -45.87609260673983                                3.852563752848592E-5+9.409629824974619E-5i
92300                                             92300                                             -46.777577467592835                               3.787076892158847E-5+8.34640577129786E-5i
92450                                             92450                                             -47.81701032895469                                3.5961616027313514E-5+7.293256992024766E-5i
92600                                             92600                                             -49.02844602076882                                3.282278576144382E-5+6.265373597291735E-5i
92750                                             92750                                             -50.46222848499794                                2.849572939073175E-5+5.276493132699844E-5i
92900                                             92900                                             -52.19275993726362                                2.302447751961756E-5+4.3406603242757136E-5i
93050                                             93050                                             -54.32728223494354                                1.6494437530933936E-5+3.47097655086781E-5i
93200                                             93200                                             -56.99921550820831                                8.985923928506168E-6+2.678623296714644E-5i
93350                                             93350                                             -60.11802259283738                                5.946242825349835E-7+1.972111848513869E-5i
93500                                             93500                                             -61.93805332784358                                -8.545243766588939E-6+1.3527286136350014E-5i
93650                                             93650                                             -59.26246975294167                                -1.947983866668057E-5+9.724902647612055E-6i
93800                                             93800                                             -56.57750497536904                                -2.9235343724232088E-5+4.994380874645543E-6i
93950                                             93950                                             -53.86090885904199                                -4.0502099744155196E-5+1.958230674947714E-6i
94100                                             94100                                             -51.42763901995734                                -5.365668231066545E-5-5.667922730046016E-7i
94250                                             94250                                             -40.73947290760495                                -1.372897040405885E-4+1.2202057966193003E-4i
94400                                             94400                                             -49.68142650533308                                -6.535289852049875E-5+5.78320129274168E-6i
94550                                             94550                                             -48.13382656670446                                -7.811594634532515E-5+6.715564452863809E-6i
94700                                             94700                                             -46.98788639465911                                -8.892053843712056E-5+9.822393094660598E-6i
94850                                             94850                                             -46.035608818720576                               -9.879766329856654E-5+1.4301122098547836E-5i
95000                                             95000                                             -45.21848610433004                                -1.0784855632117729E-4+1.9929534901819146E-5i
95150                                             95150                                             -44.507295762431546                               -1.1602716401537538E-4+2.657838582453831E-5i
95300                                             95300                                             -43.88368436863729                                -1.2325569931559421E-4+3.412589771933927E-5i
95450                                             95450                                             -43.33379529202546                                -1.294697857053273E-4+4.244944201248213E-5i
95600                                             95600                                             -42.84938503657492                                -1.3457507505809652E-4+5.1424599496696644E-5i
95750                                             95750                                             -42.422516363891404                               -1.3852279566800574E-4+6.090980806794377E-5i
95900                                             95900                                             -42.044858768630505                               -1.413117427501165E-4+7.078091315737556E-5i
96050                                             96050                                             -41.70009206652079                                -1.4311241303821554E-4+8.100359845164551E-5i
96200                                             96200                                             -41.582815017087356                               -1.4048577468950274E-4+8.97034312180578E-5i
96350                                             96350                                             -41.25200533889806                                -1.410013274618649E-4+1.0050147654672159E-4i
96500                                             96500                                             -41.04809767337243                                -1.3876617190711205E-4+1.1030474198936435E-4i
96650                                             96650                                             -40.89163822271617                                -1.351660131481136E-4+1.1960781676267906E-4i
96800                                             96800                                             -40.810457560692925                               -1.2985741387466776E-4+1.277794416759681E-4i
96950                                             96950                                             -40.67550122606659                                -1.246995181013455E-4+1.3670459740389163E-4i
97100                                             97100                                             -40.639359673067915                               -1.176339269982618E-4+1.4382799112888645E-4i
97250                                             97250                                             -40.6464598208786                                 -1.0949663029219403E-4+1.4992772681854394E-4i
97400                                             97400                                             -40.78076735801802                                -9.894764286033642E-5+1.5371265234720433E-4i
97550                                             97550                                             -40.58343559329775                                -9.420500591122982E-5+1.6154594306716508E-4i
97700                                             97700                                             -40.746071280358514                               -8.309170620213191E-5+1.636521724701634E-4i
97850                                             97850                                             -40.89955761129673                                -7.233444087695329E-5+1.6517948237382285E-4i
98000                                             98000                                             -41.09136342278839                                -6.113041818944787E-5+1.654532117688623E-4i
98150                                             98150                                             -41.34038090460471                                -4.904498849034322E-5+1.6423327031045432E-4i
98300                                             98300                                             -41.70981452216384                                -3.413744010100084E-5+1.6067640966099805E-4i
98450                                             98450                                             -43.65438886130666                                6.783909418439649E-6+1.311385038869073E-4i
98600                                             98600                                             -41.79253844934088                                -4.5622319847504755E-5+1.5617869891082492E-4i
98750                                             98750                                             -42.28840269154497                                -2.571558042119282E-5+1.515105165355024E-4i
98900                                             98900                                             -42.784316595827875                               -1.456261752619259E-5+1.4441666730902192E-4i
99050                                             99050                                             -43.300507716321796                               -5.802905479468379E-6+1.3665117937833315E-4i
99200                                             99200                                             -43.87662707294733                                1.4866864537221858E-6+1.279880271874978E-4i
99350                                             99350                                             -44.53007094584241                                7.589401700980325E-6+1.1847786955299089E-4i
99500                                             99500                                             -45.28821300545795                                1.274571858139728E-5+1.0804844315237538E-4i
99650                                             99650                                             -46.254159990348285                               1.8050326845431286E-5+9.565876317696453E-5i
99800                                             99800                                             -45.551202937691436                               -7.541648672781953E-6+1.0528305544543759E-4i
99950                                             99950                                             -47.74810355040951                                1.402415493140241E-5+8.075563230658389E-5i
