% Model:              FEM_BEM_model_stl_TwoProlSpheroids.mph
% Version:            COMSOL 6.3.0.335
% Date:               Oct 8 2025, 13:20
% Table:              Table 2 - TS_D_far
% f0 (1/s)               freq (Hz)                TS_Global_var_Point      Evaluate in the domain at the given coordinates in Geometry 1 (Pa), Ps_Global_var_Point
500                                               500                                               -56.78487279128228                                -1.3338841576393534E-5+2.5704275549154332E-5i
650                                               650                                               -51.232250254872                                  -2.444636393095223E-5+4.913488144198119E-5i
800                                               800                                               -46.18136462073453                                -4.1822829466742206E-5+8.881128423265938E-5i
950                                               950                                               -41.05610966199726                                -7.038196612951797E-5+1.6251660980570737E-4i
1100                                              1100                                              -35.074061993362065                               -1.2087464950383264E-4+3.3127271306765405E-4i
1250                                              1250                                              -25.979232698199507                               -1.5198031250884814E-4+9.932132935769333E-4i
1400                                              1400                                              -19.05889886963226                                0.0020059780017144813-9.715559190258682E-4i
1550                                              1550                                              -28.398552687888134                               4.551657165723366E-4-6.092559326053015E-4i
1700                                              1700                                              -31.8872262339727                                 2.6806795952799556E-4-4.3262223224860286E-4i
1850                                              1850                                              -34.89391064444035                                1.8354430861705628E-4-3.09726596312343E-4i
2000                                              2000                                              -35.7925188533244                                 1.5644650285945305E-4-2.84458438701396E-4i
2150                                              2150                                              -36.683393206255495                               1.3643316434608366E-4-2.5929155712123286E-4i
2300                                              2300                                              -37.373402809154655                               1.2255670925204187E-4-2.4127790156092122E-4i
2450                                              2450                                              -37.917181009133586                               1.1235454913921528E-4-2.2801913550274389E-4i
2600                                              2600                                              -38.356498815757924                               1.0447379496858478E-4-2.1791020643957548E-4i
2750                                              2750                                              -38.719636220691626                               9.81415306666733E-5-2.0996032379549945E-4i
2900                                              2900                                              -39.02595615289209                                9.288926782946572E-5-2.0354000337796663E-4i
3050                                              3050                                              -39.28905489622679                                8.841825874233988E-5-1.9823395853457715E-4i
3200                                              3200                                              -39.51873413418505                                8.452965756766684E-5-1.9375832980983443E-4i
3350                                              3350                                              -39.72221206705923                                8.108650900245928E-5-1.899133953350285E-4i
3500                                              3500                                              -39.90492628944905                                7.799164483340837E-5-1.8655460240790678E-4i
3650                                              3650                                              -40.07102891101354                                7.517454835803683E-5-1.8357534560553557E-4i
3800                                              3800                                              -40.2237545850072                                 7.258285916372786E-5-1.8089516753505563E-4i
3950                                              3950                                              -40.36565660869623                                7.017705411604958E-5-1.7845234767799312E-4i
4100                                              4100                                              -40.4987689971572                                 6.792686481998933E-5-1.7619899249576854E-4i
4250                                              4250                                              -40.62473218181368                                6.58087990799694E-5-1.7409741823248837E-4i
4400                                              4400                                              -40.74488741751087                                6.380446648557303E-5-1.7211751564671918E-4i
4550                                              4550                                              -40.86032948959058                                6.189927189942379E-5-1.7023528563686607E-4i
4700                                              4700                                              -40.97197918588586                                6.008149672992458E-5-1.6843101588948084E-4i
4850                                              4850                                              -41.08060180849194                                5.834181521174875E-5-1.6668867636482343E-4i
5000                                              5000                                              -41.186836246892966                               5.667259716568562E-5-1.6499524602864302E-4i
5150                                              5150                                              -41.291227083958326                               5.506768747232105E-5-1.633398879624659E-4i
5300                                              5300                                              -41.39424560579209                                5.3522075450507245E-5-1.617134698936873E-4i
5450                                              5450                                              -41.496289063864936                               5.2031619992953804E-5-1.601085541290681E-4i
5600                                              5600                                              -41.59770281094229                                5.059291625830742E-5-1.5851888600082464E-4i
5750                                              5750                                              -41.69879253531835                                4.9203210649217954E-5-1.5693910586667137E-4i
5900                                              5900                                              -41.799812158637394                               4.7860221403683845E-5-1.5536499028623307E-4i
6050                                              6050                                              -41.900995540765116                               4.656203857911212E-5-1.5379280290617192E-4i
6200                                              6200                                              -42.002542063752635                               4.530713159162092E-5-1.522195426106876E-4i
6350                                              6350                                              -42.104632344451716                               4.409421727569196E-5-1.506426459787491E-4i
6500                                              6500                                              -42.207430231271786                               4.292222468049722E-5-1.49059938231777E-4i
6650                                              6650                                              -42.311073199602035                               4.1790307543698724E-5-1.4746978658619625E-4i
6800                                              6800                                              -42.41569264465244                                4.0697738544370754E-5-1.4587073275074136E-4i
6950                                              6950                                              -42.52140555597866                                3.964356947949721E-5-1.4426172813952753E-4i
7100                                              7100                                              -42.628336966769886                               3.8628008930008395E-5-1.4264134183106236E-4i
7250                                              7250                                              -42.736636037769664                               3.7649657127214464E-5-1.4100824980101123E-4i
7400                                              7400                                              -42.84623479191089                                3.670969982233485E-5-1.3936426617000564E-4i
7550                                              7550                                              -42.95723328920577                                3.580737771569087E-5-1.3770879379315648E-4i
7700                                              7700                                              -43.06978508932409                                3.494218080091205E-5-1.360403336209126E-4i
7850                                              7850                                              -43.18306102741631                                3.4121418711619E-5-1.343716902679759E-4i
8000                                              8000                                              -43.29880220133491                                3.33304043449445E-5-1.326787497145654E-4i
8150                                              8150                                              -43.41631177948255                                3.257591784433522E-5-1.3097249476679007E-4i
8300                                              8300                                              -43.53556973796837                                3.185820454837396E-5-1.2925423933374258E-4i
8450                                              8450                                              -43.65664467164805                                3.1177124270087564E-5-1.275239638461878E-4i
8600                                              8600                                              -43.77958328212554                                3.0532427007512464E-5-1.2578203750968076E-4i
8750                                              8750                                              -43.90441144287791                                2.992446383121017E-5-1.2402900369246073E-4i
8900                                              8900                                              -44.03099672639877                                2.9354148465221552E-5-1.22267614872551E-4i
9050                                              9050                                              -44.159701824535006                               2.88187785048577E-5-1.204940730310522E-4i
9200                                              9200                                              -44.29037960698028                                2.8320196665321262E-5-1.187111316232059E-4i
9350                                              9350                                              -44.42248399241883                                2.786187217801439E-5-1.1692666275675556E-4i
9500                                              9500                                              -44.557222513970785                               2.7435247985818645E-5-1.1512631700316689E-4i
9650                                              9650                                              -44.69407297154881                                2.7044203835258074E-5-1.1331763939381734E-4i
9800                                              9800                                              -44.832890321528744                               2.668978681813483E-5-1.1150322470121488E-4i
9950                                              9950                                              -44.97386892781864                                2.637023536361527E-5-1.0968162659108494E-4i
10100                                             10100                                             -45.116960406422365                               2.6086083218967993E-5-1.0785415282377198E-4i
10250                                             10250                                             -45.26210616867394                                2.5837619952895352E-5-1.0602219875832652E-4i
10400                                             10400                                             -45.409379299719106                               2.562426835300835E-5-1.0418558257507815E-4i
10550                                             10550                                             -45.55879170967142                                2.544620642741524E-5-1.0234469970393789E-4i
10700                                             10700                                             -45.71020493568923                                2.5302769130375324E-5-1.0050194427368986E-4i
10850                                             10850                                             -45.863674863340634                               2.5193624767494427E-5-9.865709290957092E-5i
11000                                             11000                                             -46.019178972666566                               2.5118964010806266E-5-9.681069165645706E-5i
11150                                             11150                                             -46.17657150561547                                2.5078254101529307E-5-9.49648134498382E-5i
11300                                             11300                                             -46.335970879638225                               2.507129227474758E-5-9.311821016888544E-5i
11450                                             11450                                             -46.49728899537051                                2.5097610905910894E-5-9.127204473780015E-5i
11600                                             11600                                             -46.660327587284826                               2.515731969948698E-5-8.942838416370336E-5i
11750                                             11750                                             -46.82512571748859                                2.5249635353663535E-5-8.758670155395443E-5i
11900                                             11900                                             -46.99154884211384                                2.5374604796846167E-5-8.57480293827706E-5i
12050                                             12050                                             -47.15949615763943                                2.553160412249733E-5-8.391302986143767E-5i
12200                                             12200                                             -47.32883615513269                                2.5720032416465255E-5-8.208250106089832E-5i
12350                                             12350                                             -47.49944970705268                                2.5940078140496148E-5-8.025665918698355E-5i
12500                                             12500                                             -47.671086579663196                               2.6191176506373814E-5-7.843706014309948E-5i
12650                                             12650                                             -47.843608330096146                               2.647276216843908E-5-7.662386788176434E-5i
12800                                             12800                                             -48.01680678073083                                2.678428239721864E-5-7.481770416539746E-5i
12950                                             12950                                             -48.19028731239965                                2.7126201388227855E-5-7.302033437794897E-5i
13100                                             13100                                             -48.36401031052142                                2.7496777023405805E-5-7.123060057112607E-5i
13250                                             13250                                             -48.53761321364583                                2.7895910329200913E-5-6.944958640386911E-5i
13400                                             13400                                             -48.710716383162435                               2.8323556435727593E-5-6.767813253749644E-5i
13550                                             13550                                             -48.882933365155914                               2.8778936472906302E-5-6.591707514169709E-5i
13700                                             13700                                             -49.053858428853204                               2.9261844053718455E-5-6.416683105003873E-5i
13850                                             13850                                             -49.22306880327064                                2.9771253416688293E-5-6.242798439892727E-5i
14000                                             14000                                             -49.39006600208952                                3.0307265503404235E-5-6.0700916440059594E-5i
14150                                             14150                                             -49.5543267235153                                 3.0868910091075286E-5-5.89863689689496E-5i
14300                                             14300                                             -49.71529256610157                                3.145557117240072E-5-5.7284888779096654E-5i
14450                                             14450                                             -49.87235031905161                                3.2067042699535087E-5-5.559693657308795E-5i
14600                                             14600                                             -50.024869390471395                               3.270275339606332E-5-5.39229990195178E-5i
14750                                             14750                                             -50.172197197243484                               3.336192997249743E-5-5.2263612827285755E-5i
14900                                             14900                                             -50.31367560373844                                3.4044269429212015E-5-5.0618854418482684E-5i
15050                                             15050                                             -50.4485527621764                                 3.47480892706753E-5-4.8990374531543424E-5i
15200                                             15200                                             -50.57619454022913                                3.547472565507137E-5-4.7376651063357755E-5i
15350                                             15350                                             -50.69585246795221                                3.622241090184275E-5-4.577927497328993E-5i
15500                                             15500                                             -50.80683115773458                                3.699102604970417E-5-4.419830265678382E-5i
15650                                             15650                                             -50.908486519291                                  3.7779632014622866E-5-4.2634191518176046E-5i
15800                                             15800                                             -51.00016555024971                                3.858746189289164E-5-4.108770629707159E-5i
15950                                             15950                                             -51.08126330777162                                3.941499714593677E-5-3.9558452992194404E-5i
16100                                             16100                                             -51.15141454529005                                4.0259692378252776E-5-3.8047385419570645E-5i
16250                                             16250                                             -51.20999741379326                                4.11227245449286E-5-3.6554820596612636E-5i
16400                                             16400                                             -51.25683368764904                                4.200261031322983E-5-3.5080498817952055E-5i
16550                                             16550                                             -51.29171564191217                                4.289794917405887E-5-3.3625416690163945E-5i
16700                                             16700                                             -51.31443413179803                                4.3809110920611793E-5-3.218949990624331E-5i
16850                                             16850                                             -51.32504654785592                                4.473502388130379E-5-3.0772824711311486E-5i
17000                                             17000                                             -51.323591314945524                               4.567534482341484E-5-2.9375840782219775E-5i
17150                                             17150                                             -51.31032726122112                                4.662933570181993E-5-2.7998271906692906E-5i
17300                                             17300                                             -51.28555307947405                                4.759607634519103E-5-2.6640849434822478E-5i
17450                                             17450                                             -51.249740437910546                               4.857408720781997E-5-2.530442981896197E-5i
17600                                             17600                                             -51.20318688764276                                4.9564996667916805E-5-2.398740546638578E-5i
17750                                             17750                                             -51.14691042588038                                5.0564216199255885E-5-2.2691196103208355E-5i
17900                                             17900                                             -51.08142556490462                                5.1571948826045766E-5-2.1415666982549375E-5i
18050                                             18050                                             -51.00718047698347                                5.25892424201313E-5-2.0160248014655657E-5i
18200                                             18200                                             -50.92514879439405                                5.361306149531675E-5-1.892587120122524E-5i
18350                                             18350                                             -50.83604628486734                                5.4642903834334344E-5-1.7711803723785557E-5i
18500                                             18500                                             -50.74079780744675                                5.5676257262771145E-5-1.651889149467678E-5i
18650                                             18650                                             -50.640181450580535                               5.671217876179746E-5-1.534596856933579E-5i
18800                                             18800                                             -50.53515906846102                                5.774776647521351E-5-1.4193471015278014E-5i
18950                                             18950                                             -50.42661523402152                                5.878073111842408E-5-1.3060656985142138E-5i
19100                                             19100                                             -50.315631837718485                               5.980682399286952E-5-1.1947747614482473E-5i
19250                                             19250                                             -50.20350294315556                                6.0820386006743554E-5-1.0852239917147344E-5i
19400                                             19400                                             -50.091594107939265                               6.181404846000715E-5-9.774738064072253E-6i
19550                                             19550                                             -49.98197808994732                                6.277523840769739E-5-8.712216888251412E-6i
19700                                             19700                                             -49.87750316630043                                6.368467170236869E-5-7.66110693095623E-6i
19850                                             19850                                             -49.78332146507388                                6.450505329469447E-5-6.612766577096529E-6i
20000                                             20000                                             -49.70878574277621                                6.516558910696357E-5-5.555293122960769E-6i
20150                                             20150                                             -49.67674416498603                                6.549263324434618E-5-4.450290924773448E-6i
20300                                             20300                                             -49.7598367966011                                 6.494141372803686E-5-3.1688608841395904E-6i
20450                                             20450                                             -50.37894156081449                                6.0539875915699426E-5-8.358700839261601E-7i
20600                                             20600                                             -43.65981908372834                                1.3118170801051932E-4+3.625093755288411E-6i
20750                                             20750                                             -47.80829196989479                                8.136192169794221E-5-2.433689522796101E-6i
20900                                             20900                                             -48.09373089749571                                7.875720960592858E-5-1.2319998374810126E-6i
21050                                             21050                                             -48.117310827410336                               7.855290609448673E-5-2.4990417990533587E-7i
21200                                             21200                                             -48.06656167882526                                7.901105491936455E-5+6.355903924282202E-7i
21350                                             21350                                             -47.98520834583609                                7.974366471502625E-5+1.4661164039475594E-6i
21500                                             21500                                             -47.8887391813422                                 8.061631508254896E-5+2.2567053986621843E-6i
21650                                             21650                                             -47.784078101775584                               8.156988147961508E-5+3.013955332753504E-6i
21800                                             21800                                             -47.674747683820875                               8.257468160643988E-5+3.7429648181985797E-6i
21950                                             21950                                             -47.56287132577591                                8.361293328301711E-5+4.445518581031038E-6i
22100                                             22100                                             -47.44974408041556                                8.46738140571901E-5+5.123758293090752E-6i
22250                                             22250                                             -47.33617518448199                                8.575067969207595E-5+5.777981061383386E-6i
22400                                             22400                                             -47.22272018085478                                8.683893479705107E-5+6.408791505041478E-6i
22550                                             22550                                             -47.109826743838596                               8.793465492740182E-5+7.017636779571568E-6i
22700                                             22700                                             -46.99775017811259                                8.903575258234486E-5+7.60392010057398E-6i
22850                                             22850                                             -46.886749516601554                               9.01397110831259E-5+8.169454326578673E-6i
23000                                             23000                                             -46.77665417616857                                9.124847943786651E-5+8.714651863472866E-6i
23150                                             23150                                             -46.667981620744676                               9.235684680936052E-5+9.238112851694957E-6i
23300                                             23300                                             -46.56070092739168                                9.346510117508311E-5+9.74004467046985E-6i
23450                                             23450                                             -46.45477156609684                                9.45734881405702E-5+1.022181172904979E-5i
23600                                             23600                                             -46.35033396639511                                9.568042320629022E-5+1.0682809775008906E-5i
23750                                             23750                                             -46.24733808534831                                9.678617744879325E-5+1.1124135460005569E-5i
23900                                             23900                                             -46.1457950097729                                 9.789057718490035E-5+1.1544606670410573E-5i
24050                                             24050                                             -46.04562590250043                                9.899421133885422E-5+1.1945181547567962E-5i
24200                                             24200                                             -45.946903413841966                               1.0009589261006369E-4+1.232690954022786E-5i
24350                                             24350                                             -45.84947339714651                                1.0119741634340151E-4+1.2687883264361766E-5i
24500                                             24500                                             -45.75333500681932                                1.0229855308419022E-4+1.3028299367112695E-5i
24650                                             24650                                             -45.658472768329396                               1.0339906608508587E-4+1.3349603416257239E-5i
24800                                             24800                                             -45.56472890902704                                1.0450073429713047E-4+1.3650977576329382E-5i
24950                                             24950                                             -45.4719087280324                                 1.0560577173707175E-4+1.3932304699149078E-5i
25100                                             25100                                             -45.37990260273641                                1.0671580987231533E-4+1.4190496350874326E-5i
25250                                             25250                                             -45.28841305191123                                1.0783351541787667E-4+1.443284927149513E-5i
25400                                             25400                                             -45.197322440720114                               1.0896144997418755E-4+1.465125150057478E-5i
25550                                             25550                                             -45.106216702058575                               1.1010479404077733E-4+1.4847030743947442E-5i
25700                                             25700                                             -45.014540238730376                               1.1127121128007289E-4+1.5018308806680203E-5i
25850                                             25850                                             -44.92165124859315                                1.1246967902411864E-4+1.5164056654248803E-5i
26000                                             26000                                             -44.82641880269897                                1.1371621698924583E-4+1.5281968441138716E-5i
26150                                             26150                                             -44.72758348382285                                1.1502987560935152E-4+1.536496967335932E-5i
26300                                             26300                                             -44.62273942611298                                1.1644604756705368E-4+1.5406556639674385E-5i
26450                                             26450                                             -44.508168970966636                               1.1802056246074111E-4+1.539518403403939E-5i
26600                                             26600                                             -44.37713991893081                                1.1985616463766613E-4+1.5305858524605753E-5i
26750                                             26750                                             -44.21626576661061                                1.221595835973477E-4+1.5091756338736495E-5i
26900                                             26900                                             -43.9951486331382                                 1.254103804006479E-4+1.4639732522248039E-5i
27050                                             27050                                             -43.6247205756733                                 1.310590232920794E-4+1.3603674551165845E-5i
27200                                             27200                                             -42.68913702150881                                1.4639797034210478E-4+1.0134315417187345E-5i
27350                                             27350                                             -27.214079825396006                               -1.3429818062937748E-4-8.612091998305704E-4i
27500                                             27500                                             -46.57557601122405                                9.090127925392988E-5+2.3180961608026962E-5i
27650                                             27650                                             -45.38263643115452                                1.0570887372257642E-4+2.0198392222114947E-5i
27800                                             27800                                             -44.97116255182689                                1.1119758256206147E-4+1.9195798933280273E-5i
27950                                             27950                                             -44.74354272594696                                1.1432136208816557E-4+1.868636362301057E-5i
28100                                             28100                                             -44.5884625481084                                 1.1648595879459878E-4+1.8368179084515823E-5i
28250                                             28250                                             -44.46975353175472                                1.1816356026861374E-4+1.814104746811207E-5i
28400                                             28400                                             -44.37227529345562                                1.1955545237768428E-4+1.7961792515897024E-5i
28550                                             28550                                             -44.28850451854392                                1.207630593634823E-4+1.780679393337259E-5i
28700                                             28700                                             -44.21428246187473                                1.2184234699014196E-4+1.7666011376538115E-5i
28850                                             28850                                             -44.14702656726572                                1.228284661339285E-4+1.753212342936461E-5i
29000                                             29000                                             -44.08531067156024                                1.2374090463290743E-4+1.7398816027136554E-5i
29150                                             29150                                             -44.028111535836445                               1.2459311208684598E-4+1.7265557837986556E-5i
29300                                             29300                                             -43.97450640022995                                1.2539794684574002E-4+1.7128750557149353E-5i
29450                                             29450                                             -43.92413017684088                                1.261599336324637E-4+1.698806098726635E-5i
29600                                             29600                                             -43.876550813542                                  1.2688501302626776E-4+1.6841214019014394E-5i
29750                                             29750                                             -43.831436490644606                               1.2757733996304754E-4+1.6689301236327836E-5i
29900                                             29900                                             -43.78863979411924                                1.2823865981398397E-4+1.6531671922503932E-5i
30050                                             30050                                             -43.747912843856426                               1.2887233314884394E-4+1.6367354169544157E-5i
30200                                             30200                                             -43.70915811261764                                1.2947940493784893E-4+1.6196316303007663E-5i
30350                                             30350                                             -43.67220645074303                                1.3006201007342844E-4+1.60188549623852E-5i
30500                                             30500                                             -43.63703600563661                                1.3062023474824658E-4+1.5834105991929803E-5i
30650                                             30650                                             -43.603500848934175                               1.3115581969724843E-4+1.564336599280125E-5i
30800                                             30800                                             -43.57160814589527                                1.3166845304918295E-4+1.5445840620520457E-5i
30950                                             30950                                             -43.54132097065472                                1.321583994299269E-4+1.5241666001308829E-5i
31100                                             31100                                             -43.51246768269526                                1.326279274522224E-4+1.5031856488545436E-5i
31250                                             31250                                             -43.48494501420214                                1.3307856714250832E-4+1.4814991352807283E-5i
31400                                             31400                                             -43.45902654517792                                1.335056219104458E-4+1.4593132222184835E-5i
31550                                             31550                                             -43.434412051050266                               1.3391366533349602E-4+1.4365154889950382E-5i
31700                                             31700                                             -43.41102568602939                                1.3430365753236417E-4+1.4131403931583186E-5i
31850                                             31850                                             -43.389105583374175                               1.3467172678105488E-4+1.3891579523250819E-5i
32000                                             32000                                             -43.3684867509794                                 1.3502015222327524E-4+1.3646882366047386E-5i
32150                                             32150                                             -43.349139202950305                               1.3534921138808054E-4+1.339768863528601E-5i
32300                                             32300                                             -43.33110772567623                                1.3565820224037406E-4+1.314247111083855E-5i
32450                                             32450                                             -43.31429583278314                                1.3594832563534887E-4+1.288305922286792E-5i
32600                                             32600                                             -43.29866409793631                                1.3622007298175198E-4+1.2619560985194234E-5i
32750                                             32750                                             -43.28437815927779                                1.3647072892042367E-4+1.2351755801165432E-5i
32900                                             32900                                             -43.271292241048116                               1.3670248544828123E-4+1.2079685399624118E-5i
33050                                             33050                                             -43.25944401583296                                1.3691458833647863E-4+1.1804009826033024E-5i
33200                                             33200                                             -43.248801369482564                               1.3710746325207301E-4+1.1524673221408044E-5i
33350                                             33350                                             -43.23934105815643                                1.372813773181103E-4+1.1241942996176313E-5i
33500                                             33500                                             -43.23111102942307                                1.3743545733296836E-4+1.0956306018106154E-5i
33650                                             33650                                             -43.2240923629212                                 1.375699786607676E-4+1.0667297616451243E-5i
33800                                             33800                                             -43.21822381117521                                1.376857979760726E-4+1.0375749665669787E-5i
33950                                             33950                                             -43.2136024750141                                 1.3778130509778386E-4+1.008191698870231E-5i
34100                                             34100                                             -43.21016946749218                                1.3785743052663335E-4+9.785420599484063E-6i
34250                                             34250                                             -43.20795498499429                                1.37913559886349E-4+9.487753336867577E-6i
34400                                             34400                                             -43.206969549054136                               1.379496026452931E-4+9.187561082923956E-6i
34550                                             34550                                             -43.207191637754974                               1.3796578527064396E-4+8.88643878904638E-6i
34700                                             34700                                             -43.208700076022595                               1.379608854757408E-4+8.58389280711247E-6i
34850                                             34850                                             -43.21142559882404                                1.379360060395629E-4+8.280104721980486E-6i
35000                                             35000                                             -43.215525084839655                               1.3788860378183276E-4+7.976144226207182E-6i
35150                                             35150                                             -43.220940647145234                               1.3781966083853403E-4+7.671594342228971E-6i
35300                                             35300                                             -43.227750164564725                               1.3772794146438283E-4+7.367191271367979E-6i
35450                                             35450                                             -43.23607071917068                                1.3761167759690496E-4+7.062307680216762E-6i
35600                                             35600                                             -43.24595491385124                                1.3747002728392577E-4+6.758563889763813E-6i
35750                                             35750                                             -43.257582540356225                               1.3730025655445122E-4+6.455610407241075E-6i
35900                                             35900                                             -43.27115122458376                                1.3709928899668933E-4+6.155064705137825E-6i
36050                                             36050                                             -43.28698640229981                                1.3686215086344822E-4+5.85695902388661E-6i
36200                                             36200                                             -43.30556617005361                                1.365814665499343E-4+5.562818232385247E-6i
36350                                             36350                                             -43.32776122759591                                1.362437624823909E-4+5.275310490215901E-6i
36500                                             36500                                             -43.35503690062672                                1.3582644389925624E-4+4.997984271115641E-6i
36650                                             36650                                             -43.39032032508467                                1.3528440456672675E-4+4.738537964787959E-6i
36800                                             36800                                             -43.44010188970895                                1.345180443005356E-4+4.5137503235093135E-6i
36950                                             36950                                             -43.523200155132535                               1.3324043709850297E-4+4.374489167680018E-6i
37100                                             37100                                             -43.72287910870981                                1.3020287448184398E-4+4.5538869647421265E-6i
37250                                             37250                                             -46.05026900853175                                9.891329009953376E-5+1.216874052356598E-5i
37400                                             37400                                             -42.802858529248255                               1.4483035518619847E-4+1.629118687729303E-6i
37550                                             37550                                             -43.12751116546949                                1.3951212875851216E-4+1.9512229969542716E-6i
37700                                             37700                                             -43.23717950888276                                1.3776302814672015E-4+1.830627118337702E-6i
37850                                             37850                                             -43.30064314812277                                1.3676285058056292E-4+1.5993360160670989E-6i
38000                                             38000                                             -43.34693415905039                                1.3603881488688518E-4+1.3201384293504148E-6i
38150                                             38150                                             -43.38493677472964                                1.3544753619482153E-4+1.0088944465413974E-6i
38300                                             38300                                             -43.4182194708922                                 1.3493159682476108E-4+6.70514924139276E-7i
38450                                             38450                                             -43.448192657217184                               1.3446809747352795E-4+3.029944783961014E-7i
38600                                             38600                                             -43.47535432419107                                1.3404855930398973E-4-1.0320671706143258E-7i
38750                                             38750                                             -43.49934034951001                                1.3367774628686435E-4-5.638378541839018E-7i
38900                                             38900                                             -43.518795343864845                               1.333752389964804E-4-1.109197850679422E-6i
39050                                             39050                                             -43.53099367195927                                1.3318053572464184E-4-1.7975522801361166E-6i
39200                                             39200                                             -43.52931388918992                                1.3318993305694304E-4-2.755179367763816E-6i
39350                                             39350                                             -43.496564421998826                               1.3365206769078153E-4-4.31374765108572E-6i
39500                                             39500                                             -43.369825524629384                               1.3546862639068902E-4-7.697651844051911E-6i
39650                                             39650                                             -42.59957233613581                                1.4626839773007605E-4-2.4276644934206892E-5i
39800                                             39800                                             -45.14883267635783                                1.0827730708923289E-4+2.2338176881464555E-5i
39950                                             39950                                             -44.34038055727015                                1.2111651309659743E-4+7.393168649616477E-6i
40100                                             40100                                             -44.214286475732536                               1.2304575171295795E-4+4.168267547566273E-6i
40250                                             40250                                             -44.18695030628843                                1.2347513174665314E-4+2.6892722138072145E-6i
40400                                             40400                                             -44.19332438316947                                1.2340063128990497E-4+1.803845109393798E-6i
40550                                             40550                                             -44.215607984178995                               1.2309180526776098E-4+1.1947186340233173E-6i
40700                                             40700                                             -44.24708448547303                                1.2265009946521577E-4+7.382263990107774E-7i
40850                                             40850                                             -44.28468986873308                                1.221218611539565E-4+3.7867460622731386E-7i
41000                                             41000                                             -44.32665858469194                                1.21533766969939E-4+8.541187312971488E-8i
41150                                             41150                                             -44.372154946956314                               1.2089876682952472E-4-1.5935220576412945E-7i
41300                                             41300                                             -44.420473840285155                               1.2022763242697243E-4-3.656730164225408E-7i
41450                                             41450                                             -44.47134372583971                                1.1952489520333787E-4-5.403392069336377E-7i
41600                                             41600                                             -44.52448444226452                                1.187950923172143E-4-6.875701987762994E-7i
41750                                             41750                                             -44.57984565497904                                1.1803953439742942E-4-8.1000951646093E-7i
41900                                             41900                                             -44.637167511376674                               1.1726233681530474E-4-9.099489572950148E-7i
42050                                             42050                                             -44.69649760954735                                1.1646340899013063E-4-9.876871787106722E-7i
42200                                             42200                                             -44.757777973668816                               1.1564407135905563E-4-1.0448056431133779E-6i
42350                                             42350                                             -44.820957587804536                               1.1480556098386607E-4-1.0793112616980238E-6i
42500                                             42500                                             -44.88613772316561                                1.1394706582812386E-4-1.0925706785958056E-6i
42650                                             42650                                             -44.95334151104053                                1.1306887414958E-4-1.0811378085007206E-6i
42800                                             42800                                             -45.022658174761375                               1.1217040336314321E-4-1.043881102558153E-6i
42950                                             42950                                             -45.094325703590954                               1.1124924060290642E-4-9.74327934888386E-7i
43100                                             43100                                             -45.168571922980256                               1.1030316140464569E-4-8.677808096546613E-7i
43250                                             43250                                             -45.245893850855545                               1.0932667759661063E-4-7.097945523559801E-7i
43400                                             43400                                             -45.32708987303218                                1.083106794031452E-4-4.775878489349239E-7i
43550                                             43550                                             -45.41421972542502                                1.0723060320888544E-4-1.1741236649598363E-7i
43700                                             43700                                             -45.51219218880736                                1.060267651638025E-4+5.023634176426484E-7i
43850                                             43850                                             -45.63844797820899                                1.0448097624699004E-4+1.881065860742659E-6i
44000                                             44000                                             -45.930914850542365                               1.0067392835344524E-4+8.568235482120379E-6i
44150                                             44150                                             -45.26965647189488                                1.085188710396312E-4-1.054793964516687E-5i
44300                                             44300                                             -45.63440365188942                                1.0446252416312918E-4-4.1913673892723935E-6i
44450                                             44450                                             -45.77306987956031                                1.0285319233710455E-4-2.78127469366396E-6i
44600                                             44600                                             -45.8828994653405                                 1.0157670789784357E-4-2.0783490067843857E-6i
44750                                             44750                                             -45.98451588935176                                1.004035379290058E-4-1.6006978169613717E-6i
44900                                             44900                                             -46.08333267258946                                9.92729028710948E-5-1.2171640282332419E-6i
45050                                             45050                                             -46.181612320625646                               9.8159419386179E-5-8.786637177848888E-7i
45200                                             45200                                             -46.280180776652884                               9.705406754706436E-5-5.59461520777127E-7i
45350                                             45350                                             -46.37960031411226                                9.595078566942972E-5-2.474968953114498E-7i
45500                                             45500                                             -46.480149222775125                               9.48467449665702E-5+6.549435382918745E-8i
45650                                             45650                                             -46.58212874874103                                9.373891647274091E-5+3.832121248104059E-7i
45800                                             45800                                             -46.68546958542553                                9.262832927142695E-5+7.079922782482484E-7i
45950                                             45950                                             -46.7904171504462                                 9.151259148015845E-5+1.0444540131659963E-6i
46100                                             46100                                             -46.896864312781005                               9.039311260394811E-5+1.391327904887163E-6i
46250                                             46250                                             -47.00499633233325                                8.926815836013402E-5+1.7517591113236364E-6i
46400                                             46400                                             -47.11472368772937                                8.813886371161761E-5+2.1264988950830954E-6i
46550                                             46550                                             -47.22618064120026                                8.700407462269855E-5+2.514997271219066E-6i
46700                                             46700                                             -47.33918130262536                                8.586580325670168E-5+2.9183675915867013E-6i
46850                                             46850                                             -47.45386960575944                                8.472270153059291E-5+3.3375314022476843E-6i
47000                                             47000                                             -47.57009669430325                                8.357631067523741E-5+3.7724277329731493E-6i
47150                                             47150                                             -47.68788482344239                                8.242641410588503E-5+4.223406007364261E-6i
47300                                             47300                                             -47.80732300447176                                8.127216478465149E-5+4.690289609032838E-6i
47450                                             47450                                             -47.92822976152103                                8.011521457151893E-5+5.1731564020274234E-6i
47600                                             47600                                             -48.0504686255433                                 7.89565452485319E-5+5.673802791483773E-6i
47750                                             47750                                             -48.17419006424852                                7.779465721191592E-5+6.190601664179951E-6i
47900                                             47900                                             -48.29922444786984                                7.663079609865342E-5+6.723933229979551E-6i
48050                                             48050                                             -48.42542175948026                                7.546579959955002E-5+7.275099048298372E-6i
48200                                             48200                                             -48.55273160328395                                7.429970395445018E-5+7.843176556998621E-6i
48350                                             48350                                             -48.68100062279873                                7.313316209484055E-5+8.429083126038073E-6i
48500                                             48500                                             -48.810186290774105                               7.196598874553706E-5+9.031618405375141E-6i
48650                                             48650                                             -48.94003512305499                                7.079942450533006E-5+9.651706218694045E-6i
48800                                             48800                                             -49.07053353810003                                6.963273446325413E-5+1.0288825087356734E-5i
48950                                             48950                                             -49.201480965792655                               6.846662235809875E-5+1.094256497824464E-5i
49100                                             49100                                             -49.33253372759013                                6.73024699138769E-5+1.1614382522062705E-5i
49250                                             49250                                             -49.46344783048646                                6.614095126566966E-5+1.2303716101613738E-5i
49400                                             49400                                             -49.594325591602946                               6.497992919307638E-5+1.3009837873556584E-5i
49550                                             49550                                             -49.724486115823645                               6.38231143478829E-5+1.3732800284604885E-5i
49700                                             49700                                             -49.85392132167472                                6.266850132252699E-5+1.4473793675140456E-5i
49850                                             49850                                             -49.98219657066177                                6.151791161757014E-5+1.523081647847313E-5i
50000                                             50000                                             -50.108906385153986                               6.03720750700365E-5+1.6004789624157745E-5i
50150                                             50150                                             -50.23395483366045                                5.922964073290515E-5+1.679495268080977E-5i
50300                                             50300                                             -50.356658581968944                               5.809280731816635E-5+1.760277970863644E-5i
50450                                             50450                                             -50.47670972615026                                5.6961710617586814E-5+1.8426529128867664E-5i
50600                                             50600                                             -50.59379165384678                                5.583622148230827E-5+1.9265371708487855E-5i
50750                                             50750                                             -50.70740997711528                                5.471629548270407E-5+2.012151168107046E-5i
50900                                             50900                                             -50.81704788830883                                5.360368398948934E-5+2.099203786642967E-5i
51050                                             51050                                             -50.922226158218734                               5.249837782944633E-5+2.1877966157046735E-5i
51200                                             51200                                             -51.022487357328046                               5.140083327631606E-5+2.2778454100924606E-5i
51350                                             51350                                             -51.11740364386603                                5.031165534868931E-5+2.369193881857079E-5i
51500                                             51500                                             -51.20641804462303                                4.92309422452375E-5+2.4619987921026265E-5i
51650                                             51650                                             -51.289305810194044                               4.815779346367677E-5+2.5561271177809708E-5i
51800                                             51800                                             -51.36535481700292                                4.709581690021114E-5+2.6512952145840707E-5i
51950                                             51950                                             -51.43436409038114                                4.604306765565447E-5+2.747619838305848E-5i
52100                                             52100                                             -51.4964316408134                                 4.499947815383987E-5+2.8445698799561825E-5i
52250                                             52250                                             -51.551000718176496                               4.396724475258518E-5+2.9421155755104955E-5i
52400                                             52400                                             -51.59872953625857                                4.294363220308517E-5+3.039700634333009E-5i
52550                                             52550                                             -51.63988873760003                                4.1932150135981505E-5+3.1364278057832706E-5i
52700                                             52700                                             -51.67668760904961                                4.092806968530871E-5+3.230759297767616E-5i
52850                                             52850                                             -51.713032599540966                               3.9930314543190626E-5+3.319335334373008E-5i
53000                                             53000                                             -51.76113739395265                                3.893288051975974E-5+3.392284555114866E-5i
53150                                             53150                                             -51.87259240196673                                3.791080795922941E-5+3.408427138740233E-5i
53300                                             53300                                             -53.09061689084737                                3.594173633142406E-5+2.5914169697438538E-5i
53450                                             53450                                             -51.23281971407734                                3.556585360492415E-5+4.1791583401895593E-5i
53600                                             53600                                             -51.522072717465534                               3.3061826759939184E-5+4.1525208229864496E-5i
53750                                             53750                                             -51.15409158247154                                3.7123263423144426E-5+4.109037406085925E-5i
53900                                             53900                                             -51.264251883916174                               3.482306175478511E-5+4.2155709897517823E-5i
54050                                             54050                                             -51.24387712127628                                3.377847328472905E-5+4.316043906804623E-5i
54200                                             54200                                             -51.19471985966578                                3.298728092432368E-5+4.415700337367934E-5i
54350                                             54350                                             -51.13069394056325                                3.2373841321320374E-5+4.51115904869237E-5i
54500                                             54500                                             -51.05806539379866                                3.199744109322333E-5+4.594865167062423E-5i
54650                                             54650                                             -50.985588586328504                               3.2101400130324365E-5+4.644754029803355E-5i
54800                                             54800                                             -50.95682347923962                                3.370014680331712E-5+4.553414843200265E-5i
54950                                             54950                                             -54.038144690463085                               3.7232897339090076E-5+1.3864153704745696E-5i
55100                                             55100                                             -50.80677445053283                                1.7380647721054743E-5+5.495254703069552E-5i
55250                                             55250                                             -50.55685977495108                                2.160813389584515E-5+5.524239217080673E-5i
55400                                             55400                                             -50.41522214160669                                2.2273545623729962E-5+5.602828225403922E-5i
55550                                             55550                                             -50.279517807959344                               2.215047929188252E-5+5.709659099784048E-5i
55700                                             55700                                             -50.134827078790984                               2.1660805138434824E-5+5.838267716307133E-5i
55850                                             55850                                             -49.94500840319405                                2.05643675946221E-5+6.0233528391018254E-5i
56000                                             56000                                             -50.256434529618154                               2.5347360929517393E-5+5.59299923093004E-5i
56150                                             56150                                             -49.85014493007896                                2.1525286022894274E-5+6.063903490449718E-5i
56300                                             56300                                             -49.68587796557665                                2.0669288490704485E-5+6.223196554511201E-5i
56450                                             56450                                             -49.53817310382643                                2.0020656379238222E-5+6.362366900680705E-5i
56600                                             56600                                             -49.39479816145629                                1.9435778273124704E-5+6.496436861380683E-5i
56750                                             56750                                             -49.25319111258119                                1.8887571407166792E-5+6.628556920273976E-5i
56900                                             56900                                             -49.11236278005023                                1.8362766540269693E-5+6.7601000745654E-5i
57050                                             57050                                             -48.97209238292696                                1.786023571448414E-5+6.891427333499678E-5i
57200                                             57200                                             -48.832455869330445                               1.7376583973882642E-5+7.022692908387196E-5i
57350                                             57350                                             -48.69353511160873                                1.6912827435155986E-5+7.153912230739579E-5i
57500                                             57500                                             -48.55557063696797                                1.646860279602702E-5+7.284983697519731E-5i
57650                                             57650                                             -48.41817579837987                                1.6044255468083968E-5+7.416329339549055E-5i
57800                                             57800                                             -48.28200497234292                                1.5639219064778054E-5+7.547459194823247E-5i
57950                                             57950                                             -48.14690194809578                                1.5253888774435787E-5+7.678566991831115E-5i
58100                                             58100                                             -48.012990920378876                               1.488911314401209E-5+7.809578759487845E-5i
58250                                             58250                                             -47.88050168967757                                1.4543044549786277E-5+7.94035967391915E-5i
58400                                             58400                                             -47.7496874460083                                 1.421793411759964E-5+8.070656554104438E-5i
58550                                             58550                                             -47.62008664511312                                1.3913599692660927E-5+8.200938444546946E-5i
58700                                             58700                                             -47.49218831833226                                1.3630080252402532E-5+8.330752951979381E-5i
58850                                             58850                                             -47.36607948621867                                1.336641374288794E-5+8.460033104773501E-5i
59000                                             59000                                             -47.241620862825016                               1.3126410440711389E-5+8.588856004088097E-5i
59150                                             59150                                             -47.11904249075146                                1.2908627657182148E-5+8.717007913061625E-5i
59300                                             59300                                             -46.998370151765485                               1.2712728851727029E-5+8.8444511002983E-5i
59450                                             59450                                             -46.87987911866255                                1.2548895831909768E-5+8.970731463886494E-5i
59600                                             59600                                             -46.76397397588878                                1.2432559391484244E-5+9.095179858287228E-5i
59750                                             59750                                             -46.65727115282933                                1.258091517419846E-5+9.207672401356781E-5i
59900                                             59900                                             -46.52395005763272                                1.1746468344453476E-5+9.363576993226541E-5i
60050                                             60050                                             -46.41722529476433                                1.1825692516787E-5+9.480163914243889E-5i
60200                                             60200                                             -46.30877210758371                                1.1781379437914019E-5+9.60166313197508E-5i
60350                                             60350                                             -46.2017314896023                                 1.1734103345983904E-5+9.723074458423131E-5i
60500                                             60500                                             -46.09640017908135                                1.1697285289546944E-5+9.843856603164447E-5i
60650                                             60650                                             -45.99289846426802                                1.167601636714588E-5+9.963764070120007E-5i
60800                                             60800                                             -45.89128998907863                                1.1672562661213526E-5+1.0082646167985931E-4i
60950                                             60950                                             -45.79157873011469                                1.1684846444204311E-5+1.0200469209076246E-4i
61100                                             61100                                             -45.69374681268701                                1.1716240595760485E-5+1.0317161290052113E-4i
61250                                             61250                                             -45.59797534757497                                1.1765866257951174E-5+1.0432457244313742E-4i
61400                                             61400                                             -45.504210107598404                               1.1832989521010084E-5+1.0546368412978069E-4i
61550                                             61550                                             -45.41225226658571                                1.1918299363311569E-5+1.0659071456098346E-4i
61700                                             61700                                             -45.32226915306077                                1.201965793751203E-5+1.0770324249131935E-4i
61850                                             61850                                             -45.234206630382886                               1.2139175686709525E-5+1.0880108460376015E-4i
62000                                             62000                                             -45.14805583892979                                1.2276054753346255E-5+1.0988382236054584E-4i
62150                                             62150                                             -45.06385415580489                                1.2428579415746377E-5+1.109505394308874E-4i
62300                                             62300                                             -44.981547356055955                               1.2598831296672941E-5+1.1200106678532773E-4i
62450                                             62450                                             -44.90111340324219                                1.2785448890884066E-5+1.1303521842132014E-4i
62600                                             62600                                             -44.822586533451734                               1.2986613289078797E-5+1.1405212166515355E-4i
62750                                             62750                                             -44.74592058552907                                1.3204805786704021E-5+1.1505147618040557E-4i
62900                                             62900                                             -44.671041515103624                               1.3437806917704354E-5+1.1603391417325248E-4i
63050                                             63050                                             -44.59801560265287                                1.3685058865120503E-5+1.1699799968700741E-4i
63200                                             63200                                             -44.52693306447035                                1.394618006578252E-5+1.1794191800174048E-4i
63350                                             63350                                             -44.45769282524397                                1.4223021869430585E-5+1.1886620485024313E-4i
63500                                             63500                                             -44.39018683373846                                1.4514095188655762E-5+1.1977193441525813E-4i
63650                                             63650                                             -44.324536048789014                               1.4817267552424962E-5+1.2065708828457034E-4i
63800                                             63800                                             -44.260675812484244                               1.5134048037768189E-5+1.2152179580560141E-4i
63950                                             63950                                             -44.19864175088385                                1.5463321062891833E-5+1.2236510304663994E-4i
64100                                             64100                                             -44.13852667551376                                1.5806387795747057E-5+1.2318491860119352E-4i
64250                                             64250                                             -44.08006312146508                                1.6160594498160208E-5+1.239848530892873E-4i
64400                                             64400                                             -44.023524576610164                               1.6527506549735005E-5+1.2476018563833957E-4i
64550                                             64550                                             -43.968828516433184                               1.6904542378293197E-5+1.255118759007079E-4i
64700                                             64700                                             -43.915862627884145                               1.7293810599949833E-5+1.26240744015238E-4i
64850                                             64850                                             -43.86478583030431                                1.769457331202151E-5+1.2694399466328665E-4i
65000                                             65000                                             -43.81559936021102                                1.8104735179047537E-5+1.276213440520868E-4i
65150                                             65150                                             -43.76841738566952                                1.8526010910568935E-5+1.282702848527384E-4i
65300                                             65300                                             -43.72326002413111                                1.8959367614979072E-5+1.288897983683368E-4i
65450                                             65450                                             -43.6803612140648                                 1.9401698043763904E-5+1.2947621112857632E-4i
65600                                             65600                                             -43.63964873154207                                1.9855089399778425E-5+1.3002971981745937E-4i
65750                                             65750                                             -43.601436399657445                               2.0320889471292514E-5+1.305447077024624E-4i
65900                                             65900                                             -43.5661962603164                                 2.079839731694566E-5+1.3101334595155834E-4i
66050                                             66050                                             -43.534547022504285                               2.1291975531689822E-5+1.3142461372883663E-4i
66200                                             66200                                             -43.50753533450752                                2.1803919294571816E-5+1.3176099001288577E-4i
66350                                             66350                                             -43.487187271229985                               2.2341219433896775E-5+1.3198865248054137E-4i
66500                                             66500                                             -43.47823416782387                                2.2916319669719076E-5+1.3203013948004383E-4i
66650                                             66650                                             -43.49177019626458                                2.3561809230687736E-5+1.317044996698158E-4i
66800                                             66800                                             -43.570999916652866                               2.437581967107416E-5+1.3032051453387705E-4i
66950                                             66950                                             -44.09724803069654                                2.5810105607537714E-5+1.220881170908017E-4i
67100                                             67100                                             -42.38890706323189                                2.0792400707514425E-5+1.5047970379655773E-4i
67250                                             67250                                             -42.91977331547243                                2.4489981915454262E-5+1.4078887266477658E-4i
67400                                             67400                                             -43.00395482033288                                2.5951444004579383E-5+1.3912499539214807E-4i
67550                                             67550                                             -43.02237359041517                                2.8490990483132084E-5+1.38321146389786E-4i
67700                                             67700                                             -43.01869392402888                                1.1242821161161487E-5+1.4083671629372407E-4i
67850                                             67850                                             -43.02698052862797                                2.3819859049423187E-5+1.3912564384099824E-4i
68000                                             68000                                             -43.01574393516928                                2.536740880054733E-5+1.3903754827293557E-4i
68150                                             68150                                             -43.00241871791204                                2.6230239706714897E-5+1.3909817368551458E-4i
68300                                             68300                                             -42.98730906373784                                2.6864350808453175E-5+1.3922810195399205E-4i
68450                                             68450                                             -42.9690890525696                                 2.735726909325331E-5+1.394355275791126E-4i
68600                                             68600                                             -42.939272391152905                               2.7592312440649636E-5+1.39887267916583E-4i
68750                                             68750                                             -42.52149568434995                                2.1588285238627325E-5+1.4804235961529688E-4i
68900                                             68900                                             -43.00876579151523                                3.0133935396803313E-5+1.3819917610835564E-4i
69050                                             69050                                             -42.97478846117757                                3.015648097659529E-5+1.3876164299209126E-4i
69200                                             69200                                             -42.96049306181803                                3.0437790458359704E-5+1.3893966473832453E-4i
69350                                             69350                                             -42.95200878625474                                3.073805825859477E-5+1.3901590604170622E-4i
69500                                             69500                                             -42.948116735712276                               3.0954388871018423E-5+1.3903326960662543E-4i
69650                                             69650                                             -42.95106905474182                                3.087743733931614E-5+1.390007942303484E-4i
69800                                             69800                                             -42.98489764783202                                2.8869000314568627E-5+1.3886650266881073E-4i
69950                                             69950                                             -42.82671746103095                                3.776263389293488E-5+1.3941856160082367E-4i
70100                                             70100                                             -42.89132043299847                                3.502060869597923E-5+1.3902896233397577E-4i
70250                                             70250                                             -42.90230424292318                                3.4874084469338484E-5+1.388789836255233E-4i
70400                                             70400                                             -42.907893096621535                               3.506412172177287E-5+1.387361255640318E-4i
70550                                             70550                                             -42.912793565181104                               3.536019862093731E-5+1.385776626856572E-4i
70700                                             70700                                             -42.918086147292                                  3.5700158879381494E-5+1.384005037188274E-4i
70850                                             70850                                             -42.92429664137059                                3.606543337580925E-5+1.3820018820542845E-4i
71000                                             71000                                             -42.931644506336866                               3.644489740084467E-5+1.379756905940388E-4i
71150                                             71150                                             -42.94041109405625                                3.6852868144865436E-5+1.3771826258945907E-4i
71300                                             71300                                             -42.952091760710886                               3.73346273780939E-5+1.3738991478839946E-4i
71450                                             71450                                             -42.9930632781265                                 3.903491421042293E-5+1.3621971604804717E-4i
71600                                             71600                                             -42.957395031921436                               3.735502538615432E-5+1.3729431258913127E-4i
71750                                             71750                                             -42.97501553810724                                3.792603695812469E-5+1.3683847538348282E-4i
71900                                             71900                                             -42.98999367304209                                3.832845099610571E-5+1.3647220485646372E-4i
72050                                             72050                                             -43.00523877481777                                3.868772283677213E-5+1.361123847845036E-4i
72200                                             72200                                             -43.0213805119467                                 3.9027690525827996E-5+1.3574194845356047E-4i
72350                                             72350                                             -43.03865866561303                                3.935134569288401E-5+1.3535619812865551E-4i
72500                                             72500                                             -43.056823243903324                               3.9665195195159875E-5+1.3495765298565665E-4i
72650                                             72650                                             -43.07652383771618                                3.997219103091254E-5+1.3453462427714946E-4i
72800                                             72800                                             -43.096144796301274                               4.026812444268835E-5+1.3411573206723038E-4i
72950                                             72950                                             -43.11745378926925                                4.055512319761645E-5+1.3367070807523973E-4i
73100                                             73100                                             -43.139462103182716                               4.083831742163202E-5+1.3321477473626775E-4i
73250                                             73250                                             -43.162754095881226                               4.111979020982037E-5+1.327375812346654E-4i
73400                                             73400                                             -43.186760792516985                               4.1392477917345794E-5+1.3225096794156066E-4i
73550                                             73550                                             -43.211648003549925                               4.166641970565488E-5+1.317491310380836E-4i
73700                                             73700                                             -43.23724530448378                                4.1942044018750124E-5+1.3123482955457177E-4i
73850                                             73850                                             -43.263233773961325                               4.2226203683382035E-5+1.3071118776020185E-4i
74000                                             74000                                             -43.289509192861345                               4.252136147647745E-5+1.3017906319767736E-4i
74150                                             74150                                             -43.31574147531501                                4.284221335248972E-5+1.296389558925748E-4i
74300                                             74300                                             -43.341441926526734                               4.3198881088390984E-5+1.290952346713059E-4i
74450                                             74450                                             -43.36584995486841                                4.36148124300928E-5+1.2855198180605765E-4i
74600                                             74600                                             -43.38759077190968                                4.4133113508870725E-5+1.2801606408052724E-4i
74750                                             74750                                             -43.40421727162465                                4.482331049315835E-5+1.2750157876406654E-4i
74900                                             74900                                             -43.41061769493396                                4.581830629657446E-5+1.2704158828624745E-4i
75050                                             75050                                             -43.39159908882302                                4.737607888471995E-5+1.2678500020379957E-4i
75200                                             75200                                             -43.32864383011881                                5.129827137440035E-5+1.2631271285945544E-4i
75350                                             75350                                             -42.98712294247645                                6.375805673297652E-5+1.26656739290687E-4i
75500                                             75500                                             -47.10104191113058                                -3.1099204907958367E-5+8.264591300988222E-5i
75650                                             75650                                             -44.316393259725835                               2.6453467646736506E-5+1.1876713256964155E-4i
75800                                             75800                                             -44.11830437744074                                3.2967218710600044E-5+1.200396491657374E-4i
75950                                             75950                                             -44.07702362842188                                3.5385024319989355E-5+1.1996771996591882E-4i
76100                                             76100                                             -44.08037472781203                                3.660109905206932E-5+1.1955185695444737E-4i
76250                                             76250                                             -44.102874821009614                               3.729520974654621E-5+1.1899821582672665E-4i
76400                                             76400                                             -44.13632937852928                                3.770983774453729E-5+1.1836443756085835E-4i
76550                                             76550                                             -44.17606951379628                                3.7957529763821274E-5+1.176895485389684E-4i
76700                                             76700                                             -44.221049658184256                               3.808643513525389E-5+1.1697635922114369E-4i
76850                                             76850                                             -44.26910848235118                                3.813309811284693E-5+1.1624698948475842E-4i
77000                                             77000                                             -44.320360787187965                               3.811555344784834E-5+1.1549503408647688E-4i
77150                                             77150                                             -44.37388013792683                                3.8048239902610526E-5+1.1473039499465543E-4i
77300                                             77300                                             -44.430000987963815                               3.793652863548491E-5+1.139471905527989E-4i
77450                                             77450                                             -44.48796035561904                                3.778635369616756E-5+1.1315532073985501E-4i
77600                                             77600                                             -44.54785171485426                                3.7602692154747874E-5+1.1235236689810524E-4i
77750                                             77750                                             -44.60966651377874                                3.738805921010835E-5+1.1153820306342155E-4i
77900                                             77900                                             -44.673369534290764                               3.7140629954690585E-5+1.1071452211430799E-4i
78050                                             78050                                             -44.73844736596965                                3.6871024231166505E-5+1.0988555020896573E-4i
78200                                             78200                                             -44.80565258822199                                3.6574967782365686E-5+1.0904259887845047E-4i
78350                                             78350                                             -44.874969922746246                               3.625478320107289E-5+1.081857300907485E-4i
78500                                             78500                                             -44.94544289786336                                3.590031127709281E-5+1.073321092964763E-4i
78650                                             78650                                             -45.01755260473004                                3.552375219451065E-5+1.0647137518438043E-4i
78800                                             78800                                             -45.092447564673506                               3.512485949352939E-5+1.0558854543518681E-4i
78950                                             78950                                             -45.1694173372513                                 3.469527927468796E-5+1.0469675117186217E-4i
79100                                             79100                                             -45.24957611047601                                3.4229509111471934E-5+1.037836055536312E-4i
79250                                             79250                                             -45.333769886706975                               3.372526439215928E-5+1.028397165906414E-4i
79400                                             79400                                             -45.423969769714915                               3.316446112416882E-5+1.0184669472890207E-4i
79550                                             79550                                             -45.52550012941069                                3.249967832696932E-5+1.0075367324446916E-4i
79700                                             79700                                             -45.65523761663486                                3.161326039713419E-5+9.938953939925277E-5i
79850                                             79850                                             -45.91487787008559                                2.9624194866462172E-5+9.679270775764248E-5i
80000                                             80000                                             -44.62664213012661                                3.851037830870929E-5+1.109125865912386E-4i
80150                                             80150                                             -45.56149391651296                                3.2616864722834205E-5+1.0025551916803543E-4i
80300                                             80300                                             -45.73496799546413                                3.1394250896044085E-5+9.845914270267819E-5i
80450                                             80450                                             -45.85432829523604                                3.0561060615830193E-5+9.724350587758668E-5i
80600                                             80600                                             -45.95936393380604                                2.982611617113884E-5+9.618941002598191E-5i
80750                                             80750                                             -46.05771194884643                                2.913317872110799E-5+9.521642902354799E-5i
80900                                             80900                                             -46.15501206243411                                2.843989459333507E-5+9.426779580201661E-5i
81050                                             81050                                             -46.25073897582779                                2.7751262676012356E-5+9.334746044209474E-5i
81200                                             81200                                             -46.34595379003794                                2.7062238661501592E-5+9.244378881645421E-5i
81350                                             81350                                             -46.441741295278575                               2.6365461100130716E-5+9.154606603578586E-5i
81500                                             81500                                             -46.53789904013205                                2.5658461547062306E-5+9.065716961131898E-5i
81650                                             81650                                             -46.634658219550914                               2.49474746585876E-5+8.97725543250738E-5i
81800                                             81800                                             -46.731958821697425                               2.4232600306817176E-5+8.88927958878627E-5i
81950                                             81950                                             -46.828198782031535                               2.3519391398163503E-5+8.80337165998224E-5i
82100                                             82100                                             -46.91003525422035                                2.2789039346327034E-5+8.734278363620174E-5i
82250                                             82250                                             -47.42972882183274                                2.3625210606725844E-5+8.167617345067324E-5i
82400                                             82400                                             -47.638156132168035                               2.5096748964503757E-5+7.912365197204618E-5i
82550                                             82550                                             -47.06371235282425                                1.8648808627508284E-5+8.67008729326102E-5i
82700                                             82700                                             -47.25331297545539                                1.866773721481696E-5+8.473704290057338E-5i
82850                                             82850                                             -47.37579716429397                                1.8041080010744448E-5+8.363013939372E-5i
83000                                             83000                                             -47.48654353609511                                1.7281517736333907E-5+8.268337628081213E-5i
83150                                             83150                                             -47.59278586872779                                1.6471553868580013E-5+8.180126877121996E-5i
83300                                             83300                                             -47.69685927981012                                1.5629007718676036E-5+8.095445034739246E-5i
83450                                             83450                                             -47.80288460276323                                1.4756703750451461E-5+8.010105847555682E-5i
83600                                             83600                                             -47.909606771310145                               1.3878625390539856E-5+7.924828052241484E-5i
83750                                             83750                                             -48.02879111800343                                1.2998070220926472E-5+7.828623364702914E-5i
83900                                             83900                                             -47.98686474022922                                1.1802466178212345E-5+7.886366501064224E-5i
84050                                             84050                                             -48.17828195385477                                1.1041640902598182E-5+7.721838410335025E-5i
84200                                             84200                                             -48.286157332103386                               1.0107044376261864E-5+7.637518763270457E-5i
84350                                             84350                                             -48.387975136013324                               9.149600803837199E-6+7.559149927982567E-5i
84500                                             84500                                             -48.487399155080226                               8.179265456653706E-6+7.483092434945604E-5i
84650                                             84650                                             -48.58467486270044                                7.194618890316029E-6+7.408976327272221E-5i
84800                                             84800                                             -48.68033483606523                                6.195629248528789E-6+7.336180143324711E-5i
84950                                             84950                                             -48.774123107448574                               5.188543624856656E-6+7.264721899691295E-5i
85100                                             85100                                             -48.86614586784047                                4.168227161260862E-6+7.194407355770593E-5i
85250                                             85250                                             -48.955450982554424                               3.1332882376444715E-6+7.125871992896826E-5i
85400                                             85400                                             -49.04184540000931                                2.086947759882829E-6+7.059078557647425E-5i
85550                                             85550                                             -49.123375705741736                               1.0036577497984922E-6+6.995463847725425E-5i
85700                                             85700                                             -49.19583913361612                                -1.420801866158783E-7+6.938045255688863E-5i
85850                                             85850                                             -49.22847553857237                                -1.641927218354322E-6+6.910089176692669E-5i
86000                                             86000                                             -49.59929887620919                                3.437675124007278E-7+6.623067813449346E-5i
86150                                             86150                                             -49.521359631178456                               -2.3422224855740303E-6+6.678748829924697E-5i
86300                                             86300                                             -49.57762407043315                                -3.518827514370493E-6+6.630374244542825E-5i
86450                                             86450                                             -49.64341087833909                                -4.527453305480655E-6+6.574034497008885E-5i
86600                                             86600                                             -49.69874356690045                                -5.450687031394175E-6+6.525034400117757E-5i
86750                                             86750                                             -49.80182108827832                                -6.101067550501327E-6+6.441688600722362E-5i
86900                                             86900                                             -49.883296599868174                               -6.474897508601529E-6+6.377319760753064E-5i
87050                                             87050                                             -50.00342662152476                                -5.834621414457786E-6+6.295079350282506E-5i
87200                                             87200                                             -50.33869838343637                                7.548330013262827E-7+6.082213123415059E-5i
87350                                             87350                                             -49.06550334920178                                -3.2018980755776916E-5+6.273041076954033E-5i
87500                                             87500                                             -49.70611337408109                                -1.9559884569586572E-5+6.242963284341929E-5i
87650                                             87650                                             -49.83359637403953                                -1.848108412938476E-5+6.17631524841844E-5i
87800                                             87800                                             -49.89837924799893                                -1.8746199228925065E-5+6.11823488225749E-5i
87950                                             87950                                             -49.93951284667159                                -1.9446081104823598E-5+6.064610807587911E-5i
88100                                             88100                                             -49.96779202341565                                -2.0335046539643464E-5+6.0135353962875726E-5i
88250                                             88250                                             -49.987212551495205                               -2.1327416357963536E-5+5.9640056531251595E-5i
88400                                             88400                                             -49.99666515646179                                -2.2390249631909498E-5+5.917558115808852E-5i
88550                                             88550                                             -50.000480924277156                               -2.3491824721721954E-5+5.871704393223265E-5i
88700                                             88700                                             -49.99700776393311                                -2.462405296355108E-5+5.8278751844387244E-5i
88850                                             88850                                             -49.987801414694246                               -2.5778925103248085E-5+5.785065364027897E-5i
89000                                             89000                                             -49.97132335227508                                -2.6948993405107036E-5+5.744781384575681E-5i
89150                                             89150                                             -49.95141065199636                                -2.813427523173928E-5+5.703916447885593E-5i
89300                                             89300                                             -49.924511706500645                               -2.933163372215164E-5+5.665501145235563E-5i
89450                                             89450                                             -49.89201556197845                                -3.0541788561544436E-5+5.628412988378795E-5i
89600                                             89600                                             -49.854266791146486                               -3.175509860731118E-5+5.592956653821535E-5i
89750                                             89750                                             -49.811471640759294                               -3.297599188756273E-5+5.558820944584486E-5i
89900                                             89900                                             -49.76438312393661                                -3.420487148597662E-5+5.525425392405303E-5i
90050                                             90050                                             -49.71397418811067                                -3.544085117090923E-5+5.492043560140214E-5i
90200                                             90200                                             -49.652842427777244                               -3.664960219484925E-5+5.467794392954861E-5i
90350                                             90350                                             -49.59380666312174                                -3.789909853546547E-5+5.4367547202227584E-5i
90500                                             90500                                             -49.52880976645034                                -3.914527303228166E-5+5.4092951865203354E-5i
90650                                             90650                                             -49.46102736524029                                -4.0388308982841625E-5+5.3826708579673976E-5i
90800                                             90800                                             -49.38908412539811                                -4.16346604749096E-5+5.357917006532098E-5i
90950                                             90950                                             -49.31339359024635                                -4.2886406777076225E-5+5.334674478341128E-5i
91100                                             91100                                             -49.23476313184448                                -4.41382534156487E-5+5.312750550323653E-5i
91250                                             91250                                             -49.153425538613256                               -4.5385836865086127E-5+5.292479773122416E-5i
91400                                             91400                                             -49.06923365766253                                -4.6640457721847106E-5+5.273261327976009E-5i
91550                                             91550                                             -48.98365930329031                                -4.788873482519662E-5+5.254858387127026E-5i
91700                                             91700                                             -48.89536867128007                                -4.9136741053668054E-5+5.2383938267674957E-5i
91850                                             91850                                             -48.8044041218005                                 -5.038389233447127E-5+5.224122655811403E-5i
92000                                             92000                                             -48.712038803571744                               -5.164483716307844E-5+5.209343084400242E-5i
92150                                             92150                                             -48.61777117097003                                -5.290139717417652E-5+5.1965675902487796E-5i
92300                                             92300                                             -48.52202274549651                                -5.415497966743121E-5+5.1853730749007454E-5i
92450                                             92450                                             -48.425180083050954                               -5.5408234127751754E-5+5.175192209860846E-5i
92600                                             92600                                             -48.326568020883414                               -5.667449683255388E-5+5.165608953217049E-5i
92750                                             92750                                             -48.227178394251375                               -5.793653897206985E-5+5.1573568262019975E-5i
92900                                             92900                                             -48.12505627450297                                -5.921950139287091E-5+5.1504144920722084E-5i
93050                                             93050                                             -48.025479561057374                               -6.0489068549940406E-5+5.141556864196595E-5i
93200                                             93200                                             -47.92623968900826                                -6.177325105016784E-5+5.1305250023170323E-5i
93350                                             93350                                             -47.83159365785707                                -6.30704924574621E-5+5.111109269706482E-5i
93500                                             93500                                             -47.77189031488458                                -6.432210836826435E-5+5.043927063830278E-5i
93650                                             93650                                             -46.98217345156185                                -6.899251714165278E-5+5.704304597298204E-5i
93800                                             93800                                             -47.31148274914438                                -6.814145962696916E-5+5.2777102985901436E-5i
93950                                             93950                                             -47.15445500387454                                -7.026694748502038E-5+5.25808972838826E-5i
94100                                             94100                                             -46.78900294584636                                -7.461345639075967E-5+5.3020800037772986E-5i
94250                                             94250                                             -36.11028695723817                                -8.718929287288013E-5+3.005895611725151E-4i
94400                                             94400                                             -47.78117919987678                                -6.351212688082697E-5+5.131654768064653E-5i
94550                                             94550                                             -47.382877531424214                               -6.807597627389583E-5+5.170318076919145E-5i
94700                                             94700                                             -47.189094976192784                               -7.032569878562267E-5+5.1916290925047015E-5i
94850                                             94850                                             -47.04621661545904                                -7.199956344916547E-5+5.2082914258733126E-5i
95000                                             95000                                             -46.92399877931953                                -7.343592908903851E-5+5.224089023503353E-5i
95150                                             95150                                             -46.81117115202124                                -7.475583593719026E-5+5.241450514181789E-5i
95300                                             95300                                             -46.704918479688274                               -7.599856089424151E-5+5.259645831767745E-5i
95450                                             95450                                             -46.60327285730511                                -7.719418586721316E-5+5.277794834379623E-5i
95600                                             95600                                             -46.504681950729605                               -7.83546535738644E-5+5.296965287415745E-5i
95750                                             95750                                             -46.407326993378135                               -7.949422827729924E-5+5.3185445382686325E-5i
95900                                             95900                                             -46.3113020081031                                 -8.062041629242067E-5+5.3412481058168204E-5i
96050                                             96050                                             -46.204952001366166                               -8.18436677111345E-5+5.3721606283141377E-5i
96200                                             96200                                             -46.218780142771536                               -8.181860718015077E-5+5.347563749258377E-5i
96350                                             96350                                             -46.06955438647261                                -8.348052354600899E-5+5.402696806722229E-5i
96500                                             96500                                             -45.9770723067384                                 -8.45503642784573E-5+5.433199668036792E-5i
96650                                             96650                                             -45.89179120672477                                -8.55449759318283E-5+5.4617692001213136E-5i
96800                                             96800                                             -45.82115049214477                                -8.643673647951156E-5+5.475991827330606E-5i
96950                                             96950                                             -45.72285902478043                                -8.745211976945999E-5+5.5333059054363254E-5i
97100                                             97100                                             -45.64789618792429                                -8.831051566859927E-5+5.565370664617486E-5i
97250                                             97250                                             -45.579085652625494                               -8.907832714194486E-5+5.599239793729893E-5i
97400                                             97400                                             -45.557884394180675                               -8.926818844812168E-5+5.617349301945129E-5i
97550                                             97550                                             -45.35454405243474                                -9.15853055596938E-5+5.7180732356942876E-5i
97700                                             97700                                             -45.31544156104197                                -9.190534410075113E-5+5.7587728418795336E-5i
97850                                             97850                                             -45.255307391102804                               -9.241358800182731E-5+5.8195143544548245E-5i
98000                                             98000                                             -45.19675488433717                                -9.276208593744784E-5+5.902568835791655E-5i
98150                                             98150                                             -45.15027606511771                                -9.264742051495745E-5+6.029397307216744E-5i
98300                                             98300                                             -45.15154384814672                                -9.085919333712278E-5+6.292812015762372E-5i
98450                                             98450                                             -46.43147717513781                                -6.321058225022824E-5+7.142630612000378E-5i
98600                                             98600                                             -44.83567740891993                                -1.0418030642189713E-4+4.7784351899449184E-5i
98750                                             98750                                             -44.769139770936675                               -1.019030108865282E-4+5.436427947402844E-5i
98900                                             98900                                             -44.73025700759719                                -1.0143571111231875E-4+5.6306862316723993E-5i
99050                                             99050                                             -44.680354532012046                               -1.0154897044689637E-4+5.7471929488461804E-5i
99200                                             99200                                             -44.63364885798937                                -1.0177247326953465E-4+5.8350605224410934E-5i
99350                                             99350                                             -44.595170788652325                               -1.0192728460944878E-4+5.912472955982295E-5i
99500                                             99500                                             -44.579239830350055                               -1.0170886738281038E-4+5.992693857415077E-5i
99650                                             99650                                             -44.66811060649607                                -9.958498062206944E-5+6.112680930303593E-5i
99800                                             99800                                             -42.97765744402273                                -1.3331824560847139E-4+4.875588238262285E-5i
99950                                             99950                                             -44.09075680353483                                -1.0962253306634473E-4+5.981523124831689E-5i
