% Model:              FEM_BEM_model_stl_TwoProlSpheroids.mph
% Version:            COMSOL 6.3.0.335
% Date:               Oct 7 2025, 09:38
% Table:              Table 2 - TS_D_far
% f0 (1/s)               freq (Hz)                TS_Global_var_Point      Evaluate in the domain at the given coordinates in Geometry 1 (Pa), Ps_Global_var_Point
500                                               500                                               -63.114731476470716                               6.929530023846997E-6+1.2133825692317579E-5i
650                                               650                                               -65.41866506964735                                7.909200502698166E-6+7.232639409604502E-6i
800                                               800                                               -66.71728255895631                                -8.478568166991884E-6-3.645918895678335E-6i
950                                               950                                               -50.44440246824321                                -5.9818269985356665E-5-5.7192821787399595E-6i
1100                                              1100                                              -41.430062310737156                               -1.651614642422805E-4+3.8719981385049174E-5i
1250                                              1250                                              -33.614085696952024                               -3.498824233000297E-4+2.2720746117665946E-4i
1400                                              1400                                              -24.08640241577238                                -6.600999464788648E-4+0.0010608150708205644i
1550                                              1550                                              -13.70208344762743                                0.0038387112750121744-0.0015229224262126584i
1700                                              1700                                              -25.891233253345384                               3.318643809225308E-4-9.592194226902828E-4i
1850                                              1850                                              -31.75106608175433                                -1.8580485199481966E-5-5.166495099421242E-4i
2000                                              2000                                              -37.44095600499658                                -9.259160090513419E-5-2.520548174808068E-4i
2150                                              2150                                              -46.50484739182137                                -5.3178786080465557E-5-7.821068864299896E-5i
2300                                              2300                                              -53.04520900524602                                4.2841875365906557E-5+1.2188598874196543E-5i
2450                                              2450                                              -42.38364247051177                                1.503738834072732E-4+2.2184477061926167E-5i
2600                                              2600                                              -38.67516453522741                                2.3069571873313155E-4-3.236434079145756E-5i
2750                                              2750                                              -36.909171915832076                               2.582331415397765E-4-1.21708116375574E-4i
2900                                              2900                                              -36.23362545658311                                2.2671978207128296E-4-2.093117357322427E-4i
3050                                              3050                                              -36.40452464972634                                1.5012613502646266E-4-2.626812341738338E-4i
3200                                              3200                                              -37.407124680000976                               5.715587406573963E-5-2.6344245710030467E-4i
3350                                              3350                                              -39.426786268407895                               -1.9100717060294148E-5-2.1278843364958E-4i
3500                                              3500                                              -43.06643250504638                                -5.280009257568885E-5-1.302125710788138E-4i
3650                                              3650                                              -50.86170248711311                                -3.41735392623832E-5-4.595964852593948E-5i
3800                                              3800                                              -56.68269286909904                                2.7514221180635623E-5+1.0078059213269874E-5i
3950                                              3950                                              -45.23386450256077                                1.0780955894107436E-4+1.9054626489989346E-5i
4100                                              4100                                              -41.04117385307908                                1.7624101551044768E-4-2.030832282495787E-5i
4250                                              4250                                              -38.90707137346193                                2.0748593992458986E-4-9.162822541264326E-5i
4400                                              4400                                              -37.94261730761326                                1.905094117861661E-4-1.6716784503456594E-4i
4550                                              4550                                              -37.88218227545918                                1.3237002379967722E-4-2.1821383616993373E-4i
4700                                              4700                                              -38.69677582181603                                5.531891104676445E-5-2.2569538488970142E-4i
4850                                              4850                                              -40.56202281255176                                -1.1691868563479257E-5-1.8710378887210055E-4i
5000                                              5000                                              -44.0744952855028                                 -4.387578945186377E-5-1.1716816651152762E-4i
5150                                              5150                                              -51.77160794731965                                -2.977134691783956E-5-4.211620184069176E-5i
5300                                              5300                                              -57.48244393316132                                2.4682059703851067E-5+1.02464112352596E-5i
5450                                              5450                                              -45.95424927061422                                9.857556041337201E-5+2.089999789223196E-5i
5600                                              5600                                              -41.69595813831211                                1.6397790189759398E-4-1.3406972383944726E-5i
5750                                              5750                                              -39.504634992589885                               1.9641122334385086E-4-7.909169524955573E-5i
5900                                              5900                                              -38.49028575828646                                1.8396873402787284E-4-1.5094214106536885E-4i
6050                                              6050                                              -38.38626395786669                                1.3168799174234636E-4-2.016408217091481E-4i
6200                                              6200                                              -39.162781139323485                               5.9546150550204846E-5-2.1203475818054596E-4i
6350                                              6350                                              -40.99497903797386                                -5.156225430735795E-6-1.782787073560943E-4i
6500                                              6500                                              -44.47968792078073                                -3.8118242709606065E-5-1.1316390552640332E-4i
6650                                              6650                                              -52.160287939595875                               -2.7146552231016585E-5-4.1175762697354124E-5i
6800                                              6800                                              -57.80892212584868                                2.3366834244031853E-5+1.0791822886657698E-5i
6950                                              6950                                              -46.275095748189855                               9.421688390903737E-5+2.353762196627418E-5i
7100                                              7100                                              -42.00097329361866                                1.5867999744334504E-4-7.300458347181404E-6i
7250                                              7250                                              -39.79416006885657                                1.9257480546025496E-4-6.968821135355796E-5i
7400                                              7400                                              -38.765514419528984                               1.8333377254226013E-4-1.397833112053437E-4i
7550                                              7550                                              -38.64851077815509                                1.3468847752845514E-4-1.9094779298012288E-4i
7700                                              7700                                              -39.41345814565463                                6.520465992604363E-5-2.0379499286438119E-4i
7850                                              7850                                              -41.23447020068538                                1.2243955876400925E-6-1.7349847882464076E-4i
8000                                              8000                                              -44.71182946308494                                -3.3125161815861226E-5-1.1144335744039946E-4i
8150                                              8150                                              -52.393579150430526                               -2.498052522603711E-5-4.1001691116759886E-5i
8300                                              8300                                              -57.98943482044456                                2.245729088479198E-5+1.1453011947715197E-5i
8450                                              8450                                              -46.46835511280579                                9.122292660368458E-5+2.6433885888188513E-5i
8600                                              8600                                              -42.1908544112555                                 1.5540692239385256E-4-1.3716377454953133E-6i
8750                                              8750                                              -39.979301599566654                               1.9092038144657986E-4-6.115964581210331E-5i
8900                                              8900                                              -38.94577893120035                                1.845490574463593E-4-1.3012034159098906E-4i
9050                                              9050                                              -38.82441343471281                                1.3889372498437913E-4-1.8205278435423633E-4i
9200                                              9200                                              -39.58550153496611                                7.137412132368626E-5-1.9726004769415884E-4i
9350                                              9350                                              -41.40414279803163                                7.596281052624221E-6-1.699767810566799E-4i
9500                                              9500                                              -44.87992943919693                                -2.8351255094261063E-5-1.1045320050762086E-4i
9650                                              9650                                              -52.56859466062829                                -2.295317721812129E-5-4.107637332562142E-5i
9800                                              9800                                              -58.11419537317669                                2.1673952602496716E-5+1.215502956819492E-5i
9950                                              9950                                              -46.612383500293376                               8.865712472411191E-5+2.9428616747484426E-5i
10100                                             10100                                             -42.33582557563665                                1.5277352290021806E-4+4.527458120184846E-6i
10250                                             10250                                             -40.123406269528544                               1.8995721452902403E-4-5.287380883933768E-5i
10400                                             10400                                             -39.08882130927043                                1.8634399922828893E-4-1.2088629310103016E-4i
10550                                             10550                                             -38.96628668012784                                1.4348066112268576E-4-1.7367425814851511E-4i
10700                                             10700                                             -39.72645452166858                                7.771433686132312E-5-1.912092215869965E-4i
10850                                             10850                                             -41.545301604190854                               1.3983034739373235E-5-1.6681863147449683E-4i
11000                                             11000                                             -45.02231838855023                                -2.3625292590923053E-5-1.0966366383935444E-4i
11150                                             11150                                             -52.71989904126963                                -2.095702944032718E-5-4.122026276520696E-5i
11300                                             11300                                             -58.216594361803764                               2.0918099202238416E-5+1.2866573604886078E-5i
11450                                             11450                                             -46.73663777387869                                8.618002804566816E-5+3.245011291586053E-5i
11600                                             11600                                             -42.46276489604624                                1.502615139318264E-4+1.0431364431906509E-5i
11750                                             11750                                             -40.25114259423116                                1.891085934203618E-4-4.461436155056564E-5i
11900                                             11900                                             -39.21680701537654                                1.8822503910653765E-4-1.1169674641930971E-4i
12050                                             12050                                             -39.09440435439868                                1.4811622300381355E-4-1.6533536078788824E-4i
12200                                             12200                                             -39.85488957372481                                8.407672981897152E-5-1.8517613007518197E-4i
12350                                             12350                                             -41.674541525625784                               2.0384349856350514E-5-1.6366670893352975E-4i
12500                                             12500                                             -45.153802193644275                               -1.8887307372428275E-5-1.0886808795285141E-4i
12650                                             12650                                             -52.86138134311046                                -1.895446997135508E-5-4.1358154795334556E-5i
12800                                             12800                                             -58.30953668043266                                2.0151163858006527E-5+1.3574836467467044E-5i
12950                                             12950                                             -46.85250438625836                                8.36589017292888E-5+3.546753586824991E-5i
13100                                             13100                                             -42.58219773739883                                1.4766400941601532E-4+1.634826045637805E-5i
13250                                             13250                                             -40.37211254525515                                1.8814250065446458E-4-3.6302058000647897E-5i
13400                                             13400                                             -39.338811747133114                               1.8997936551368166E-4-1.0239933614120122E-4i
13550                                             13550                                             -39.217218928847814                               1.5264955681237868E-4-1.568387640812352E-4i
13700                                             13700                                             -39.9785984373373                                 9.038584888509948E-5-1.789636848053E-4i
13850                                             13850                                             -41.79959616336687                                2.6786608791684596E-5-1.6035171672090787E-4i
14000                                             14000                                             -45.281522949108464                               -1.4117982546246743E-5-1.0796226249343288E-4i
14150                                             14150                                             -52.9995884442943                                 -1.692985680279424E-5-4.145260993693167E-5i
14300                                             14300                                             -58.399762310598156                               1.9353701904367693E-5+1.4270310975339484E-5i
14450                                             14450                                             -46.96645767905168                                8.102093081008288E-5+3.8451756235402534E-5i
14600                                             14600                                             -42.700018786047664                               1.4486361248022828E-4+2.226460675114339E-5i
14750                                             14750                                             -40.49191866219408                                1.869150673999287E-4-2.7914052705191317E-5i
14900                                             14900                                             -39.45980211233604                                1.9147305448591334E-4-9.293087705175562E-5i
15050                                             15050                                             -39.33937674350316                                1.569733651712868E-4-1.48091481311452E-4i
15200                                             15200                                             -40.10199772784591                                9.657494882669981E-5-1.7246678320292919E-4i
15350                                             15350                                             -41.924656445470575                               3.316050661988923E-5-1.567811883763648E-4i
15500                                             15500                                             -45.40971803432548                                -9.318072285213752E-6-1.0688084240129125E-4i
15650                                             15650                                             -53.13832766495109                                -1.4876968957300285E-5-4.147984351687839E-5i
15800                                             15800                                             -58.49152346048346                                1.851479573217185E-5+1.4943936142985947E-5i
15950                                             15950                                             -47.08172845269121                                7.823115580041229E-5+4.137810008797427E-5i
16100                                             16100                                             -42.81963105285794                                1.417917952210579E-4+2.815509923392856E-5i
16250                                             16250                                             -40.613013270339515                               1.8535299349381473E-4-1.9457051849913753E-5i
16400                                             16400                                             -39.58269371704559                                1.926125042264748E-4-8.327469498425888E-5i
16550                                             16550                                             -39.46387167534654                                1.6099929501312005E-4-1.3904991462498906E-4i
16700                                             16700                                             -40.22818800197612                                1.0257454711570801E-4-1.6562316379864495E-4i
16850                                             16850                                             -42.05307752592689                                3.945864171750468E-5-1.5288798341817067E-4i
17000                                             17000                                             -45.541830920812075                               -4.509034691513314E-6-1.0557052516757537E-4i
17150                                             17150                                             -53.28111446244116                                -1.2800913197275055E-5-4.1415344875117555E-5i
17300                                             17300                                             -58.588907193197635                               1.762672572480639E-5+1.5584106229926675E-5i
17450                                             17450                                             -47.20332710417733                                7.524972166278454E-5+4.419825165236091E-5i
17600                                             17600                                             -42.94673913874445                                1.3835275332468866E-4+3.396139681766108E-5i
17750                                             17750                                             -40.744101869906935                               1.8325173582428578E-4-1.0970223533024459E-5i
17900                                             17900                                             -39.71667896252911                                1.931537279194484E-4-7.340381214437919E-5i
18050                                             18050                                             -39.600789725323565                               1.6447845317346665E-4-1.2960706626519158E-4i
18200                                             18200                                             -40.36842433048169                                1.0817525667056183E-4-1.5825532338531456E-4i
18350                                             18350                                             -42.197320564168166                               4.55647986463692E-5-1.484624781951105E-4i
18500                                             18500                                             -45.69177465261647                                2.6905276778732556E-7-1.0385796427991867E-4i
18650                                             18650                                             -53.44487964028452                                -1.0704487692803077E-5-4.117001265036002E-5i
18800                                             18800                                             -58.714154787467976                               1.6652253649052096E-5+1.6140997981306526E-5i
18950                                             18950                                             -47.35496056520765                                7.19016020426233E-5+4.674229584455958E-5i
19100                                             19100                                             -43.10871767631401                                1.3414938612155147E-4+3.944374126496619E-5i
19250                                             19250                                             -40.91699073426528                                1.799426262464321E-4-2.6306258490427226E-6i
19400                                             19400                                             -39.90277460325583                                1.921021548639268E-4-6.326404860379498E-5i
19550                                             19550                                             -39.80409995451098                                1.661815521595833E-4-1.1928667427230089E-4i
19700                                             19700                                             -40.59545103597269                                1.1212405998939357E-4-1.4934272359468093E-4i
19850                                             19850                                             -42.45912692260261                                5.046968110294925E-5-1.4198295596168364E-4i
20000                                             20000                                             -46.008658361397025                               4.520937405438907E-6-1.0003547071768537E-4i
20150                                             20150                                             -53.86160178776962                                -8.631236985023882E-6-3.961684205933125E-5i
20300                                             20300                                             -59.343631295962226                               1.4865326041890725E-5+1.5629565212060825E-5i
20450                                             20450                                             -48.79874387236229                                5.986520789424965E-5+4.111823436958595E-5i
20600                                             20600                                             -38.91087064948432                                2.017681672783489E-4+1.0339616732912837E-4i
20750                                             20750                                             -40.05443736013328                                1.9844021415649227E-4+1.1100633227623113E-5i
20900                                             20900                                             -39.40136297318272                                2.0726857112740582E-4-5.43274632077706E-5i
21050                                             21050                                             -39.42797685036005                                1.8058175874141602E-4-1.1411166530617134E-4i
21200                                             21200                                             -40.26971324091005                                1.2520897058221347E-4-1.480342127326839E-4i
21350                                             21350                                             -42.143994882175434                               6.0791549713445914E-5-1.4394304317055795E-4i
21500                                             21500                                             -45.67110534753928                                1.0835297900968488E-5-1.0354034987880567E-4i
21650                                             21650                                             -53.465183418424054                               -6.413788722570146E-6-4.195210566904084E-5i
21800                                             21800                                             -58.62623069719482                                1.5113880820205594E-5+1.7899705098800567E-5i
21950                                             21950                                             -47.330089868182654                               6.704612910263252E-5+5.386778241978085E-5i
22100                                             22100                                             -43.09303497388377                                1.297327269792481E-4+5.283953985901757E-5i
22250                                             22250                                             -40.90107333759441                                1.796165802381844E-4+1.5590710674917574E-5i
22400                                             22400                                             -39.88038101809734                                1.980405096389526E-4-4.3554574973403426E-5i
22550                                             22550                                             -39.768908270321155                               1.782075392738891E-4-1.0211832454287695E-4i
22700                                             22700                                             -40.53917104671605                                1.2769908255982898E-4-1.379234687692854E-4i
22850                                             22850                                             -42.37142354632879                                6.559846996534446E-5-1.373549880783198E-4i
23000                                             23000                                             -45.87153910972674                                1.529181351123121E-5-1.0057506535365857E-4i
23150                                             23150                                             -53.653300572033835                               -4.337185308234126E-6-4.1303194035169355E-5i
23300                                             23300                                             -58.76092651510409                                1.4012687272912938E-5+1.8322468177234263E-5i
23450                                             23450                                             -47.47015139641002                                6.335916933747354E-5+5.610516372889229E-5i
23600                                             23600                                             -43.226031510346374                               1.2511498740608307E-4+5.8112227191320365E-5i
23750                                             23750                                             -41.026940643611674                               1.7608748495995252E-4+2.3871289258070583E-5i
23900                                             23900                                             -39.9997514753297                                 1.9718205380198084E-4-3.348920304713232E-5i
24050                                             24050                                             -39.882331161369315                               1.8055717578024932E-4-9.218292575319254E-5i
24200                                             24200                                             -40.6477256193367                                 1.3255075643542336E-4-1.299541754675726E-4i
24350                                             24350                                             -42.47481971916608                                7.129804451971866E-5-1.3244258484224058E-4i
24500                                             24500                                             -45.97159791976442                                1.989071941838061E-5-9.85790519649754E-5i
24650                                             24650                                             -53.757061340515186                               -2.3160109632325288E-6-4.097171869810179E-5i
24800                                             24800                                             -58.81627990399522                                1.30222915005751E-5+1.8861327629515756E-5i
24950                                             24950                                             -47.53925736735959                                6.012758519302608E-5+5.859848941258683E-5i
25100                                             25100                                             -43.29161800822908                                1.2130036511193154E-4+6.349623266932447E-5i
25250                                             25250                                             -41.0866226894462                                 1.7357444034427072E-4+3.189963727545653E-5i
25400                                             25400                                             -40.05205758451493                                1.9733377130143337E-4-2.414077058865427E-5i
25550                                             25550                                             -39.92593190160846                                1.8366917616113865E-4-8.338870828028533E-5i
25700                                             25700                                             -40.6808684925104                                 1.3774059878146616E-4-1.233829683241483E-4i
25850                                             25850                                             -42.49562591854236                                7.686606623602543E-5-1.2887174710629612E-4i
26000                                             26000                                             -45.978165080437805                               2.4045531428984468E-5-9.757049323833034E-5i
26150                                             26150                                             -53.7522868756571                                 -6.598838637739135E-7-4.1054385704231144E-5i
26300                                             26300                                             -58.7447581568646                                 1.2345970436811182E-5+1.9535347155041904E-5i
26450                                             26450                                             -47.44779388203306                                5.8603020509473414E-5+6.135817565355861E-5i
26600                                             26600                                             -43.1504638982443                                 1.212364113861164E-4+6.83122146017956E-5i
26750                                             26750                                             -40.86616339853899                                1.772204771656738E-4+3.6883985422453414E-5i
26900                                             26900                                             -39.69661270038185                                2.0583918937810974E-4-2.2900716594498327E-5i
27050                                             27050                                             -39.300887467345454                               1.9611376840111827E-4-9.233466063696127E-5i
27200                                             27200                                             -39.29423942116422                                1.491439873580469E-4-1.5752571537841487E-4i
27350                                             27350                                             -30.844065161196195                               -3.510064889580278E-4-4.54027824326908E-4i
27500                                             27500                                             -48.414575823887915                               3.976953917977921E-5-6.465887858730923E-5i
27650                                             27650                                             -55.09559330648286                                5.9895957822964085E-6-3.4662628502157844E-5i
27800                                             27800                                             -59.69560320692754                                8.646507714760165E-6+1.8822321009803744E-5i
27950                                             27950                                             -48.31967646561381                                4.5429598921342684E-5+6.185337740738373E-5i
28100                                             28100                                             -43.98748690614887                                1.0142484040659427E-4+7.538724378575168E-5i
28250                                             28250                                             -41.72780586946218                                1.5487955631415806E-4+5.3694033914752914E-5i
28400                                             28400                                             -40.65754909742142                                1.8535014476511735E-4+5.026055745704916E-6i
28550                                             28550                                             -40.508719060264376                               1.8131905856905162E-4-5.198014966345532E-5i
28700                                             28700                                             -41.25095347220924                                1.4444164971250117E-4-9.552901915554912E-5i
28850                                             28850                                             -43.06187140259887                                8.883212075094793E-5-1.0896221167344677E-4i
29000                                             29000                                             -46.550673012586614                               3.5667477161327454E-5-8.705652297313904E-5i
29150                                             29150                                             -54.35266191306993                                5.150896912942127E-6-3.796968880920293E-5i
29300                                             29300                                             -59.262002724181464                               8.874136388892229E-6+1.9883121707864326E-5i
29450                                             29450                                             -48.049090801989784                               4.54679982852535E-5+6.48149485125149E-5i
29600                                             29600                                             -43.80846347140631                                1.0116022022177429E-4+8.005573841085578E-5i
29750                                             29750                                             -41.606675029675266                               1.549993896213797E-4+6.004937504178187E-5i
29900                                             29900                                             -40.57591051331709                                1.8675031869269665E-4+1.2515660449019528E-5i
30050                                             30050                                             -40.45542374050173                                1.845000039916167E-4-4.447004172003499E-5i
30200                                             30200                                             -41.21903649029305                                1.4912340753070463E-4-8.928941737629259E-5i
30350                                             30350                                             -43.04679429444067                                9.396284980911496E-5-1.048981619088396E-4i
30500                                             30500                                             -46.550076951045554                               3.9791201566774514E-5-8.525774020951005E-5i
30650                                             30650                                             -54.371255505656194                               6.987100475697172E-6-3.759171310335763E-5i
30800                                             30800                                             -59.246985873375024                               7.869611571731383E-6+2.0342078578150513E-5i
30950                                             30950                                             -48.05946158379433                                4.207155925162187E-5+6.695782019394692E-5i
31100                                             31100                                             -43.8272340510894                                 9.6710183085158E-5+8.495691624810231E-5i
31250                                             31250                                             -41.63117702650716                                1.512503236865137E-4+6.781319792525942E-5i
31400                                             31400                                             -40.60494682133057                                1.8521938407506378E-4+2.21960174278113E-5i
31550                                             31550                                             -40.48827471679356                                1.858844223204814E-4-3.454560362792236E-5i
31700                                             31700                                             -41.25517300591792                                1.5301989663707438E-4-8.090100159030555E-5i
31850                                             31850                                             -43.086229702320445                               9.89870578500529E-5-9.927200994230834E-5i
32000                                             32000                                             -46.593941442371765                               4.409919082637437E-5-8.257435676306546E-5i
32150                                             32150                                             -54.42600055677087                                8.961851656108522E-6-3.692328038873427E-5i
32300                                             32300                                             -59.261812613528654                               6.736656162575905E-6+2.070572487855582E-5i
32450                                             32450                                             -48.093943261042725                               3.821113955915223E-5+6.887540440958517E-5i
32600                                             32600                                             -43.8657292759071                                 9.151586480238283E-5+8.971707669458429E-5i
32750                                             32750                                             -41.67190990626899                                1.4661417996997272E-4+7.565106658580234E-5i
32900                                             32900                                             -40.647265806004434                               1.828244139018831E-4+3.2197404838840704E-5i
33050                                             33050                                             -40.53192469663158                                1.865679468532333E-4-2.4110962937973213E-5i
33200                                             33200                                             -41.30011423622584                                1.5645253940932413E-4-7.193213886536043E-5i
33350                                             33350                                             -43.13270756703807                                1.0379172085267507E-4-9.312057160093534E-5i
33500                                             33500                                             -46.64288458434993                                4.835689507698415E-5-7.954036631119266E-5i
33650                                             33650                                             -54.48415688916043                                1.0944285657010777E-5-3.612012010356658E-5i
33800                                             33800                                             -59.277142467104895                               5.560266778670275E-6+2.1012435286182907E-5i
33950                                             33950                                             -48.131079963444165                               3.415851419524829E-5+7.059946659138117E-5i
34100                                             34100                                             -43.90646760617144                                8.594733875438854E-5+9.425506329874267E-5i
34250                                             34250                                             -41.71431466349617                                1.4144997980536367E-4+8.334405925058963E-5i
34400                                             34400                                             -40.6909434530289                                 1.7982092808882522E-4+4.220220555384291E-5i
34550                                             34550                                             -40.57671606769279                                1.8666389875071632E-4-1.3506102225946393E-5i
34700                                             34700                                             -41.34617816255017                                1.5941048422135617E-4-6.266646578168E-5i
34850                                             34850                                             -43.18034117606403                                1.0828873720997167E-4-8.663493767757657E-5i
35000                                             35000                                             -46.693371009955996                               5.247487762216618E-5-7.623187604810511E-5i
35150                                             35150                                             -54.54426609760291                                1.2893174546224628E-5-3.51941349058249E-5i
35300                                             35300                                             -59.298675026755674                               4.346816995681735E-6+2.1241647863212698E-5i
35450                                             35450                                             -48.172186795119515                               2.9962343606915187E-5+7.207912415807538E-5i
35600                                             35600                                             -43.95227326380486                                8.003712009974073E-5+9.845969268795773E-5i
35750                                             35750                                             -41.76375306828143                                1.3570775039323246E-4+9.073388382796477E-5i
35900                                             35900                                             -40.74411064397914                                1.7604320238545634E-4+5.2060227559325156E-5i
36050                                             36050                                             -40.63453035336629                                1.8588921684437043E-4-2.8005169531164498E-6i
36200                                             36200                                             -41.41006343645226                                1.615483516622107E-4-5.3033007917036024E-5i
36350                                             36350                                             -43.25285505019742                                1.1215864622288185E-4-7.958674856223258E-5i
36500                                             36500                                             -46.778991050972195                               5.624926550668041E-5-7.234452561410976E-5i
36650                                             36650                                             -54.65478948535896                                1.4745634955903864E-5-3.3942984327128833E-5i
36800                                             36800                                             -59.40828277827772                                3.024107619653549E-6+2.119530990773999E-5i
36950                                             36950                                             -48.357025962384085                               2.491500822948689E-5+7.223916350429516E-5i
37100                                             37100                                             -44.3099651192822                                 7.019365038030134E-5+9.949974574929854E-5i
37250                                             37250                                             -44.195363500860516                               8.79484816946885E-5+8.653834177563269E-5i
37400                                             37400                                             -40.16523956851674                                1.8593199770566837E-4+6.273729797889871E-5i
37550                                             37550                                             -40.34870358891283                                1.920394148773319E-4+5.8938717595324874E-6i
37700                                             37700                                             -41.20308523959417                                1.6785596547691517E-4-4.632418038608144E-5i
37850                                             37850                                             -43.07694224515873                                1.1826686722421487E-4-7.555389940183677E-5i
38000                                             38000                                             -46.614301122967305                               6.084772981956865E-5-7.085076471879947E-5i
38150                                             38150                                             -54.495858233517595                               1.6683697072028547E-5-3.3797366228660586E-5i
38300                                             38300                                             -59.16261924082862                                2.1136919289288514E-6+2.192248197019353E-5i
38450                                             38450                                             -48.079640182671206                               2.247760621770789E-5+7.562496558510823E-5i
38600                                             38600                                             -43.863524609961786                               7.007624684585156E-5+1.0734042478022232E-4i
38750                                             38750                                             -41.670856261522324                               1.2702747478499088E-4+1.053063467525428E-4i
38900                                             38900                                             -40.64185045157732                                1.7191914347819415E-4+7.034376416348298E-5i
39050                                             39050                                             -40.5157532761607                                 1.8782426395469454E-4+1.5588564415636164E-5i
39200                                             39200                                             -41.26392689637832                                1.6859027743465482E-4-3.8432418235756494E-5i
39350                                             39350                                             -43.05781203713739                                1.2115206207263807E-4-7.14462674717975E-5i
39500                                             39500                                             -46.475017233163356                               6.292226321558125E-5-7.104459669826646E-5i
39650                                             39650                                             -53.84209105402539                                1.4920869569445827E-5-3.77989728611583E-5i
39800                                             39800                                             -59.902164708234395                               -2.5645335759438836E-6+2.0063309652318395E-5i
39950                                             39950                                             -48.409520024679146                               1.2795972593904192E-5+7.486896585262581E-5i
40100                                             40100                                             -44.09945904242975                                5.7442186624678815E-5+1.1074357541684954E-4i
40250                                             40250                                             -41.86937670650545                                1.1412512343950132E-4+1.1394900750072434E-4i
40400                                             40400                                             -40.82448234710923                                1.6150245450990974E-4+8.366887504873688E-5i
40550                                             40550                                             -40.69644965753943                                1.8185451606844705E-4+3.165912174785124E-5i
40700                                             40700                                             -41.456832810577886                               1.6764959956128145E-4-2.223319381755573E-5i
40850                                             40850                                             -43.28573738389265                                1.2434572481467843E-4-5.7524696636890305E-5i
41000                                             41000                                             -46.79986732827686                                6.829712858713588E-5-6.076958166689739E-5i
41150                                             41150                                             -54.680543538283786                               2.061911940220984E-5-3.059925277404396E-5i
41300                                             41300                                             -59.25448168050849                                -7.643499669862663E-7+2.1779034081848003E-5i
41450                                             41450                                             -48.20400654635908                                1.2146503442000967E-5+7.681877851029029E-5i
41600                                             41600                                             -43.99068201815119                                5.443573974017735E-5+1.139966666516834E-4i
41750                                             41750                                             -41.801169112412936                               1.1014819487220606E-4+1.1953242132511921E-4i
41900                                             41900                                             -40.77816322391367                                1.5829919152737792E-4+9.1540296346726E-5i
42050                                             42050                                             -40.66359083571578                                1.8075790351268495E-4+4.0727422221498166E-5i
42200                                             42200                                             -41.43299771075931                                1.690323357910195E-4-1.364446739826608E-5i
42350                                             42350                                             -43.26888145281493                                1.2745822557147513E-4-5.097397882936061E-5i
42500                                             42500                                             -46.789469834973346                               7.157039252009278E-5-5.7053933742778895E-5i
42650                                             42650                                             -54.6820534280794                                 2.227729883841345E-5-2.9405969822704492E-5i
42800                                             42800                                             -59.22065558526859                                -2.004843130176681E-6+2.1785420832531877E-5i
42950                                             42950                                             -48.189961363990136                               7.73790725266954E-6+7.751374230280383E-5i
43100                                             43100                                             -43.98149370454967                                4.772794674601233E-5+1.1710820545607348E-4i
43250                                             43250                                             -41.79544199551292                                1.0285255254505188E-4+1.2600333859391633E-4i
43400                                             43400                                             -40.77570981591088                                1.523646652661359E-4+1.0120357644693989E-4i
43550                                             43550                                             -40.6652064586595                                 1.7768941617613E-4+5.240080557711302E-5i
43700                                             43700                                             -41.44074405712276                                1.6942295183131062E-4-1.6481525425549037E-6i
43850                                             43850                                             -43.28815957211572                                1.3100267024895862E-4-3.998479958444712E-5i
44000                                             44000                                             -46.826741582237105                               7.911053483689034E-5-4.524827881313698E-5i
44150                                             44150                                             -54.5113423873266                                 2.1467191557877907E-5-3.089840516579123E-5i
44300                                             44300                                             -59.13346372022889                                -2.3036633746142954E-6+2.1977792779792615E-5i
44450                                             44450                                             -48.14265800218564                                5.631228918556719E-6+7.812170907994798E-5i
44600                                             44600                                             -43.94364420376319                                4.4081538289220124E-5+1.1911797213370878E-4i
44750                                             44750                                             -41.76152741900821                                9.883456317610895E-5+1.2997930938984936E-4i
44900                                             44900                                             -40.7430878052034                                 1.4933839717912178E-4+1.0680570089738328E-4i
45050                                             45050                                             -40.631937532680084                               1.7655110460235157E-4+5.8420818333071445E-5i
45200                                             45200                                             -41.40418612449827                                1.7011691779028615E-4+3.123308432995131E-6i
45350                                             45350                                             -43.24311480664437                                1.3228535459447466E-4-3.816626770158926E-5i
45500                                             45500                                             -46.76842468453784                                7.709897584223802E-5-4.973846247380287E-5i
45650                                             45650                                             -54.67771428186572                                2.514369043815634E-5-2.7021184543452037E-5i
45800                                             45800                                             -59.13849824266721                                -4.175446714826947E-6+2.1687095711375726E-5i
45950                                             45950                                             -48.14435630380602                                6.787537720764902E-8+7.830906116956804E-5i
46100                                             46100                                             -43.941107176270506                               3.61992694202784E-5+1.2178387814021363E-4i
46250                                             46250                                             -41.75652846289435                                9.057066403661551E-5+1.3597997872216716E-4i
46400                                             46400                                             -40.73649802736827                                1.426951805973964E-4+1.1575270164265739E-4i
46550                                             46550                                             -40.62464606732394                                1.7291290755061528E-4+6.886597387190108E-5i
46700                                             46700                                             -41.39654501095863                                1.6979158184277088E-4+1.308888994333568E-5i
46850                                             46850                                             -43.23574233106185                                1.3438747732147371E-4-3.046787929772421E-5i
47000                                             47000                                             -46.762642490460394                               7.988270585274071E-5-4.525633035601384E-5i
47150                                             47150                                             -54.6792003749657                                 2.6648593674183374E-5-2.5529119482170515E-5i
47300                                             47300                                             -59.10443781153614                                -5.415294962229922E-6+2.1500685770226013E-5i
47450                                             47450                                             -48.12522095235482                                -4.342217661101877E-6+7.83615841838392E-5i
47600                                             47600                                             -43.92455394667171                                2.9381985001242228E-5+1.2385491868849297E-4i
47750                                             47750                                             -41.741069387410946                               8.299541335515803E-5+1.410693041546951E-4i
47900                                             47900                                             -40.72187566459871                                1.3626985827341898E-4+1.2371333463612189E-4i
48050                                             48050                                             -40.61052395496546                                1.691106744485249E-4+7.8458930528158E-5i
48200                                             48200                                             -41.383303618884824                               1.6906477399747377E-4+2.2497962312573172E-5i
48350                                             48350                                             -43.22379497486534                                1.3604952229440137E-4-2.304607411662829E-5i
48500                                             48500                                             -46.752726885806325                               8.234668986173421E-5-4.0837144256955504E-5i
48650                                             48650                                             -54.6789145743697                                 2.8017755226483754E-5-2.4020376854227976E-5i
48800                                             48800                                             -59.06239353299907                                -6.612751165979702E-6+2.127577954080806E-5i
48950                                             48950                                             -48.10336914905563                                -8.620255051217107E-6+7.820583998607855E-5i
49100                                             49100                                             -43.90568772281544                                2.2661680370739123E-5+1.2554016232246834E-4i
49250                                             49250                                             -41.72350173028332                                7.537850664507406E-5+1.4565524640819394E-4i
49400                                             49400                                             -40.70522764112121                                1.2962537806754382E-4+1.3115573433120087E-4i
49550                                             49550                                             -40.59474510546587                                1.6492126780609517E-4+8.764530006410975E-5i
49700                                             49700                                             -41.36837888519656                                1.6789665433214473E-4+3.162131324463413E-5i
49850                                             49850                                             -43.20990535263583                                1.3731261964078367E-4-1.5710878936037176E-5i
50000                                             50000                                             -46.74141730425827                                8.453222740140154E-5-3.64003055604023E-5i
50150                                             50150                                             -54.67588685425844                                2.928440377836239E-5-2.2479916579887238E-5i
50300                                             50300                                             -59.022169511417204                               -7.771900092101713E-6+2.099056215465467E-5i
50450                                             50450                                             -48.08087989900355                                -1.2793037934666351E-5+7.783919227266622E-5i
50600                                             50600                                             -43.88635202987946                                1.6012399370379793E-5+1.2684677144192413E-4i
50750                                             50750                                             -41.70584342104823                                6.771135681338247E-5+1.4974020477598327E-4i
50900                                             50900                                             -40.68876039554074                                1.2276685644252439E-4+1.3806536461691277E-4i
51050                                             51050                                             -40.579478724540856                               1.6037077120356624E-4+9.635750054226566E-5i
51200                                             51200                                             -41.35446083171844                                1.6627782951628145E-4+4.042983462948513E-5i
51350                                             51350                                             -43.19755297918647                                1.3814125856342896E-4-8.543227118518182E-6i
51500                                             51500                                             -46.731617955229325                               8.640816352417646E-5-3.199130619591095E-5i
51650                                             51650                                             -54.67517560953795                                3.041548647980674E-5-2.092950932686133E-5i
51800                                             51800                                             -58.98623563653302                                -8.869814005274534E-6+2.065175760312954E-5i
51950                                             51950                                             -48.06271412571058                                -1.675508947240889E-5+7.72525158699855E-5i
52100                                             52100                                             -43.87202774997215                                9.640977406244478E-6+1.277010429903136E-4i
52250                                             52250                                             -41.69393807230843                                6.028625850257319E-5+1.5312302163494884E-4i
52400                                             52400                                             -40.67933317163738                                1.1601224506563312E-4+1.4404540773826913E-4i
52550                                             52550                                             -40.57253688054017                                1.5572286475229458E-4+1.0397084510105348E-4i
52700                                             52700                                             -41.35024525749724                                1.6432232428997828E-4+4.8057254719902076E-5i
52850                                             52850                                             -43.19644666776301                                1.3839911249102776E-4-2.5612658355322893E-6i
53000                                             53000                                             -46.73335201480072                                8.753816408524351E-5-2.8696603826094957E-5i
53150                                             53150                                             -54.676661032907404                               3.086785130890224E-5-2.0244895035714805E-5i
53300                                             53300                                             -58.79518239156755                                -6.485958501389888E-6+2.2041331554922827E-5i
53450                                             53450                                             -48.17992497163078                                -2.5485262858393476E-5+7.370750689250638E-5i
53600                                             53600                                             -44.17910558830122                                -5.783949798443544E-6+1.2348061984246428E-4i
53750                                             53750                                             -41.40824887774347                                5.774995327573196E-5+1.5996060307099658E-4i
53900                                             53900                                             -40.58961044189785                                1.1013564458289826E-4+1.5097061587288074E-4i
54050                                             54050                                             -40.528986433909694                               1.5109379594735461E-4+1.1217643689054313E-4i
54200                                             54200                                             -41.33460253958353                                1.6202563430278705E-4+5.625642840545453E-5i
54350                                             54350                                             -43.20893258871192                                1.3816131128441267E-4+4.161524169821185E-6i
54500                                             54500                                             -46.78680856852493                                8.82593219926342E-5-2.434953052588007E-5i
54650                                             54650                                             -54.816110904174494                               3.137491596538755E-5-1.830941518021767E-5i
54800                                             54800                                             -59.26197350063333                                -9.096031613253786E-6+1.9782674857804494E-5i
54950                                             54950                                             -51.96252400685614                                6.864380589555186E-6+4.998582235693494E-5i
55100                                             55100                                             -43.30735522460629                                -2.263429843907261E-5+1.3477920720939007E-4i
55250                                             55250                                             -41.35919912970478                                3.4097125970133924E-5+1.6759577240987866E-4i
55400                                             55400                                             -40.420467725563604                               9.496254529478554E-5+1.6519995641106622E-4i
55550                                             55550                                             -40.347703155034225                               1.4210785134755044E-4+1.2933575521567597E-4i
55700                                             55700                                             -41.13881867676207                                1.5916887060152263E-4+7.374861232334329E-5i
55850                                             55850                                             -42.96609303624589                                1.4070980902403107E-4+2.0133794604415556E-5i
56000                                             56000                                             -46.743015450017786                               8.916405476944167E-5-2.2744989068401722E-5i
56150                                             56150                                             -54.592396679867086                               3.37821033363217E-5-1.5752688406034387E-5i
56300                                             56300                                             -58.77207003185973                                -1.252751010227815E-5+1.933303538026454E-5i
56450                                             56450                                             -47.90356098053223                                -3.019006615323505E-5+7.463567034582397E-5i
56600                                             56600                                             -43.721050190853774                               -1.253371382192725E-5+1.2970575118542715E-4i
56750                                             56750                                             -41.54730758897476                                3.370402694613528E-5+1.639362024860036E-4i
56900                                             56900                                             -40.53535494644799                                9.097772764982137E-5+1.6457232357580676E-4i
57050                                             57050                                             -40.43070464044633                                1.3759866511758867E-4+1.3149157267922096E-4i
57200                                             57200                                             -41.21031690274717                                1.5589085390899093E-4+7.726026481058579E-5i
57350                                             57350                                             -43.059289310820795                               1.38833230739821E-4+2.238297099843578E-5i
57500                                             57500                                             -46.603595422287185                               9.26854222411122E-5-1.2378094014886543E-5i
57650                                             57650                                             -54.583302630775364                               3.465924295531497E-5-1.3821250158030374E-5i
57800                                             57800                                             -58.738908537915336                               -1.3557291999810595E-5+1.8734257966945833E-5i
57950                                             57950                                             -47.887194260727355                               -3.3953176297174537E-5+7.316815504276875E-5i
58100                                             58100                                             -43.70845099109249                                -1.898102593544948E-5+1.2911130946768878E-4i
58250                                             58250                                             -41.53542565260529                                2.5591006078684586E-5+1.6562874489423063E-4i
58400                                             58400                                             -40.52379935548332                                8.284716140771753E-5+1.6909038215240368E-4i
58550                                             58550                                             -40.4192954811755                                 1.311077112439718E-4+1.3830936503356206E-4i
58700                                             58700                                             -41.19946664309259                                1.520746180221355E-4+8.497140824348381E-5i
58850                                             58850                                             -43.0495384022837                                 1.377129859118087E-4+2.9244617420043362E-5i
59000                                             59000                                             -46.59608826347797                                9.32641460150152E-5-7.7930273478799E-6i
59150                                             59150                                             -54.58433975208315                                3.5297699866432275E-5-1.2084287929758908E-5i
59300                                             59300                                             -58.705432026184155                               -1.4507022123633195E-5+1.812338232720645E-5i
59450                                             59450                                             -47.87307454360251                                -3.748007838011436E-5+7.157393899082098E-5i
59600                                             59600                                             -43.70413495057051                                -2.4924857892405505E-5+1.281627635443261E-4i
59750                                             59750                                             -41.57804251418319                                1.9695096810268264E-5+1.6560679140631418E-4i
59900                                             59900                                             -40.45751959025762                                7.280570587209212E-5+1.752135489089257E-4i
60050                                             60050                                             -40.3815307279886                                 1.2382215816048037E-4+1.4595882183454645E-4i
60200                                             60200                                             -41.168344826718474                               1.478181681718871E-4+9.33534529362623E-5i
60350                                             60350                                             -43.02175023599258                                1.3639597650916269E-4+3.6653465846581135E-5i
60500                                             60500                                             -46.57124211747664                                9.381447860729031E-5-2.8336543210771836E-6i
60650                                             60650                                             -54.568172623935084                               3.596258082344539E-5-1.019027946658202E-5i
60800                                             60800                                             -58.65091056162583                                -1.5539899249628064E-5+1.7442200436090793E-5i
60950                                             60950                                             -47.833163923879276                               -4.144643327719244E-5+6.97856833749011E-5i
61100                                             61100                                             -43.66027236475577                                -3.217224108781336E-5+1.2722001159359841E-4i
61250                                             61250                                             -41.489794553146396                               8.669263046379161E-6+1.6825366954908993E-4i
61400                                             61400                                             -40.479881383215925                               6.554986738549484E-5+1.7753530270891993E-4i
61550                                             61550                                             -40.37675525403415                                1.169173902164089E-4+1.516790530933232E-4i
61700                                             61700                                             -41.15831333140882                                1.432984227903722E-4+1.0050533317174093E-4i
61850                                             61850                                             -43.010484548237365                               1.3461051047830574E-4+4.334928385929526E-5i
62000                                             62000                                             -46.561176018857324                               9.394866474859986E-5+1.8099834215856703E-6i
62150                                             62150                                             -54.56515095264915                                3.643746336362552E-5-8.39241950123526E-6i
62300                                             62300                                             -58.61212959992809                                -1.6460344073654376E-5+1.6723360792725295E-5i
62450                                             62450                                             -47.81171249494171                                -4.4987017342901225E-5+6.779850329774462E-5i
62600                                             62600                                             -43.63981336550424                                -3.851934138887625E-5+1.2576786979767718E-4i
62750                                             62750                                             -41.471273950076544                               2.9793656319831996E-7+1.688362206241356E-4i
62900                                             62900                                             -40.46188620679432                                5.675387490455819E-5+1.8095103680237923E-4i
63050                                             63050                                             -40.3602336579286                                 1.0943088679998825E-4+1.5760990789459584E-4i
63200                                             63200                                             -41.14288616222751                                1.3836507606312942E-4+1.0770276083582608E-4i
63350                                             63350                                             -42.996845200047915                               1.324911934773021E-4+5.008134557482613E-5i
63500                                             63500                                             -46.54960841168506                                9.386605977551588E-5+6.50691055825714E-6i
63650                                             63650                                             -54.56228580063475                                3.6827064750111216E-5-6.543043957307759E-6i
63800                                             63800                                             -58.57471347138414                                -1.7338957100876407E-5+1.5960530405978446E-5i
63950                                             63950                                             -47.79006376421445                                -4.840227080993298E-5+6.565647791390017E-5i
64100                                             64100                                             -43.62274577219402                                -4.481990241311795E-5+1.2393788864872857E-4i
64250                                             64250                                             -41.45569429256013                                -8.090257973214499E-6+1.6894599617189865E-4i
64400                                             64400                                             -40.44825705657681                                4.779257945458637E-5+1.838292435155653E-4i
64550                                             64550                                             -40.34793405181034                                1.0164900287229495E-4+1.6305795364168763E-4i
64700                                             64700                                             -41.13320082631765                                1.3301783586422422E-4+1.1454115288289657E-4i
64850                                             64850                                             -42.988697129439586                               1.2997652032309404E-4+5.662010863061173E-5i
65000                                             65000                                             -46.54530258159901                                9.34767390489144E-5+1.1138141237543309E-5i
65150                                             65150                                             -54.569078254696926                               3.7077230759463564E-5-4.704961033108468E-6i
65300                                             65300                                             -58.54693402655223                                -1.8153333255055415E-5+1.5145900140733914E-5i
65450                                             65450                                             -47.78100699833564                                -5.159150052458372E-5+6.329107176428206E-5i
65600                                             65600                                             -43.61946091622344                                -5.0796513081485806E-5+1.2166462413465418E-4i
65750                                             65750                                             -41.45711132965654                                -1.6237409321107066E-5+1.6833067318511308E-4i
65900                                             65900                                             -40.4554090401151                                 3.8883995346516986E-5+1.8575788787011938E-4i
66050                                             66050                                             -40.362649094031646                               9.358915386814548E-5+1.6744133866586353E-4i
66200                                             66200                                             -41.15638300181711                                1.2714278175740557E-4+1.2034987689024668E-4i
66350                                             66350                                             -43.0266592956086                                 1.2666307844033664E-4+6.22998293381416E-5i
66500                                             66500                                             -46.606214375434824                               9.222824674326446E-5+1.524742497838183E-5i
66650                                             66650                                             -54.673747316110266                               3.680186710014466E-5-3.035973842879791E-6i
66800                                             66800                                             -58.71946557311587                                -1.832292523951118E-5+1.4193043841426167E-5i
66950                                             66950                                             -48.44106370296817                                -4.879221536707723E-5+5.7850396407377325E-5i
67100                                             67100                                             -42.87977741409685                                -6.688878120231223E-5+1.2702792222851755E-4i
67250                                             67250                                             -41.17825902342756                                -2.697083839059422E-5+1.7253392899385656E-4i
67400                                             67400                                             -40.27783367925866                                3.0153336305793754E-5+1.9134254102826098E-4i
67550                                             67550                                             -40.26141967491344                                8.892915080932484E-5+1.7249601779290025E-4i
67700                                             67700                                             -40.62149886361976                                1.1194594053215434E-4+1.4877706492211207E-4i
67850                                             67850                                             -42.800788244758756                               1.2462449126698916E-4+7.387303180927951E-5i
68000                                             68000                                             -46.39416078511325                                9.316185604724136E-5+2.228605004228612E-5i
68150                                             68150                                             -54.447236032249045                               3.789968272810418E-5-4.645310337503261E-7i
68300                                             68300                                             -58.355495174898635                               -2.0167770081791492E-5+1.3318871734835369E-5i
68450                                             68450                                             -47.62094473515255                                -5.9427633380848555E-5+5.819034989251737E-5i
68600                                             68600                                             -43.44563156845105                                -6.568738313156297E-5+1.1737800017885824E-4i
68750                                             68750                                             -40.82494605990341                                -4.8285476249576575E-5+1.7535251347644554E-4i
68900                                             68900                                             -40.38746042308496                                2.0260059338306213E-5+1.9019844203371772E-4i
69050                                             69050                                             -40.26230411940133                                7.643011553193357E-5+1.7836490148326334E-4i
69200                                             69200                                             -41.042659946583974                               1.1504286213404047E-4+1.3500998303117573E-4i
69350                                             69350                                             -42.89992878316318                                1.2086828602664301E-4+7.684822182218998E-5i
69500                                             69500                                             -46.46297678944964                                9.143672173528294E-5+2.59012812723336E-5i
69650                                             69650                                             -54.51307415117631                                3.759206945819216E-5+1.3504538217690154E-6i
69800                                             69800                                             -58.41569391123204                                -2.0861370568892035E-5+1.1869859628976798E-5i
69950                                             69950                                             -47.58846547744043                                -6.011325701732462E-5+5.793173601498225E-5i
70100                                             70100                                             -43.47947520993592                                -6.857864405207525E-5+1.151041020859278E-4i
70250                                             70250                                             -41.32479468077439                                -4.1176859233216234E-5+1.666975318523889E-4i
70400                                             70400                                             -40.32380311265257                                1.125057846435018E-5+1.9235268232986602E-4i
70550                                             70550                                             -40.22808459091614                                6.874236151271917E-5+1.8228538489473145E-4i
70700                                             70700                                             -41.01870846296958                                1.0943024434367787E-4+1.402197334747779E-4i
70850                                             70850                                             -42.87959956242757                                1.1782786736419526E-4+8.202219085240436E-5i
71000                                             71000                                             -46.44447377680891                                9.050566189100495E-5+2.9645175141590485E-5i
71150                                             71150                                             -54.503601295143646                               3.755750097272914E-5+2.7406713484223744E-6i
71300                                             71300                                             -58.34060714753943                                -2.1247608215868574E-5+1.160501328134611E-5i
71450                                             71450                                             -47.71076983375846                                -6.307619114964691E-5+5.289181467671433E-5i
71600                                             71600                                             -43.45131489406323                                -7.544803078662898E-5+1.1124909436599495E-4i
71750                                             71750                                             -41.30472520852089                                -5.011141911792638E-5+1.6464814141581297E-4i
71900                                             71900                                             -40.30248878275303                                1.3769423667375769E-6+1.9314991492236366E-4i
72050                                             72050                                             -40.20698705834194                                5.9653976510420925E-5+1.8595617527406016E-4i
72200                                             72200                                             -40.99663783401275                                1.0259800109929662E-4+1.458471350487267E-4i
72350                                             72350                                             -42.85788183123447                                1.1391558950735181E-4+8.796369835595286E-5i
72500                                             72500                                             -46.42507277895048                                8.914909710783236E-5+3.4105113602023174E-5i
72650                                             72650                                             -54.488284599407855                               3.7442422459288416E-5+4.599158902718337E-6i
72800                                             72800                                             -58.28822246810974                                -2.192613509349739E-5+1.0606346997010796E-5i
72950                                             72950                                             -47.60067845726705                                -6.675458699167969E-5+4.993938920849761E-5i
73100                                             73100                                             -43.44917620392829                                -8.029607539383754E-5+1.0784343655223516E-4i
73250                                             73250                                             -41.28847850521111                                -5.757209314782852E-5+1.6253194676130178E-4i
73400                                             73400                                             -40.28490758825107                                -7.276194245342538E-6+1.9340936606926373E-4i
73550                                             73550                                             -40.187217269839614                               5.147878183275889E-5+1.88844482351902E-4i
73700                                             73700                                             -40.97449245737459                                9.639337498557055E-5+1.5056098358856573E-4i
73850                                             73850                                             -42.835164433015635                               1.1033933745679958E-4+9.299592756539798E-5i
74000                                             74000                                             -46.40048446839443                                8.789731377251142E-5+3.790132830516768E-5i
74150                                             74150                                             -54.46610290099608                                3.732033231784726E-5+6.129201005178331E-6i
74300                                             74300                                             -58.239736741976465                               -2.2443398128846326E-5+9.808372878894467E-6i
74450                                             74450                                             -47.55683825506595                                -6.886356010038508E-5+4.773302199012619E-5i
74600                                             74600                                             -43.40011007961184                                -8.428017976613855E-5+1.0573511933475999E-4i
74750                                             74750                                             -41.22933576041148                                -6.255728309123576E-5+1.6194263850977109E-4i
74900                                             74900                                             -40.20850470418089                                -1.1398538521723012E-5+1.949231751827707E-4i
75050                                             75050                                             -40.07161531488194                                5.053016606082483E-5+1.918137365962691E-4i
75200                                             75200                                             -40.82676814349977                                1.0144167892101041E-4+1.509162057871105E-4i
75350                                             75350                                             -42.47944576210986                                1.256913856775288E-4+8.247447234044358E-5i
75500                                             75500                                             -48.74531484519659                                1.0689651577411308E-5+7.228813579862603E-5i
75650                                             75650                                             -54.87018979261649                                3.369630171728977E-5+1.2955658910129841E-5i
75800                                             75800                                             -58.343453756553046                               -2.3307944123418523E-5+6.518655357501402E-6i
75950                                             75950                                             -47.685932229104615                               -7.300212372407522E-5+3.85448334294658E-5i
76100                                             76100                                             -43.520398462109604                               -9.4317674901645E-5+9.427510376880388E-5i
76250                                             76250                                             -41.350526402835364                               -7.899706499275849E-5+1.5188447015446194E-4i
76400                                             76400                                             -40.34223131356802                                -3.304507233592435E-5+1.8941212056011736E-4i
76550                                             76550                                             -40.24153411908373                                2.591394257855928E-5+1.9278118760102103E-4i
76700                                             76700                                             -41.02780547731389                                7.54462748830953E-5+1.608670662945899E-4i
76850                                             76850                                             -42.890515421445286                               9.67267807628347E-5+1.0584533914992367E-4i
77000                                             77000                                             -46.46326635074124                                8.164294390472504E-5+4.863515204800439E-5i
77150                                             77150                                             -54.55607779177723                                3.5813936087314424E-5+1.0881516141258984E-5i
77300                                             77300                                             -58.22595339254951                                -2.356296294225846E-5+6.826716297814173E-6i
77450                                             77450                                             -47.596703673637                                  -7.422551176228254E-5+3.804017264319448E-5i
77600                                             77600                                             -43.456766911219006                               -9.717804203085434E-5+9.274980149931444E-5i
77750                                             77750                                             -41.30157217261993                                -8.3921243227425E-5+1.5032931243119663E-4i
77900                                             77900                                             -40.30299491317202                                -3.9599430149694914E-5+1.8904053267199128E-4i
78050                                             78050                                             -40.20964150468919                                1.8875778377225316E-5+1.9431597382779664E-4i
78200                                             78200                                             -41.00315748223014                                6.931731442405553E-5+1.6414977142797937E-4i
78350                                             78350                                             -42.87134243422948                                9.254236472422406E-5+1.099371701211993E-4i
78500                                             78500                                             -46.45044688691543                                7.964421894535167E-5+5.210032191560465E-5i
78650                                             78650                                             -54.556692812308526                               3.5308406230616374E-5+1.2416258206915387E-5i
78800                                             78800                                             -58.20248487288423                                -2.3904147048781077E-5+5.802581386826766E-6i
78950                                             78950                                             -47.590868851871406                               -7.589285003600788E-5+3.472908117307938E-5i
79100                                             79100                                             -43.45884365630443                                -1.0124170830705381E-4+8.824730399115133E-5i
79250                                             79250                                             -41.31356319197502                                -9.059547656359301E-5+1.4612463194541014E-4i
79400                                             79400                                             -40.328308766665344                               -4.8218412370015784E-5+1.8644735860295913E-4i
79550                                             79550                                             -40.2583871235465                                 9.581766413913062E-6+1.9390143917630276E-4i
79700                                             79700                                             -41.09975012757165                                6.050314404443258E-5+1.655023889260976E-4i
79850                                             79850                                             -43.13957295638342                                8.372549071061774E-5+1.1137096143343239E-4i
80000                                             80000                                             -45.429046535846894                               8.733550739004059E-5+6.190102219072458E-5i
80150                                             80150                                             -54.34052610352374                                3.5642119097456515E-5+1.4211856716017657E-5i
80300                                             80300                                             -58.03217940726174                                -2.4617486404865385E-5+4.822513999247491E-6i
80450                                             80450                                             -47.461236077982875                               -7.852148043585583E-5+3.180045059480996E-5i
80600                                             80600                                             -43.34528840243024                                -1.06463617725705E-4+8.473969000577508E-5i
80750                                             80750                                             -41.20401125854835                                -9.827541992679656E-5+1.4372554430797102E-4i
80900                                             80900                                             -40.214322843443284                               -5.723611993746491E-5+1.86542103997267E-4i
81050                                             81050                                             -40.1285666732539                                 1.0293092588820052E-6+1.9705875632258785E-4i
81200                                             81200                                             -40.927357984329156                               5.441720328286381E-5+1.7131204954723422E-4i
81350                                             81350                                             -42.80055370004699                                8.2691892151876E-5+1.1896080513240648E-4i
81500                                             81500                                             -46.38575372845704                                7.504867215529787E-5+5.967642699322706E-5i
81650                                             81650                                             -54.507342960652636                               3.419890023514949E-5+1.57254940391649E-5i
81800                                             81800                                             -58.08634144387115                                -2.4667141361955913E-5+3.606974109948702E-6i
81950                                             81950                                             -47.499820175878334                               -7.960445818711026E-5+2.786651052755218E-5i
82100                                             82100                                             -43.353601096984555                               -1.1031837960717716E-4+7.943403797983084E-5i
82250                                             82250                                             -41.54791002587124                                -9.791885151866353E-5+1.3571681221957732E-4i
82400                                             82400                                             -40.57486210621738                                -5.704395448263844E-5+1.7828844194756055E-4i
82550                                             82550                                             -40.041202988907614                               -1.091992540469544E-5+1.98753757673642E-4i
82700                                             82700                                             -40.89565461484358                                4.535346656048267E-5+1.746105136809506E-4i
82850                                             82850                                             -42.78124145384834                                7.657990753695554E-5+1.2336403293433662E-4i
83000                                             83000                                             -46.373464946102004                               7.199321689993488E-5+6.353429634498031E-5i
83150                                             83150                                             -54.50537068505322                                3.3351128039538214E-5+1.747002535956721E-5i
83300                                             83300                                             -58.04992287114061                                -2.4920137737804993E-5+2.3871098016048364E-6i
83450                                             83450                                             -47.48541615887426                                -8.103491957089926E-5+2.3882751737480667E-5i
83600                                             83600                                             -43.360329767107324                               -1.1402956557249322E-4+7.381436219444648E-5i
83750                                             83750                                             -41.22143222134299                                -1.1155441463683857E-4+1.3322665918091836E-4i
83900                                             83900                                             -40.15454535838434                                -7.609230048855053E-5+1.8113965628996365E-4i
84050                                             84050                                             -40.11233641080656                                -1.8306486153585322E-5+1.965794566548551E-4i
84200                                             84200                                             -40.91423521674517                                3.748106804074558E-5+1.760738296152642E-4i
84350                                             84350                                             -42.78893856902989                                7.07745012328842E-5+1.2663650215494204E-4i
84500                                             84500                                             -46.377334130456724                               6.891983383339184E-5+6.67942839549518E-5i
84650                                             84650                                             -54.51409987148739                                3.245404924412387E-5+1.9010206361191884E-5i
84800                                             84800                                             -58.02671511808892                                -2.507188674960581E-5+1.2124468549146172E-6i
84950                                             84950                                             -47.472285037693176                               -8.219599486725127E-5+2.0061762897594093E-5i
85100                                             85100                                             -43.34636242391441                                -1.1759227721575005E-4+6.843095046182857E-5i
85250                                             85250                                             -41.19840606468963                                -1.1811108054926578E-4+1.2807815635884623E-4i
85400                                             85400                                             -40.20400398422413                                -8.373841763653633E-5+1.7650036490279852E-4i
85550                                             85550                                             -40.11386946256181                                -2.7632871986926766E-5+1.9545147133825935E-4i
85700                                             85700                                             -40.90704315076202                                2.8822609236534014E-5+1.7784766630524196E-4i
85850                                             85850                                             -42.759793432569495                               6.391484358325705E-5+1.307762909089627E-4i
86000                                             86000                                             -46.46921342914047                                6.724470035662788E-5+6.705773910065105E-5i
86150                                             86150                                             -54.55435196980132                                3.1595269263162695E-5+2.0083357217592912E-5i
86300                                             86300                                             -58.02834084882206                                -2.5094991657037546E-5+2.740643254561803E-7i
86450                                             86450                                             -47.48732630150346                                -8.27330456022457E-5+1.7004376326346105E-5i
86600                                             86600                                             -43.35885674423469                                -1.1973537980347615E-4+6.419501550192219E-5i
86750                                             86750                                             -41.235400793619576                               -1.214413807932857E-4+1.2389012307234548E-4i
86900                                             86900                                             -40.25436744080393                                -8.726612019527291E-5+1.735197480844386E-4i
87050                                             87050                                             -40.19935493359203                                -2.83815686021871E-5+1.9339044522781457E-4i
87200                                             87200                                             -41.1357080272647                                 4.062634387574926E-5+1.7071946859426035E-4i
87350                                             87350                                             -42.39229558063269                                3.4921925950781585E-5+1.4777999264792285E-4i
87500                                             87500                                             -46.27075092584454                                5.874239308095719E-5+7.739258204453314E-5i
87650                                             87650                                             -54.47601752509466                                2.9799538043884244E-5+2.321852981312933E-5i
87800                                             87800                                             -57.90343193795528                                -2.539351060826256E-5-1.8388086746590204E-6i
87950                                             87950                                             -47.40464816602567                                -8.462636513173472E-5+1.0459233735549134E-5i
88100                                             88100                                             -43.292548702218035                               -1.253758927515225E-4+5.49765305499772E-5i
88250                                             88250                                             -41.15243017859069                                -1.3238132359383314E-4+1.1468423547011941E-4i
88400                                             88400                                             -40.163628269881755                               -1.0317349124944197E-4+1.669616610050495E-4i
88550                                             88550                                             -40.08018764325775                                -4.895177117936189E-5+1.9202068935886274E-4i
88700                                             88700                                             -40.880471644855845                               9.646370340288257E-6+1.8046244857172766E-4i
88850                                             88850                                             -42.75847286585113                                5.042576499736384E-5+1.3656951062257505E-4i
89000                                             89000                                             -46.35427570780407                                5.787202429580196E-5+7.688488685519967E-5i
89150                                             89150                                             -54.51971085314317                                2.9068957626665615E-5+2.3829025209920474E-5i
89300                                             89300                                             -57.91532690083409                                -2.5281280232769543E-5-2.701018302353475E-6i
89450                                             89450                                             -47.416436489970394                               -8.484716259427039E-5+7.229580527789992E-6i
89600                                             89600                                             -43.29867405859283                                -1.274115211618021E-4+4.981388314706514E-5i
89750                                             89750                                             -41.15668973705329                                -1.3705447281942007E-4+1.0891871584139956E-4i
89900                                             89900                                             -40.165450386359176                               -1.103396721023886E-4+1.622651038268863E-4i
90050                                             90050                                             -40.07974803283149                                -5.747037702896751E-5+1.8965587756991642E-4i
90200                                             90200                                             -40.87624867994825                                1.4484113646795471E-6+1.8080216489724243E-4i
90350                                             90350                                             -42.75548450303312                                4.4099165074362734E-5+1.3879424038465427E-4i
90500                                             90500                                             -46.35181493297472                                5.4268073973795516E-5+7.950271545431598E-5i
90650                                             90650                                             -54.522991038643866                               2.7907213640820938E-5+2.5158447385598137E-5i
90800                                             90800                                             -57.89672966736277                                -2.517954052194682E-5-3.899162145937218E-6i
90950                                             90950                                             -47.401257709905764                               -8.524270110921162E-5+3.2214464694702016E-6i
91100                                             91100                                             -43.285728899872026                               -1.2982892177204608E-4+4.376571424968834E-5i
91250                                             91250                                             -41.14322978692321                                -1.423321150115786E-4+1.0239099322739698E-4i
91400                                             91400                                             -40.15252084097972                                -1.182003156795508E-4+1.5699776260102993E-4i
91550                                             91550                                             -40.066118928894184                               -6.667763825507489E-5+1.8694846069378102E-4i
91700                                             91700                                             -40.86516150129374                                -7.372748150547004E-6+1.8088871905286297E-4i
91850                                             91850                                             -42.74375387613938                                3.7332234681553E-5+1.409689512208434E-4i
92000                                             92000                                             -46.342005688098844                               5.033976522084149E-5+8.217399470411557E-5i
92150                                             92150                                             -54.519554805875366                               2.6636156392312316E-5+2.6521551200642257E-5i
92300                                             92300                                             -57.84821464657259                                -2.5101943645244873E-5-5.137914347197459E-6i
92450                                             92450                                             -47.376502626102095                               -8.554053784115556E-5-1.0527579391572672E-6i
92600                                             92600                                             -43.26132446859323                                -1.3224132990952153E-4+3.7269217681545896E-5i
92750                                             92750                                             -41.11800825963296                                -1.4779124743652394E-4+9.528456515750516E-5i
92900                                             92900                                             -40.124632895111475                               -1.265592069692456E-4+1.5116603640952242E-4i
93050                                             93050                                             -40.037018623252166                               -7.671589673297063E-5+1.8378021131137956E-4i
93200                                             93200                                             -40.83771720782462                                -1.7260906867822E-5+1.8078970655077686E-4i
93350                                             93350                                             -42.72327715894405                                2.9142795650471953E-5+1.432380632623298E-4i
93500                                             93500                                             -46.374663784154684                               4.43323842939658E-5+8.51570615654218E-5i
93650                                             93650                                             -53.63944693734329                                2.988194454195403E-5+2.8936914945765224E-5i
93800                                             93800                                             -57.52436759055372                                -2.578435685574032E-5-6.5191119902330286E-6i
93950                                             93950                                             -46.99264775914173                                -8.922469403815914E-5-5.790157422747022E-6i
94100                                             94100                                             -42.54395429874299                                -1.459974793985297E-4+3.085258909008015E-5i
94250                                             94250                                             -33.31928843740545                                -1.0521174254507493E-4+4.185635464446502E-4i
94400                                             94400                                             -40.90729683496123                                -1.1505743258788392E-4+1.3863775228850628E-4i
94550                                             94550                                             -40.452635954863354                               -7.627843856417016E-5+1.738463792381184E-4i
94700                                             94700                                             -41.13499504914276                                -2.076767112813016E-5+1.7426817472576683E-4i
94850                                             94850                                             -42.95744629006854                                2.51463768083382E-5+1.400448034741819E-4i
95000                                             95000                                             -46.52738052532904                                4.241144225003435E-5+8.426075456957616E-5i
95150                                             95150                                             -54.704992647984454                               2.3757238425625715E-5+2.8096494473217604E-5i
95300                                             95300                                             -57.929332965131834                               -2.4351121705290524E-5-7.1679903238530684E-6i
95450                                             95450                                             -47.49338144223095                                -8.401491481863088E-5-8.090750038158845E-6i
95600                                             95600                                             -43.37978898436626                                -1.3308122374844356E-4+2.565542601407067E-5i
95750                                             95750                                             -41.23240730854279                                -1.532232362810304E-4+8.148719864597975E-5i
95900                                             95900                                             -40.23492371823039                                -1.369363767491638E-4+1.3835527341943266E-4i
96050                                             96050                                             -40.1272689452212                                 -9.061048905778524E-5+1.750273058507279E-4i
96200                                             96200                                             -41.08784190017885                                -3.0633515403777345E-5+1.7377720944344865E-4i
96350                                             96350                                             -42.876055614589674                               1.7806061536118634E-5+1.42516021092276E-4i
96500                                             96500                                             -46.476621603467976                               3.828477616446557E-5+8.681874946858681E-5i
96650                                             96650                                             -54.68206336129875                                2.239907328771551E-5+2.9313265047403725E-5i
96800                                             96800                                             -57.9444349614658                                 -2.3931061252147057E-5-8.332151473999794E-6i
96950                                             96950                                             -47.46951261074436                                -8.377686414839935E-5-1.2027647376955386E-5i
97100                                             97100                                             -43.382108837460045                               -1.3406561319184718E-4+1.963198879850747E-5i
97250                                             97250                                             -41.269134338490076                               -1.5594029242987917E-4+7.447501319335359E-5i
97400                                             97400                                             -40.40517366775233                                -1.3928043603539386E-4+1.3052954125059024E-4i
97550                                             97550                                             -40.05272833843709                                -9.938187862396086E-5+1.721642602618978E-4i
97700                                             97700                                             -40.93801167164328                                -3.853537724274325E-5+1.753422788908221E-4i
97850                                             97850                                             -42.848947063186074                               1.2557023822357127E-5+1.4352475254841845E-4i
98000                                             98000                                             -46.490312143366346                               3.549631846594403E-5+8.78344692566424E-5i
98150                                             98150                                             -54.76221445677965                                2.156449276735639E-5+2.9513918151535812E-5i
98300                                             98300                                             -58.02188811276676                                -2.379024882209757E-5-8.049489384265307E-6i
98450                                             98450                                             -49.15907114350101                                -6.947475671792436E-5+5.27747631717812E-6i
98600                                             98600                                             -43.09417896649684                                -1.4003323174349713E-4-2.850130283671426E-6i
98750                                             98750                                             -41.05593073017769                                -1.6689223913490814E-4+5.927514174819404E-5i
98900                                             98900                                             -40.13174653247364                                -1.5555322308136166E-4+1.2086349672402186E-4i
99050                                             99050                                             -40.0799843981556                                 -1.1162510483508914E-4+1.6373727360352586E-4i
99200                                             99200                                             -40.91228021986481                                -5.1428547020393456E-5+1.7255874320132314E-4i
99350                                             99350                                             -42.829743495249666                               2.3259829950994515E-6+1.44373160954947E-4i
99500                                             99500                                             -46.499353007197456                               2.9452162272847193E-5+8.99376942687935E-5i
99650                                             99650                                             -54.89326663086424                                1.976709350109962E-5+3.0093936553399203E-5i
99800                                             99800                                             -55.87877843262686                                -2.4945941984211295E-5-2.0270535934119316E-5i
99950                                             99950                                             -47.09965655597635                                -8.453217075010677E-5-2.5579431456312918E-5i
