% Model:              FEM_BEM_model_stl_FourProlSpheroids.mph
% Version:            COMSOL 6.3.0.335
% Date:               Oct 14 2025, 11:13
% Table:              Table 2 - TS_D_far
% f0 (1/s)               freq (Hz)                TS_Global_var_Point      Evaluate in the domain at the given coordinates in Geometry 1 (Pa), Ps_Global_var_Point
500                                               500                                               -51.91199314135852                                5.5618036158278095E-6+5.044364320228034E-5i
650                                               650                                               -47.193355708040514                               2.6415218696229648E-5+8.328114259070762E-5i
800                                               800                                               -43.28337395532617                                6.73750354134861E-5+1.1933889780058049E-4i
950                                               950                                               -39.72478503989704                                1.3926510140660486E-4+1.5238797657868286E-4i
1100                                              1100                                              -36.0462347971718                                 2.676237822688554E-4+1.667002843140919E-4i
1250                                              1250                                              -31.35048903418701                                5.35979377544904E-4+7.630802243574486E-5i
1400                                              1400                                              -22.969841061168168                               8.139244345963248E-4-0.0011645797880645015i
1550                                              1550                                              -20.54221774300332                                0.0018210180439164891-4.6304379064054935E-4i
1700                                              1700                                              -36.845771139238735                               1.2453769501002965E-4-2.592027255536866E-4i
1850                                              1850                                              -42.19706247208635                                6.635174372937591E-5-1.404141648557733E-4i
2000                                              2000                                              -43.22830517944111                                8.492186261133128E-5-1.0866971822642846E-4i
2150                                              2150                                              -42.488028279378234                               1.0089030401916332E-4-1.112514759209482E-4i
2300                                              2300                                              -41.730867970509706                               1.0431897791507438E-4-1.2636984566694043E-4i
2450                                              2450                                              -41.3184604115198                                 9.525710840896373E-5-1.4301299919394772E-4i
2600                                              2600                                              -41.27810165135001                                7.658939322935376E-5-1.5471382571285996E-4i
2750                                              2750                                              -41.603249885857906                               5.242090887147555E-5-1.578118709968379E-4i
2900                                              2900                                              -42.3070828223203                                 2.7290106589472618E-5-1.5089935144696476E-4i
3050                                              3050                                              -43.4377165967083                                 5.525954874741057E-6-1.345172642329695E-4i
3200                                              3200                                              -45.09830144272338                                -9.32155910327026E-6-1.1081121675837746E-4i
3350                                              3350                                              -47.493563599815374                               -1.49332066979313E-5-8.307025152998193E-5i
3500                                              3500                                              -51.03335956480307                                -1.0498565977568042E-5-5.516140478434295E-5i
3650                                              3650                                              -56.17030403104                                   3.2176736097233594E-6-3.09154213014029E-5i
3800                                              3800                                              -57.20804996693032                                2.4030847055545035E-5-1.3538508817134698E-5i
3950                                              3950                                              -52.22358204040765                                4.8691957409252584E-5-5.126361780849464E-6i
4100                                              4100                                              -48.67499632962031                                7.339439018366756E-5-6.345880342761845E-6i
4250                                              4250                                              -46.39651569353135                                9.43621679159179E-5-1.6328092330542E-5i
4400                                              4400                                              -44.93712118404419                                1.0843660155879231E-4-3.278848794419087E-5i
4550                                              4550                                              -44.07781251170779                                1.1357823653657118E-4-5.235930167546421E-5i
4700                                              4700                                              -43.721035882268204                               1.09211139686205E-4-7.108909049258205E-5i
4850                                              4850                                              -43.84140686751987                                9.635708807470555E-5-8.504034552314632E-5i
5000                                              5000                                              -44.474857146426814                               7.753668003585013E-5-9.090106028974976E-5i
5150                                              5150                                              -45.73803278997084                                5.6446264599996354E-5-8.652217611448965E-5i
5300                                              5300                                              -47.90034726074787                                3.745263095061846E-5-7.13023290431769E-5i
5450                                              5450                                              -51.590953927209604                               2.4973407371675638E-5-4.636186980377932E-5i
5600                                              5600                                              -57.38314077253581                                2.2828043957145994E-5-1.4477287781033965E-5i
5750                                              5750                                              -54.142305299701114                               3.364884317813566E-5+2.022005267166005E-5i
5900                                              5900                                              -48.09912374937789                                5.843417323520006E-5+5.274432654633898E-5i
6050                                              6050                                              -44.16172361975111                                9.630703143120867E-5+7.789194647001008E-5i
6200                                              6200                                              -41.373663499634155                               1.4451600666864906E-4+9.093305885388148E-5i
6350                                              6350                                              -39.27501740310922                                1.9868484876262027E-4+8.826864655420152E-5i
6500                                              6500                                              -37.64641609160426                                2.5328558853565664E-4+6.796672712772178E-5i
6650                                              6650                                              -36.36951439840961                                3.022812217676196E-4+3.010428786931474E-5i
6800                                              6800                                              -35.37449277534288                                3.3986101666722E-4-2.3136318536454148E-5i
6950                                              6950                                              -34.61778672773611                                3.611749991799251E-4-8.763841139902695E-5i
7100                                              7100                                              -34.07141285124777                                3.6297656781797416E-4-1.5777767143054788E-4i
7250                                              7250                                              -33.71755217295301                                3.440755187646971E-4-2.2705863073191335E-4i
7400                                              7400                                              -33.54554329974387                                3.0554268023141873E-4-2.888826702311942E-4i
7550                                              7550                                              -33.55036189250888                                2.5062176655687995E-4-3.3734580398014913E-4i
7700                                              7700                                              -33.73194945269141                                1.843592588186005E-4-3.679576083767122E-4i
7850                                              7850                                              -34.09422459880187                                1.1302193293127871E-4-3.7822107915841396E-4i
8000                                              8000                                              -34.64911699090013                                4.325473157507087E-5-3.6778257478686793E-4i
8150                                              8150                                              -35.413060193922874                               -1.8601562701503482E-5-3.386278876823523E-4i
8300                                              8300                                              -36.4128876845827                                 -6.734623138582307E-5-2.94665349842016E-4i
8450                                              8450                                              -37.690346475433095                               -9.948344705468237E-5-2.4121349974681738E-4i
8600                                              8600                                              -39.31204208125491                                -1.1356908524207121E-4-1.8430365086585798E-4i
8750                                              8750                                              -41.39038096038572                                -1.1028415228325761E-4-1.2991957674657328E-4i
8900                                              8900                                              -44.13375253571069                                -9.22352368801782E-5-8.327059661827896E-5i
9050                                              9050                                              -47.98801751309101                                -6.351592455478006E-5-4.819559702118337E-5i
9200                                              9200                                              -54.07575023080052                                -2.9110184472491696E-5-2.6786028341718726E-5i
9350                                              9350                                              -59.961820000196646                               5.79877652734373E-6-1.9232945728697715E-5i
9500                                              9500                                              -53.22152059673873                                3.650533666843536E-5-2.3925242046307638E-5i
9650                                              9650                                              -49.072261019973766                               5.935885652941231E-5-3.780388081220387E-5i
9800                                              9800                                              -46.755298208645506                               7.218005311249165E-5-5.6865533605066076E-5i
9950                                              9950                                              -45.4378737044549                                 7.445595701027763E-5-7.676112484678033E-5i
10100                                             10100                                             -44.794821163261894                               6.729804832067421E-5-9.344528637633687E-5i
10250                                             10250                                             -44.68933551501205                                5.31766608187767E-5-1.0372720163298599E-4i
10400                                             10400                                             -45.07670365582299                                3.547598138037289E-5-1.0568406814071007E-4i
10550                                             10550                                             -45.97795866978171                                1.7936431352005844E-5-9.887847652056969E-5i
10700                                             10700                                             -47.489199765569225                               4.067722764955484E-6-8.434620627151279E-5i
10850                                             10850                                             -49.83502882183872                                -3.385318971926843E-6-6.436929742814623E-5i
11000                                             11000                                             -53.521227856372704                               -2.8423275596489717E-6-4.20706962457329E-5i
11150                                             11150                                             -59.28818262398877                                5.897064015214504E-6-2.089172520447491E-5i
11300                                             11300                                             -59.16224617428931                                2.165251327662654E-5-4.034011359621559E-6i
11450                                             11450                                             -53.45128309350198                                4.207437718872775E-5+6.052821614366266E-6i
11600                                             11600                                             -49.82465531689414                                6.40293934978664E-5+8.064721342515568E-6i
11750                                             11750                                             -47.52113348057449                                8.410916414919312E-5+2.0583081544733872E-6i
11900                                             11900                                             -46.04326508785605                                9.91806800026418E-5-1.0542303659488717E-5i
12050                                             12050                                             -45.16956231268394                                1.0690060347551267E-4-2.7148241150576347E-5i
12200                                             12200                                             -44.80438136546675                                1.0611883542499534E-4-4.4392363578449334E-5i
12350                                             12350                                             -44.925331337843694                               9.710608922047781E-5-5.86419282678774E-5i
12500                                             12500                                             -45.57314832172354                                8.157297510730244E-5-6.656644227243103E-5i
12650                                             12650                                             -46.87383820232574                                6.247236827189306E-5-6.567724862849289E-5i
12800                                             12800                                             -49.11823858893104                                4.360982260936952E-5-5.475979629965266E-5i
12950                                             12950                                             -52.982668711971726                               2.911480169281999E-5-3.413346665692707E-5i
13100                                             13100                                             -58.58409075762859                                2.2840851047145616E-5-5.69873751365968E-6i
13250                                             13250                                             -54.21848530948139                                2.779182334117225E-5+2.7238078944336053E-5i
13400                                             13400                                             -48.44329996732414                                4.5634088689572305E-5+6.03484070501592E-5i
13550                                             13550                                             -44.64631521019909                                7.638112123159457E-5+8.881595368215311E-5i
13700                                             13700                                             -41.93010255546704                                1.1828821346315799E-4+1.079614558925357E-4i
13850                                             13850                                             -39.87343482946712                                1.6797623440062415E-4+1.138720560065476E-4i
14000                                             14000                                             -38.27194280923639                                2.2077471974085716E-4+1.0395345911795584E-4i
14150                                             14150                                             -37.01385351326013                                2.7124815290974214E-4+7.733531615428113E-5i
14300                                             14300                                             -36.032656600343415                               3.138360069643853E-4+3.506750987780638E-5i
14450                                             14450                                             -35.28656337618118                                3.435365487880482E-4-1.9919934217238477E-5i
14600                                             14600                                             -34.748700305900854                               3.5654077994001776E-4-8.309603696987633E-5i
14750                                             14750                                             -34.401993062399214                               3.5073695091314416E-4-1.488226428077999E-4i
14900                                             14900                                             -34.23635431173444                                3.2601493352146793E-4-2.1100314105315654E-4i
15050                                             15050                                             -34.24729657276379                                2.8431922767074846E-4-2.6380134420234125E-4i
15200                                             15200                                             -34.435196711712905                               2.294463097085031E-4-3.0234643355830926E-4i
15350                                             15350                                             -34.805381728291394                               1.665968873135748E-4-3.2331701749621633E-4i
15500                                             15500                                             -35.368742875033                                  1.0175028210818171E-4-3.253327765605496E-4i
15650                                             15650                                             -36.14329065547248                                4.094053889530658E-5-3.0909277762569687E-4i
15800                                             15800                                             -37.157085717383836                               -1.0470307739984808E-5-2.772466011853325E-4i
15950                                             15950                                             -38.45364248688899                                -4.8412912609263614E-5-2.3401715966664405E-4i
16100                                             16100                                             -40.10264193695142                                -7.055167996317113E-5-1.846298385289602E-4i
16250                                             16250                                             -42.22257899683753                                -7.648986912484057E-5-1.3463543404435008E-4i
16400                                             16400                                             -45.0361344048097                                 -6.771556211204732E-5-8.921270138639859E-5i
16550                                             16550                                             -49.030770370088554                               -4.7310772835928994E-5-5.2553209874184326E-5i
16700                                             16700                                             -55.49115288151992                                -1.9467203033030067E-5-2.7398541528889098E-5i
16850                                             16850                                             -60.67633518468668                                1.1117435814556043E-5-1.4789119269664752E-5i
17000                                             17000                                             -53.497979108277306                               3.9878651812930155E-5-1.404489616629867E-5i
17150                                             17150                                             -49.4946113944964                                 6.297446573405585E-5-2.297526096517455E-5i
17300                                             17300                                             -47.26405229315115                                7.77500197669534E-5-3.8277810684550495E-5i
17450                                             17450                                             -46.00508836989736                                8.3019413761376E-5-5.606743660302449E-5i
17600                                             17600                                             -45.40889203169569                                7.913108126572643E-5-7.2462420113939E-5i
17750                                             17750                                             -45.34686504670441                                6.78172835965607E-5-8.413650169580844E-5i
17900                                             17900                                             -45.77975441356311                                5.185770067889228E-5-8.877506193794016E-5i
18050                                             18050                                             -46.734487413444256                               3.460184627979146E-5-8.536345304821502E-5i
18200                                             18200                                             -48.31651780176042                                1.9429611428034566E-5-7.427290311912138E-5i
18350                                             18350                                             -50.76976596317771                                9.226566404729741E-6-5.71416497846533E-5i
18500                                             18500                                             -54.64516505883371                                5.949784918524159E-6-3.656772416171794E-5i
18650                                             18650                                             -60.5490716258046                                 1.034319099624259E-5-1.5668863794449095E-5i
18800                                             18800                                             -59.17893401520507                                2.184762894053005E-5+2.4341820877848974E-6i
18950                                             18950                                             -53.647750542758985                               3.870957531798558E-5+1.5117517994878149E-5i
19100                                             19100                                             -50.19625965278739                                5.827163882859976E-5+2.0680372496140187E-5i
19250                                             19250                                             -48.001164854723015                               7.740186581139952E-5+1.8623205445655877E-5i
19400                                             19400                                             -46.60369783666474                                9.299809631957423E-5+9.744362284180852E-6i
19550                                             19550                                             -45.80030007309582                                1.0249211443225104E-4-3.96377659783731E-6i
19700                                             19700                                             -45.506058899484756                               1.0427662881584698E-4-1.9601008170999634E-5i
19850                                             19850                                             -45.708499322278556                               9.799452034331413E-5-3.379591725805042E-5i
20000                                             20000                                             -46.46232671827522                                8.464410170333503E-5-4.322358712149921E-5i
20150                                             20150                                             -47.923886663791976                               6.644343564560229E-5-4.5132335111275346E-5i
20300                                             20300                                             -50.47620863160411                                4.640912883702164E-5-3.782564980536751E-5i
20450                                             20450                                             -55.36918144781899                                2.680088381040724E-5-2.1060404741035654E-5i
20600                                             20600                                             -51.869878147529384                               4.728315420560181E-5+1.9102226440859127E-5i
20750                                             20750                                             -52.842069390322806                               2.4929768753734205E-5+3.817721507259897E-5i
20900                                             20900                                             -48.02048664902823                                3.427082291501682E-5+7.16606495764216E-5i
21050                                             21050                                             -44.56220356962983                                5.745639637094735E-5+1.0338988655755887E-4i
21200                                             21200                                             -42.017045102704806                               9.286107896533391E-5+1.285155756064471E-4i
21350                                             21350                                             -40.06535367358993                                1.3786519127517716E-4+1.4281374518576584E-4i
21500                                             21500                                             -38.53593615814798                                1.8857874622518755E-4+1.4308724457234856E-4i
21650                                             21650                                             -37.330999102696424                               2.4015334221078044E-4+1.275935023078434E-4i
21800                                             21800                                             -36.391108824530555                               2.873112157671387E-4+9.630557848139265E-5i
21950                                             21950                                             -35.67829913041518                                3.2496014115890315E-4+5.100596646812061E-5i
22100                                             22100                                             -35.16798402929765                                3.4880969574369036E-4-4.8654662792024794E-6i
22250                                             22250                                             -34.84453772751041                                3.559078011715622E-4-6.656351648626213E-5i
22400                                             22400                                             -34.698962456649035                               3.450227771482628E-4-1.2856644178038668E-4i
22550                                             22550                                             -34.72763771919365                                3.168245170970807E-4-1.8520283268685933E-4i
22700                                             22700                                             -34.931615343656986                               2.7383797801627807E-4-2.3132526845326407E-4i
22850                                             22850                                             -35.31694204130651                                2.2014979400131196E-4-2.6291219418095313E-4i
23000                                             23000                                             -35.89531959973014                                1.6093175757303513E-4-2.77538583389525E-4i
23150                                             23150                                             -36.685705274444686                               1.0181228729577718E-4-2.7465376032020927E-4i
23300                                             23300                                             -37.717381914675954                               4.820954937934108E-5-2.556056558020714E-4i
23450                                             23450                                             -39.03579234247443                                4.685662537418089E-6-2.2343175604588872E-4i
23600                                             23600                                             -40.71382597874313                                -2.5570984000133912E-5-1.824374771070003E-4i
23750                                             23750                                             -42.87619278596884                                -4.1066641828568784E-5-1.376254028361279E-4i
23900                                             23900                                             -45.76027225697889                                -4.210837674567536E-5-9.404595266770954E-5i
24050                                             24050                                             -49.8959509501953                                 -3.067151399072099E-5-5.618049623934418E-5i
24200                                             24200                                             -56.71495970132496                                -1.0045823939097698E-5-2.7410318430010072E-5i
24350                                             24350                                             -60.72728070077443                                1.5654174813028998E-5-9.657645729799214E-6i
24500                                             24500                                             -53.513360957549935                               4.2080210005956964E-5-3.240663374981523E-6i
24650                                             24650                                             -49.68229079164275                                6.523531984614639E-5-6.9241076816606295E-6i
24800                                             24800                                             -47.53710094379276                                8.198205723430885E-5-1.8208590061186136E-5i
24950                                             24950                                             -46.329693082668754                               9.04138161687551E-5-3.373966519693017E-5i
25100                                             25100                                             -45.77008955854018                                9.004844195914519E-5-4.985037805271819E-5i
25250                                             25250                                             -45.7384732413266                                 8.179839803745814E-5-6.308888589690032E-5i
25400                                             25400                                             -46.20116059436609                                6.776431982874476E-5-7.07160855235589E-5i
25550                                             25550                                             -47.19076003119103                                5.08542242010912E-5-7.107688869800732E-5i
25700                                             25700                                             -48.82161164797282                                3.4307823216228606E-5-6.379518333587963E-5i
25850                                             25850                                             -51.35656281589691                                2.1184740777169253E-5-4.9780303552515726E-5i
26000                                             26000                                             -55.38825300979362                                1.3898209257956484E-5-3.1041535837439405E-5i
26150                                             26150                                             -61.263366327477335                               1.3856892293107048E-5-1.0345165824876545E-5i
26300                                             26300                                             -58.715155355969735                               2.1268359600312703E-5+9.239174823427732E-6i
26450                                             26450                                             -53.34862492478691                                3.513648038377948E-5+2.4810028738220247E-5i
26600                                             26600                                             -49.980169058131054                               5.344319543698628E-5+3.409005131460585E-5i
26750                                             26750                                             -47.770923542291754                               7.3527664399331E-5+3.57298715848442E-5i
26900                                             26900                                             -46.268793528576325                               9.26310885841497E-5+2.93941778445328E-5i
27050                                             27050                                             -45.20162526684726                                1.088178370486359E-4+1.5295928312286655E-5i
27200                                             27200                                             -44.11596384603247                                1.2416671013781855E-4-9.34540710617604E-6i
27350                                             27350                                             -33.643349321915025                               2.6776191534294558E-5-4.149158900814687E-4i
27500                                             27500                                             -48.958757162125465                               7.125353429199288E-5+2.58551753806735E-6i
27650                                             27650                                             -49.21066303263458                                6.780653837873407E-5-1.4125796141017943E-5i
27800                                             27800                                             -51.232362175313675                               5.2387410938270484E-5-1.6350622079053245E-5i
27950                                             27950                                             -55.004358380993594                               3.473410061305415E-5-7.562046579145942E-6i
28100                                             28100                                             -58.88103979147132                                1.9796091279722372E-5+1.1210226513402866E-5i
28250                                             28250                                             -54.00689581764881                                1.1567939953049944E-5+3.8158681352706836E-5i
28400                                             28400                                             -48.92428876814367                                1.3144501047890333E-5+7.036676479132975E-5i
28550                                             28550                                             -45.40886396239857                                2.6415031096571617E-5+1.0399447529163552E-4i
28700                                             28700                                             -42.83362716143539                                5.18125988069329E-5+1.3470649042401917E-4i
28850                                             28850                                             -40.86211202441726                                8.819159848577618E-5+1.5817822148023186E-4i
29000                                             29000                                             -39.31929106073857                                1.3292097179046225E-4+1.7064474164985022E-4i
29150                                             29150                                             -38.105168742934566                               1.8214702682567419E-4+1.6941498296585422E-4i
29300                                             29300                                             -37.159163433793665                               2.312207094241625E-4+1.5321707363480375E-4i
29450                                             29450                                             -36.44248334784668                                2.7523695446995955E-4+1.224226709973797E-4i
29600                                             29600                                             -35.930131583821755                               3.0960601388296816E-4+7.905108867667376E-5i
29750                                             29750                                             -35.6059194089499                                 3.306241531048082E-4+2.6584955999831017E-5i
29900                                             29900                                             -35.460681430457335                               3.3590965831015174E-4-3.041865755115669E-5i
30050                                             30050                                             -35.49072920776851                                3.247111122151036E-4-8.682696348660812E-5i
30200                                             30200                                             -35.6970507056731                                 2.980232889759904E-4-1.375378096376556E-4i
30350                                             30350                                             -36.086000009006476                               2.584638953624929E-4-1.7805000366066803E-4i
30500                                             30500                                             -36.66951803341135                                2.0998066314126262E-4-2.0500962755065633E-4i
30650                                             30650                                             -37.467231486229934                               1.573691335949312E-4-2.1657530580776463E-4i
30800                                             30800                                             -38.50947907032753                                1.0570019202843506E-4-2.1261651730308806E-4i
30950                                             30950                                             -39.84336396168012                                5.971106419527805E-5-1.9468844831760368E-4i
31100                                             31100                                             -41.54467107361101                                2.3252401811335588E-5-1.6579317186027343E-4i
31250                                             31250                                             -43.74408481495118                                -1.1441811425538795E-6-1.299597669702779E-4i
31400                                             31400                                             -46.692134546730195                               -1.2513588195650627E-5-9.171019925935386E-5i
31550                                             31550                                             -50.95602226171287                                -1.1496857556969609E-5-5.5474975610647626E-5i
31700                                             31700                                             -58.04654787116047                                -1.723749827875487E-7-2.504334374364703E-5i
31850                                             31850                                             -60.64843892208357                                1.8297370404207758E-5-3.118902628496123E-6i
32000                                             32000                                             -53.73757031214181                                4.0141677884131255E-5+8.959144871312219E-6i
32150                                             32150                                             -50.09594260710084                                6.15204617595011E-5+1.1306427715518375E-5i
32300                                             32300                                             -48.04299273398274                                7.904551011528316E-5+5.378798703881138E-6i
32450                                             32450                                             -46.89378869766721                                9.021504259770774E-5-6.3155871844466915E-6i
32600                                             32600                                             -46.37924650285165                                9.371011663078521E-5-2.0634404325203803E-5i
32750                                             32750                                             -46.38856218616564                                8.950672142354898E-5-3.42955193751715E-5i
32900                                             32900                                             -46.89367322991031                                7.880895377010422E-5-4.43622227802587E-5i
33050                                             33050                                             -47.93259829472913                                6.379950430052128E-5-4.866572181361217E-5i
33200                                             33200                                             -49.62696117850577                                4.726221702361366E-5-4.609828676438443E-5i
33350                                             33350                                             -52.25147424641831                                3.212451074591227E-5-3.674038257983625E-5i
33500                                             33500                                             -56.400341774351965                               2.0993535003233088E-5-2.1807027279052704E-5i
33650                                             33650                                             -61.87439118880742                                1.57502481579197E-5-3.4232661745292603E-6i
33800                                             33800                                             -58.6520681734133                                 1.726249552902459E-5+1.573466335524909E-5i
33950                                             33950                                             -53.668333775783665                               2.5254890120618434E-5+3.287849671540499E-5i
34100                                             34100                                             -50.52176508628616                                3.835948204472528E-5+4.5560204399164306E-5i
34250                                             34250                                             -48.48971811537743                                5.4331416506847585E-5+5.2073408646324815E-5i
34400                                             34400                                             -47.193379446060405                               7.040253035583977E-5+5.173929344048922E-5i
34550                                             34550                                             -46.45983981070267                                8.372159101832644E-5+4.5041887627883526E-5i
34700                                             34700                                             -46.21754324414034                                9.180886114934506E-5+3.358247620965926E-5i
34850                                             34850                                             -46.45974323691689                                9.297094362886726E-5+1.986658163455335E-5i
35000                                             35000                                             -47.241855292625175                               8.66055078129202E-5+6.94448886140453E-6i
35150                                             35150                                             -48.70938289644818                                7.334886031018506E-5-2.0374280265134104E-6i
35300                                             35300                                             -51.17879085323427                                5.505003894784588E-5-4.319498937310762E-6i
35450                                             35450                                             -55.2340733536326                                 3.456045915173345E-5+2.0285470959668928E-6i
35600                                             35600                                             -58.60060759057649                                1.53718950189341E-5+1.7770236545033846E-5i
35750                                             35750                                             -53.487754616433406                               1.1478440853363026E-6+4.231384896946633E-5i
35900                                             35900                                             -48.651333816730954                               -4.788824923496193E-6+7.371379505927145E-5i
36050                                             36050                                             -45.283683730596536                               5.921414469867159E-8+1.08854338978559E-4i
36200                                             36200                                             -42.80505294254088                                1.6974609718445333E-5+1.4380455853435503E-4i
36350                                             36350                                             -40.90549320186044                                4.577734897415198E-5+1.7428871566249615E-4i
36500                                             36500                                             -39.422609029969855                               8.476110495087008E-5+1.9622240773831123E-4i
36650                                             36650                                             -38.265116704090175                               1.3079692348755279E-4+2.062368354845967E-4i
36800                                             36800                                             -37.381361784896335                               1.7957121549672106E-4+2.0212684595033448E-4i
36950                                             36950                                             -36.75130694535662                                2.2573962994049124E-4+1.8318226976976604E-4i
37100                                             37100                                             -36.42584699686789                                2.616458843985314E-4+1.5044066541114454E-4i
37250                                             37250                                             -38.08632088084326                                2.210420274277869E-4+1.15275881647392E-4i
37400                                             37400                                             -35.11902471170589                                3.468959159339535E-4+5.229465527134547E-5i
37550                                             37550                                             -35.44617948013413                                3.3782904007090275E-4-3.5548527378415073E-6i
37700                                             37700                                             -35.74843606158537                                3.2116246409108484E-4-5.7636855519849206E-5i
37850                                             37850                                             -36.189215042211984                               2.917620345709304E-4-1.051989146538812E-4i
38000                                             38000                                             -36.807750793831204                               2.5142204903066956E-4-1.4216111278086974E-4i
38150                                             38150                                             -37.632653068898726                               2.038402215945867E-4-1.6565180535532686E-4i
38300                                             38300                                             -38.69859338799245                                1.535843619141497E-4-1.7432107798553975E-4i
38450                                             38450                                             -40.055711191282406                               1.0540079143234182E-4-1.6846611303944492E-4i
38600                                             38600                                             -41.78324391774225                                6.359982831005695E-5-1.4994986168193059E-4i
38750                                             38750                                             -44.01741589589618                                3.1541480889185625E-5-1.219249390683741E-4i
38900                                             38900                                             -47.02139832363691                                1.1264391042709043E-5-8.840212484262366E-5i
39050                                             39050                                             -51.400671182495344                               3.2973757869148024E-6-5.3725444201124795E-5i
39200                                             39200                                             -58.77941400287426                                6.689473173948635E-6-2.2024056060443442E-5i
39350                                             39350                                             -60.19788808771304                                1.9277011620355555E-5+3.2526392813592153E-6i
39500                                             39500                                             -53.349672056790716                               3.831685739991153E-5+1.9531569076747246E-5i
39650                                             39650                                             -49.338534184563116                               6.429509869965155E-5+2.2895770634967505E-5i
39800                                             39800                                             -48.80075013869985                                6.343629226590597E-5+3.53263792163272E-5i
39950                                             39950                                             -47.23668983883464                                8.395777649816694E-5+2.2556937059436954E-5i
40100                                             40100                                             -46.65954285289045                                9.247885609736661E-5+8.918933424029163E-6i
40250                                             40250                                             -46.65713530981388                                9.276390002549428E-5-5.615293945937516E-6i
40400                                             40400                                             -47.169695568397245                               8.567708800116813E-5-1.8293429210780587E-5i
40550                                             40550                                             -48.22964094623876                                7.284794630096902E-5-2.6575208273760254E-5i
40700                                             40700                                             -49.96139173317127                                5.667099706141432E-5-2.8707423244789254E-5i
40850                                             40850                                             -52.64887087475921                                3.99665531710669E-5-2.40050200409625E-5i
41000                                             41000                                             -56.88449269949706                                2.554094975498744E-5-1.293353933096153E-5i
41150                                             41150                                             -61.92094098282149                                1.5750724755125844E-5+2.9889901922430795E-6i
41300                                             41300                                             -58.18519838708603                                1.2134978308153688E-5+2.1453058691944804E-5i
41450                                             41450                                             -53.44460451694872                                1.517777168158485E-5+3.974048166865973E-5i
41600                                             41600                                             -50.42118787365073                                2.423330859308015E-5+5.5163718058914846E-5i
41750                                             41750                                             -48.456591072538785                               3.7625497717796996E-5+6.550748115830007E-5i
41900                                             41900                                             -47.20425144152812                                5.290443674366152E-5+6.939384583948272E-5i
42050                                             42050                                             -46.5040308656699                                 6.723390895557735E-5+6.65295310379177E-5i
42200                                             42200                                             -46.29067211185007                                7.783381701120806E-5+5.7783854264470413E-5i
42350                                             42350                                             -46.56152697045428                                8.243388961554077E-5+4.509509952432822E-5i
42500                                             42500                                             -47.37601695357273                                7.965662749720437E-5+3.120788460075907E-5i
42650                                             42650                                             -48.88427886507693                                6.927906018366903E-5+1.9289823669499384E-5i
42800                                             42800                                             -51.40489085536519                                5.233884451372184E-5+1.2455027330493529E-5i
42950                                             42950                                             -55.45002872290236                                3.10417329190682E-5+1.3297014029634013E-5i
43100                                             43100                                             -58.07880419034916                                8.506496252835838E-6+2.3456282077449764E-5i
43250                                             43250                                             -52.98243175311792                                -1.163784453594996E-5+4.332938519369112E-5i
43400                                             43400                                             -48.357741594511836                               -2.5762165070886134E-5+7.193471425126496E-5i
43550                                             43550                                             -45.090011893578634                               -3.0786526229675815E-5+1.0696650442676425E-4i
43700                                             43700                                             -42.664340470613844                               -2.4786619224226314E-5+1.4506551024695558E-4i
43850                                             43850                                             -40.793999909794714                               -8.02917603426323E-6+1.823515302898926E-4i
44000                                             44000                                             -39.28538882771342                                7.551095121016704E-6+2.1701903128223954E-4i
44150                                             44150                                             -38.085373423040416                               9.646419243175552E-5+2.2990503709408028E-4i
44300                                             44300                                             -37.259053264301684                               1.3030355022775053E-4+2.4126758266362902E-4i
44450                                             44450                                             -36.59405670805685                                1.7835542082000888E-4+2.3626182152314268E-4i
44600                                             44600                                             -36.12295934750017                                2.2582141792343302E-4+2.1604474628400538E-4i
44750                                             44750                                             -35.835039797185814                               2.668853731401799E-4+1.8203700215657648E-4i
44900                                             44900                                             -35.722794076645265                               2.9719603272293504E-4+1.3701214004402384E-4i
45050                                             45050                                             -35.783490641583285                               3.136933306780443E-4+8.489950105050603E-5i
45200                                             45200                                             -36.01921049444453                                3.148159657718197E-4+3.0379357535914586E-5i
45350                                             45350                                             -36.43687395244305                                3.006516498196832E-4-2.1646175762168873E-5i
45500                                             45500                                             -37.04970904562008                                2.7288308521999927E-4-6.661093828319586E-5i
45650                                             45650                                             -37.87866272456092                                2.345909486261566E-4-1.0079185914346755E-4i
45800                                             45800                                             -38.95603750532911                                1.898659099808242E-4-1.2173862317699236E-4i
45950                                             45950                                             -40.332347939371914                               1.4330335900364366E-4-1.2851965864479897E-4i
46100                                             46100                                             -42.08939822649971                                9.945706115455089E-5-1.2178823674402484E-4i
46250                                             46250                                             -44.36941050270181                                6.229883078034959E-5-1.0365631900122185E-4i
46400                                             46400                                             -47.45005562912486                                3.4758140692869866E-5-7.737740722690845E-5i
46550                                             46550                                             -51.975186172670476                               1.8406473103527166E-5-4.6898747727786017E-5i
46700                                             46700                                             -59.54093478309784                                1.3341716812387272E-5-1.6327754814193796E-5i
46850                                             46850                                             -59.53621613071792                                1.8245977996489415E-5+1.059077868970082E-5i
47000                                             47000                                             -53.241436293483055                               3.064315594547562E-5+3.094087386479316E-5i
47150                                             47150                                             -49.91061733468989                                4.729019936183798E-5+4.297458002400223E-5i
47300                                             47300                                             -48.01062037525284                                6.467745136395919E-5+4.6270033526418786E-5i
47450                                             47450                                             -46.95673563875745                                7.950638843590152E-5+4.170956619398147E-5i
47600                                             47600                                             -46.51316076552837                                8.915986223290151E-5+3.12779140799746E-5i
47750                                             47750                                             -46.58382902204936                                9.203230138143947E-5+1.771291353247495E-5i
47900                                             47900                                             -47.15039809118228                                8.770930176815739E-5+4.058488737190835E-6i
48050                                             48050                                             -48.259868688470604                               7.697400773754026E-5-6.808841016447964E-6i
48200                                             48200                                             -50.047163475851974                               6.162891098732137E-5-1.2596554392896309E-5i
48350                                             48350                                             -52.80793628714113                                4.418721609833476E-5-1.1953541305342874E-5i
48500                                             48500                                             -57.13026736013177                                2.7442101892982684E-5-4.631646227881703E-6i
48650                                             48650                                             -61.72646141145377                                1.4030803722087093E-5+8.48097911188006E-6i
48800                                             48800                                             -57.64380330468938                                5.994195955538739E-6+2.553848356789956E-5i
48950                                             48950                                             -53.1013098022445                                 4.463300267321113E-6+4.402957485161174E-5i
49100                                             49100                                             -50.18357121463487                                9.467683429131846E-6+6.119486190259149E-5i
49250                                             49250                                             -48.28027405543695                                1.9920561254438418E-5+7.447508810842773E-5i
49400                                             49400                                             -47.069361016313316                               3.37802981706381E-5+8.193587819682602E-5i
49550                                             49550                                             -46.40154373425638                                4.835643900175102E-5+8.259460496007343E-5i
49700                                             49700                                             -46.21660280993816                                6.073031392600514E-5+7.661950348192281E-5i
49850                                             49850                                             -46.51531528307604                                6.821062987566462E-5+6.535037086818907E-5i
50000                                             50000                                             -47.360381416944286                               6.878382954295104E-5+5.113015766555762E-5i
50150                                             50150                                             -48.90513086813408                                6.1460993919904E-5+3.70062176076047E-5i
50300                                             50300                                             -51.46731392856722                                4.649888063934515E-5+2.6287455895501743E-5i
50450                                             50450                                             -55.474895770700705                               2.5441994494057596E-5+2.205886629458309E-5i
50600                                             50600                                             -57.48706268553729                                9.698779512290479E-7+2.6692568359742985E-5i
50750                                             50750                                             -52.46273636701153                                -2.341202742295323E-5+4.1480422716344556E-5i
50900                                             50900                                             -48.01144686845149                                -4.383203395774693E-5+6.63448423932067E-5i
51050                                             51050                                             -44.8304391579289                                 -5.655628387124523E-5+9.97703458942567E-5i
51200                                             51200                                             -42.45540907118993                                -5.8519657360589505E-5+1.3892891949884856E-4i
51350                                             51350                                             -40.62024139645975                                -4.777260022170715E-5+1.7998423874843184E-4i
51500                                             51500                                             -39.179379440722016                               -2.379598196722288E-5+2.185250751625123E-4i
51650                                             51650                                             -38.04733143626373                                1.2377013474673682E-5+2.5011072023950476E-4i
51800                                             51800                                             -37.170695347141965                               5.8210563603944276E-5+2.708246536123893E-4i
51950                                             51950                                             -36.51488945835346                                1.0993772284062509E-4+2.777697911339194E-4i
52100                                             52100                                             -36.057444373411805                               1.629692820337425E-4+2.694368694381444E-4i
52250                                             52250                                             -35.78411018169885                                2.1241340334865466E-4+2.4592054043803824E-4i
52400                                             52400                                             -35.68672179140329                                2.536635516543484E-4+2.0891592706495654E-4i
52550                                             52550                                             -35.762504980294196                               2.82886282838124E-4+1.6154982142246865E-4i
52700                                             52700                                             -36.013092242466215                               2.9750735016104146E-4+1.0799257667237772E-4i
52850                                             52850                                             -36.44509656771969                                2.964529177135744E-4+5.2950676516450024E-5i
53000                                             53000                                             -37.06876557453518                                2.802781933971543E-4+9.332389998562007E-7i
53150                                             53150                                             -37.891288005657174                               2.509021290784119E-4-4.5285658615723534E-5i
53300                                             53300                                             -38.57395664904982                                2.0591947443415748E-4-1.1465010070965675E-4i
53450                                             53450                                             -40.627750406994004                               1.712625515170596E-4-7.270338065767934E-5i
53600                                             53600                                             -42.532908621729284                               1.2688823452483566E-4-7.88874366310921E-5i
53750                                             53750                                             -44.347868126049775                               8.541819424850994E-5-8.603625732284126E-5i
53900                                             53900                                             -47.665021397377274                               5.2373452573528656E-5-6.406971541306206E-5i
54050                                             54050                                             -52.36554830633618                                2.9262922641992706E-5-3.825928793588229E-5i
54200                                             54200                                             -60.046357941585704                               1.717055019845315E-5-1.0046152944642728E-5i
54350                                             54350                                             -58.79284285470386                                1.571998427790655E-5+1.6764680063618975E-5i
54500                                             54500                                             -52.94103051204687                                2.3225708622343078E-5+3.863576029650151E-5i
54650                                             54650                                             -49.850383412789824                               3.6980571198663714E-5+5.2655868528317384E-5i
54800                                             54800                                             -48.24620709768956                                5.370280274202832E-5+5.5733121418266585E-5i
54950                                             54950                                             -50.87820068975311                                5.4689405695251825E-5+1.663586282785179E-5i
55100                                             55100                                             -45.905468337184715                               7.555783447116271E-5+6.752524762021483E-5i
55250                                             55250                                             -46.25830117607866                                8.466115339123004E-5+4.795696524095838E-5i
55400                                             55400                                             -46.93898135117934                                8.438613245831394E-5+3.1192236267241213E-5i
55550                                             55550                                             -48.12431215246525                                7.670109368751454E-5+1.666205268924248E-5i
55700                                             55700                                             -49.977687224557386                               6.307904095376182E-5+6.452774642062842E-6i
55850                                             55850                                             -52.802281742054404                               4.573726636170061E-5+2.495932886037444E-6i
56000                                             56000                                             -57.294623648521664                               2.7187091057201407E-5+2.5728533379343332E-6i
56150                                             56150                                             -61.332460313085384                               1.0666645728185653E-5+1.3436470081895635E-5i
56300                                             56300                                             -57.01902962258742                                -1.6238217021014023E-6+2.8142116075602353E-5i
56450                                             56450                                             -52.66853518658732                                -7.881360514327973E-6+4.5843550540825007E-5i
56600                                             56600                                             -49.85305416102959                                -7.376029450889554E-6+6.390032894432185E-5i
56750                                             56750                                             -48.01054023493177                                -5.261439326442741E-7+7.952313241732512E-5i
56900                                             56900                                             -46.8416148510253                                 1.1146092289915366E-5+9.029535760574081E-5i
57050                                             57050                                             -46.206661779431855                               2.524615516097395E-5+9.456878992553097E-5i
57200                                             57200                                             -46.051007159285234                               3.8847823616294797E-5+9.176642013708491E-5i
57350                                             57350                                             -46.37820127608501                                4.8969941221888025E-5+8.253196763896575E-5i
57500                                             57500                                             -47.25475772279054                                5.3031427326211134E-5+6.865868041705525E-5i
57650                                             57650                                             -48.83615730827489                                4.929298011091543E-5+5.291040138999392E-5i
57800                                             57800                                             -51.438624669304936                               3.716871022041435E-5+3.860794657306599E-5i
57950                                             57950                                             -55.39606600945321                                1.740853961834654E-5+2.918220014802575E-5i
58100                                             58100                                             -56.83895509472727                                -7.943568100410303E-6+2.766144461774367E-5i
58250                                             58250                                             -51.89085890688035                                -3.574950349155559E-5+3.619435826951456E-5i
58400                                             58400                                             -47.59267728866004                                -6.215149516730634E-5+5.5678769646960724E-5i
58550                                             58550                                             -44.49080271825732                                -8.308359802672305E-5+8.555547576083455E-5i
58700                                             58700                                             -42.162424634949                                  -9.479737982220904E-5+1.2379531462813897E-4i
58850                                             58850                                             -40.35909229478052                                -9.439969544866589E-5+1.6707595992304647E-4i
59000                                             59000                                             -38.94246779673645                                -8.027684575329097E-5+2.1114965341095804E-4i
59150                                             59150                                             -37.83041269529562                                -5.2339218310604174E-5+2.513579865736082E-4i
59300                                             59300                                             -36.97174105882458                                -1.212808385758768E-5+2.831685209279122E-4i
59450                                             59450                                             -36.33354432460016                                3.7384777213822495E-5+3.027376100136481E-4i
59600                                             59600                                             -35.896218154070276                               9.219301289259407E-5+3.072553513464582E-4i
59750                                             59750                                             -35.66955509402319                                1.4934665777188716E-4+2.934524617468348E-4i
59900                                             59900                                             -35.509405712657525                               1.9283191033048208E-4+2.7442171892178013E-4i
60050                                             60050                                             -35.61986451035823                                2.3482102303568064E-4+2.3350690631551707E-4i
60200                                             60200                                             -35.89086223944192                                2.6268239402044147E-4+1.844731641186259E-4i
60350                                             60350                                             -36.3429653683542                                 2.752645561639455E-4+1.306731759749269E-4i
60500                                             60500                                             -36.99142717121352                                2.7213098970935157E-4+7.689548682687786E-5i
60650                                             60650                                             -37.85887205807968                                2.5438529129556686E-4+2.7888906060091756E-5i
60800                                             60800                                             -38.980076399600435                               2.245849170462999E-4-1.2254753755325254E-5i
60950                                             60950                                             -40.4086013937806                                 1.8644750641000352E-4-4.0565765380806695E-5i
61100                                             61100                                             -42.232671195205114                               1.4435829619885432E-4-5.551961956273832E-5i
61250                                             61250                                             -44.607452990387074                               1.0285488454048197E-4-5.715387607907463E-5i
61400                                             61400                                             -47.841445277027674                               6.606979113626954E-5-4.7011499145654945E-5i
61550                                             61550                                             -52.66781600500204                                3.724881579192374E-5-2.786810063482026E-5i
61700                                             61700                                             -60.58284656329887                                1.8402157887398296E-5-3.3353813422287715E-6i
61850                                             61850                                             -58.13329972047765                                1.0116884605393395E-5+2.2637208541009812E-5i
62000                                             62000                                             -52.44678803534818                                1.1550282924543964E-5+4.629995857652336E-5i
62150                                             62150                                             -49.39616877768357                                2.0650922679388284E-5+6.457714100083223E-5i
62300                                             62300                                             -47.64398703398393                                3.448673047568018E-5+7.544414879312455E-5i
62450                                             62450                                             -46.68625559178301                                4.9721347788023174E-5+7.814565509978166E-5i
62600                                             62600                                             -46.31669225636416                                6.309387945235834E-5+7.32127469533772E-5i
62750                                             62750                                             -46.452672463007715                               7.189167609783498E-5+6.232649188653294E-5i
62900                                             62900                                             -47.08439981462326                                7.431935720730865E-5+4.800081121036914E-5i
63050                                             63050                                             -48.26746959583218                                6.971929149657274E-5+3.316831022326383E-5i
63200                                             63200                                             -50.14689652758825                                5.863125012889325E-5+2.072057852919862E-5i
63350                                             63350                                             -53.033678744282405                               4.265293776156698E-5+1.3038002042442542E-5i
63500                                             63500                                             -57.448142557372776                               2.4167386284745795E-5+1.1653051836035822E-5i
63650                                             63650                                             -60.90280595694428                                5.941410881227238E-6+1.701827971944958E-5i
63800                                             63800                                             -56.49809712250391                                -9.327591458219153E-6+2.8440761955295102E-5i
63950                                             63950                                             -52.342726546703545                               -1.944580801938045E-5+4.420606582089537E-5i
64100                                             64100                                             -49.62622642537659                                -2.3090639615919173E-5+6.185732822761025E-5i
64250                                             64250                                             -47.84020466702536                                -2.002138245216223E-5+7.858957419459855E-5i
64400                                             64400                                             -46.70956065868228                                -1.116105068099671E-5+9.169773048967045E-5i
64550                                             64550                                             -46.1039226164009                                 1.5344477712897486E-6+9.903341157968537E-5i
64700                                             64700                                             -45.9732714261155                                 1.5356733597982064E-5+9.936671763710603E-5i
64850                                             64850                                             -46.324832330989935                               2.7247942144037474E-5+9.2633698272504E-5i
65000                                             65000                                             -47.22630212441282                                3.429190659987036E-5+7.999929647184434E-5i
65150                                             65150                                             -48.83535014714967                                3.414514500427179E-5+6.37525648370385E-5i
65300                                             65300                                             -51.459057575681506                               2.548273413144342E-5+4.7002508646643015E-5i
65450                                             65450                                             -55.317077253738276                               8.248970601310024E-6+3.3283710898945884E-5i
65600                                             65600                                             -56.28421527316944                                -1.624608532246885E-5+2.602250068939327E-5i
65750                                             65750                                             -51.47408828902297                                -4.541427525295294E-5+2.8040555842268056E-5i
65900                                             65900                                             -47.31895108625258                                -7.567572090005914E-5+4.109869396662358E-5i
66050                                             66050                                             -44.293566065243446                               -1.0288378142053745E-4+6.556195319351588E-5i
66200                                             66200                                             -42.015569373910736                               -1.228673800298674E-4+1.0025758770904059E-4i
66350                                             66350                                             -40.2540689062554                                 -1.3198040033868264E-4+1.4250700302087527E-4i
66500                                             66500                                             -38.881369759647825                               -1.275888980454276E-4+1.883416624508527E-4i
66650                                             66650                                             -37.828727490705134                               -1.0841523396420971E-4+2.3279165019540748E-4i
66800                                             66800                                             -37.086057959130784                               -7.446800092125727E-5+2.696276776176232E-4i
66950                                             66950                                             -36.97197319293085                                -2.4538237280047337E-5+2.823563048723887E-4i
67100                                             67100                                             -35.01297911696148                                5.489540085001909E-6+3.550823994561414E-4i
67250                                             67250                                             -35.276833518907466                               7.241607389268934E-5+3.368021181470171E-4i
67400                                             67400                                             -35.31659376390618                                1.3011146205882396E-4+3.172840862066817E-4i
67550                                             67550                                             -35.492219664450644                               1.8259429172134967E-4+2.8212902530233563E-4i
67700                                             67700                                             -35.504085055051114                               1.9247059923588328E-4+2.749261620703658E-4i
67850                                             67850                                             -36.18865524292217                                2.368494012837119E-4+2.0026646590975972E-4i
68000                                             68000                                             -36.87909464547413                                2.4767914428625026E-4+1.4393968976755822E-4i
68150                                             68150                                             -37.77695451785746                                2.4196851896579608E-4+9.04870537454805E-5i
68300                                             68300                                             -38.925499351476056                               2.221108336014077E-4+4.353264076539798E-5i
68450                                             68450                                             -40.380084572233216                               1.9132282313744087E-4+6.609332691476233E-6i
68600                                             68600                                             -42.222224976312276                               1.5382509603628636E-4-1.7809958888448385E-5i
68750                                             68750                                             -44.17248745772932                                1.2112716901768739E-4-2.514817145604642E-5i
68900                                             68900                                             -48.081455017342236                               7.344209909732058E-5-2.8775610756759384E-5i
69050                                             69050                                             -53.04943899579111                                4.134857832388539E-5-1.650308611833573E-5i
69200                                             69200                                             -61.050181609214604                               1.7445743406063752E-5+3.1188389871816824E-6i
69350                                             69350                                             -57.483989368480486                               3.4382435333824013E-6+2.64974979143906E-5i
69500                                             69500                                             -52.07448715748406                                -6.435918069591651E-7+4.980459124115377E-5i
69650                                             69650                                             -49.156768630452234                               3.7617888281049616E-6+6.959178816512424E-5i
69800                                             69800                                             -47.49414031260799                                1.3222772486998213E-5+8.335394249070482E-5i
69950                                             69950                                             -46.49195192968957                                3.279721451682205E-5+8.885852398465843E-5i
70100                                             70100                                             -46.204111362018175                               4.484459032721988E-5+8.703571118617859E-5i
70250                                             70250                                             -46.38102993584346                                5.541479313386777E-5+7.831210039943581E-5i
70400                                             70400                                             -47.04962298734916                                6.074893000412862E-5+6.480697018484971E-5i
70550                                             70550                                             -48.27230711463016                                5.940763785994285E-5+4.924442024778486E-5i
70700                                             70700                                             -50.200763477791256                               5.1230329494722504E-5+3.456518772781969E-5i
70850                                             70850                                             -53.15001282588814                                3.723645931524855E-5+2.3454847013826274E-5i
71000                                             71000                                             -57.57972269958266                                1.9400870186703223E-5+1.794379244846045E-5i
71150                                             71150                                             -60.403099198787814                               3.256165663212407E-7+1.909026118007695E-5i
71300                                             71300                                             -55.961643616842316                               -1.7178274030138496E-5+2.6806242771515443E-5i
71450                                             71450                                             -52.05215265889335                                -3.0203061475053694E-5+3.976780185321882E-5i
71600                                             71600                                             -49.32976941008895                                -3.843581387219519E-5+5.648162971427784E-5i
71750                                             71750                                             -47.610721835871615                               -3.914097225721225E-5+7.349862368288829E-5i
71900                                             71900                                             -46.52157291848888                                -3.34090346393312E-5+8.82856116620756E-5i
72050                                             72050                                             -45.94601684667647                                -2.2635184846686585E-5+9.828970123060277E-5i
72200                                             72200                                             -45.83982715232435                                -9.1832903306166E-6+1.0168921419173582E-4i
72350                                             72350                                             -46.21451850175545                                3.9650352357534224E-6+9.771175186856773E-5i
72500                                             72500                                             -47.13813265984781                                1.3678069702538487E-5+8.685681984055282E-5i
72650                                             72650                                             -48.76978768373037                                1.713919463441904E-5+7.082432786276183E-5i
72800                                             72800                                             -51.4032067977972                                 1.2326870241996524E-5+5.23798933546038E-5i
72950                                             72950                                             -55.13674351659786                                -1.621372178961522E-6+3.497249282857773E-5i
73100                                             73100                                             -55.6730697827392                                 -2.422069933005755E-5+2.228605785759008E-5i
73250                                             73250                                             -50.990805623748756                               -5.357725283350323E-5+1.770662812472512E-5i
73400                                             73400                                             -46.955879993764114                               -8.657589131200183E-5+2.381505993276356E-5i
73550                                             73550                                             -43.985738334890875                               -1.1923081441578276E-4+4.196044513438135E-5i
73700                                             73700                                             -41.73228793776815                                -1.471703061797225E-4+7.199937508861609E-5i
73850                                             73850                                             -39.97747783759514                                -1.6618812564639374E-4+1.1220286307411786E-4i
74000                                             74000                                             -38.595049573508895                               -1.728231634260391E-4+1.5940671073988444E-4i
74150                                             74150                                             -37.50864811048057                                -1.6483682730650262E-4+2.0932867484979578E-4i
74300                                             74300                                             -36.66979940344914                                -1.4154856267145632E-4+2.570588479031688E-4i
74450                                             74450                                             -36.046433691037095                               -1.0396554071034902E-4+2.9765430843109453E-4i
74600                                             74600                                             -35.61729880625413                                -5.46927055816715E-5+3.26710733580593E-4i
74750                                             74750                                             -35.36736010600575                                2.3816367125673032E-6+3.409191470016282E-4i
74900                                             74900                                             -35.28562777860539                                6.265417320566735E-5+3.3839936663826453E-4i
75050                                             75050                                             -35.35268015778281                                1.215598871887047E-4+3.1913677230244186E-4i
75200                                             75200                                             -35.596516656471955                               1.769618530270134E-4+2.8096627816387443E-4i
75350                                             75350                                             -35.80820726067535                                2.3716164877407575E-4+2.208312329433637E-4i
75500                                             75500                                             -39.37146610497075                                -9.850523151944124E-6+2.1478325855572855E-4i
75650                                             75650                                             -38.25701748338047                                1.8559228583386878E-4+1.590858289052255E-4i
75800                                             75800                                             -39.25499615869961                                1.923615757944419E-4+1.0238385712646458E-4i
75950                                             75950                                             -40.68020290905579                                1.7612292923158135E-4+5.6407307597261536E-5i
76100                                             76100                                             -42.54971949084292                                1.4748415423782024E-4+2.2046106498696538E-5i
76250                                             76250                                             -45.017197839063236                               1.1224406115406538E-4+6.249734326724266E-7i
76400                                             76400                                             -48.4252304862501                                 7.542769165758134E-5-7.676618255292311E-6i
76550                                             76550                                             -53.62466283910373                                4.146805330190739E-5-4.071411457862162E-6i
76700                                             76700                                             -61.63908696052686                                1.3910685323748062E-5+8.985865341815114E-6i
76850                                             76850                                             -56.9040868407351                                 -4.8883257426912685E-6+2.8143050230022837E-5i
77000                                             77000                                             -51.77569450429539                                -1.4002018035363939E-5+4.961400161429541E-5i
77150                                             77150                                             -48.985903555852005                               -1.3896611055386199E-5+6.970622221891265E-5i
77300                                             77300                                             -47.37918635594384                                -6.298367082324674E-6+8.528834347143466E-5i
77450                                             77450                                             -46.52084704956718                                6.1340122596287294E-6+9.42039071426537E-5i
77600                                             77600                                             -46.22979700638492                                2.0249204429390044E-5+9.549708380818256E-5i
77750                                             77750                                             -46.43738016399937                                3.287923879907728E-5+8.946448348201574E-5i
77900                                             77900                                             -47.141492247176096                               4.131795329986865E-5+7.757606036584708E-5i
78050                                             78050                                             -48.40553010227859                                4.369904241247058E-5+6.216747734699712E-5i
78200                                             78200                                             -50.386611766935765                               3.923474381600789E-5+4.604282365039403E-5i
78350                                             78350                                             -53.40137406578879                                2.8313173540683856E-5+3.203339789759063E-5i
78500                                             78500                                             -57.81288023060745                                1.239077259634902E-5+2.2546344368934434E-5i
78650                                             78650                                             -59.919182880209235                               -6.25792586417262E-6+1.9192487723196372E-5i
78800                                             78800                                             -55.49455533144553                                -2.4926129906011063E-5+2.2526771812136914E-5i
78950                                             78950                                             -51.7123055470707                                 -4.0911933294751623E-5+3.1982711787614804E-5i
79100                                             79100                                             -49.19950695189442                                -5.195277884639804E-5+4.5940314592041176E-5i
79250                                             79250                                             -47.540354589120625                               -5.661023116904085E-5+6.1988793299661E-5i
79400                                             79400                                             -46.50360618533722                                -5.4530704528654717E-5+7.729071206985516E-5i
79550                                             79550                                             -45.98307597958366                                -4.6510006244726565E-5+8.90145814602672E-5i
79700                                             79700                                             -45.95269325197674                                -3.447334287798309E-5+9.470574602010728E-5i
79850                                             79850                                             -46.522814767688125                               -2.1305710144470247E-5+9.19458099806203E-5i
80000                                             80000                                             -46.19867323455036                                -9.28057871796284E-6+9.753017147073884E-5i
80150                                             80150                                             -48.6459259828849                                 -2.047944362204568E-6+7.388681350173343E-5i
80300                                             80300                                             -51.37063891001473                                -2.724143174981375E-6+5.394422917737174E-5i
80450                                             80450                                             -54.963900745997655                               -1.2444487921925429E-5+3.34754200429499E-5i
80600                                             80600                                             -55.06324529118464                                -3.1599735842435805E-5+1.5750575642847764E-5i
80750                                             80750                                             -50.556288932582525                               -5.916114540982509E-5+4.3651736728600454E-6i
80900                                             80900                                             -46.67342196813956                                -9.272601021936833E-5+2.4963197151617322E-6i
81050                                             81050                                             -43.78436892189234                                -1.2877229772173537E-4+1.2352913645208297E-5i
81200                                             81200                                             -41.58046427086159                                -1.6305531800953066E-4+3.479891008106861E-5i
81350                                             81350                                             -39.859650195911286                               -1.9113455005609348E-4+6.914743310648674E-5i
81500                                             81500                                             -38.503178558874595                               -2.089458150416057E-4+1.1314508559223668E-4i
81650                                             81650                                             -37.43814984872743                                -2.1335883567030756E-4+1.6318531731263075E-4i
81800                                             81800                                             -36.61842321474434                                -2.026037481350773E-4+2.1468987904960102E-4i
81950                                             81950                                             -36.01133261381487                                -1.766160411552642E-4+2.6271731822569144E-4i
82100                                             82100                                             -35.58442111557672                                -1.37336195089377E-4+3.028263906230677E-4i
82250                                             82250                                             -35.716269756710346                               -7.621524450174277E-5+3.1851225520929116E-4i
82400                                             82400                                             -35.63582290024986                                -1.756137679281844E-5+3.300844596321184E-4i
82550                                             82550                                             -35.39352845798095                                2.3007186674806057E-5+3.3912233873412134E-4i
82700                                             82700                                             -35.74749908112257                                7.860078069255039E-5+3.1672105281022045E-4i
82850                                             82850                                             -36.25353189473634                                1.2364987722074394E-4+2.8193713266277953E-4i
83000                                             83000                                             -36.956127880996426                               1.5592730700408897E-4+2.3729200044053655E-4i
83150                                             83150                                             -37.88336293429282                                1.7345158225279267E-4+1.8717890910469048E-4i
83300                                             83300                                             -39.07429992907361                                1.7571474832017708E-4+1.3648133168486787E-4i
83450                                             83450                                             -40.58900930209813                                1.6384096611576915E-4+8.990527814078941E-5i
83600                                             83600                                             -42.526906223450354                               1.4039332398729787E-4+5.14241334295118E-5i
83750                                             83750                                             -45.07127724252867                                1.0898078802651368E-4+2.3799015839931492E-5i
83900                                             83900                                             -48.50920018311044                                7.453694750336748E-5+9.079477454876361E-6i
84050                                             84050                                             -53.93610260893749                                3.982610971786649E-5+5.469199620633525E-6i
84200                                             84200                                             -61.902608033899625                               9.916075528637602E-6+1.2640335931290991E-5i
84350                                             84350                                             -56.401918644155124                               -1.2584878896326757E-5+2.7523865028022954E-5i
84500                                             84500                                             -51.46938231852266                                -2.6029328400900553E-5+4.662930150101108E-5i
84650                                             84650                                             -48.778453091076884                               -3.0144634703188622E-5+6.626125820352602E-5i
84800                                             84800                                             -47.23088984741521                                -2.5982505525323774E-5+8.302248559011183E-5i
84950                                             84950                                             -46.415501180807304                               -1.5699283018588694E-5+9.425685356145852E-5i
85100                                             85100                                             -46.16004753757865                                -2.180104027971197E-6+9.838321672051009E-5i
85250                                             85250                                             -46.40036659255613                                1.1421387617949197E-5+9.503814523847964E-5i
85400                                             85400                                             -47.13743163082833                                2.214004446493556E-5+8.510148781859517E-5i
85550                                             85550                                             -48.438239844761235                               2.767326229741185E-5+7.046463248572277E-5i
85700                                             85700                                             -50.461800703923956                               2.6651664088883642E-5+5.372325019270541E-5i
85850                                             85850                                             -53.50772320447867                                1.8793883558132496E-5+3.781996461271753E-5i
86000                                             86000                                             -58.058182912190176                               5.943570669575404E-6+2.42939228580763E-5i
86150                                             86150                                             -59.47266360594658                                -1.19894281366828E-5+1.754693403888119E-5i
86300                                             86300                                             -55.065298995056786                               -3.095817322773531E-5+1.6959542480488032E-5i
86450                                             86450                                             -51.42595588445202                                -4.852367512264699E-5+2.2933161432092675E-5i
86600                                             86600                                             -48.98651427918359                                -6.217759410909185E-5+3.4428325716429065E-5i
86750                                             86750                                             -47.39420418437745                                -6.965765948840907E-5+4.935923639892703E-5i
86900                                             86900                                             -46.393474448981465                               -7.018857315077565E-5+6.519826575401844E-5i
87050                                             87050                                             -45.91001130499342                                -6.315246239063654E-5+7.918128527606427E-5i
87200                                             87200                                             -45.98322194196677                                -4.50715306980487E-5+8.974962123808883E-5i
87350                                             87350                                             -45.83635434183055                                -6.0920029131383835E-5+8.198852848118054E-5i
87500                                             87500                                             -47.072944719634144                               -3.514865943399226E-5+8.131844595160587E-5i
87650                                             87650                                             -48.78712326129768                                -2.2938741790157202E-5+6.901085923582961E-5i
87800                                             87800                                             -51.42382921094085                                -1.8292198195712928E-5+5.047061815222076E-5i
87950                                             87950                                             -54.76437658521527                                -2.265543341983811E-5+2.8673420451319487E-5i
88100                                             88100                                             -54.49617357715846                                -3.699966247827646E-5+7.1784079785919275E-6i
88250                                             88250                                             -50.1851926281692                                 -6.10719849113428E-5-1.0160192407626667E-5i
88400                                             88400                                             -46.43998299173005                                -9.323456984511314E-5-1.9667484620011777E-5i
88550                                             88550                                             -43.620203634373254                               -1.305454597492206E-4-1.837054660880355E-5i
88700                                             88700                                             -41.455474677755916                               -1.6908561417661172E-4-4.438882327151283E-6i
88850                                             88850                                             -39.75984013064611                                -2.04373367060251E-4+2.2489627516164568E-5i
89000                                             89000                                             -38.42098066741642                                -2.319398148315499E-4+6.117900996793768E-5i
89150                                             89150                                             -37.36957268221795                                -2.478912921535237E-4+1.0885630914803102E-4i
89300                                             89300                                             -36.56106106709354                                -2.494390456278528E-4+1.6148924455905433E-4i
89450                                             89450                                             -35.966407379287595                               -2.3528659978044875E-4+2.1423319781421757E-4i
89600                                             89600                                             -35.5666392669864                                 -2.0585287720886747E-4+2.6199861508025E-4i
89750                                             89750                                             -35.35017916077902                                -1.632538479144907E-4+3.000674051967245E-4i
89900                                             89900                                             -35.31102483476789                                -1.1109917472917896E-4+3.24662978152368E-4i
90050                                             90050                                             -35.44861619621526                                -5.4059240640946804E-5+3.333986683916601E-4i
90200                                             90200                                             -35.761666229078266                               2.6127438951251136E-6+3.257862257064481E-4i
90350                                             90350                                             -36.26843919625353                                5.393920632229543E-5+3.0256177977627807E-4i
90500                                             90500                                             -36.97867940109443                                9.54391873448368E-5+2.66635757252498E-4i
90650                                             90650                                             -37.91823537464734                                1.2391263140593134E-4+2.2191495044110443E-4i
90800                                             90800                                             -39.12591192199293                                1.3768482348819333E-4+1.7309217592964554E-4i
90950                                             90950                                             -40.66305601511978                                1.367397866821607E-4+1.2505439417187514E-4i
91100                                             91100                                             -42.63228486048604                                1.2267428499856958E-4+8.227911125502363E-5i
91250                                             91250                                             -45.22031778521479                                9.842109385188591E-5+4.8339566363631015E-5i
91400                                             91400                                             -48.81716003553343                                6.783140206534366E-5+2.5517326248225558E-5i
91550                                             91550                                             -54.41052287732559                                3.515292253086777E-5+1.4596903435082353E-5i
91700                                             91700                                             -62.20047873696312                                4.4873811155254906E-6+1.4861382095054942E-5i
91850                                             91850                                             -55.94424141561287                                -2.0707704649680636E-5+2.4267851957415765E-5i
92000                                             92000                                             -51.2027456168113                                 -3.804902951126676E-5+3.98078379679756E-5i
92150                                             92150                                             -48.606705509160186                               -4.643304243368007E-5+5.7939545654583924E-5i
92300                                             92300                                             -47.11559963398354                                -4.612153640293215E-5+7.512800787690121E-5i
92450                                             92450                                             -46.34048509666549                                -3.8631223016505345E-5+8.830366965650871E-5i
92600                                             92600                                             -46.11877483497562                                -2.6405266421947182E-5+9.528505505906892E-5i
92750                                             92750                                             -46.39057532361585                                -1.2443902990211253E-5+9.50185626030775E-5i
92900                                             92900                                             -47.161775946206426                               1.9770788245443427E-7+8.76879858127122E-5i
93050                                             93050                                             -48.50496142291718                                8.837588854226919E-6+7.460292286598502E-5i
93200                                             93200                                             -50.587590613587075                               1.1587222682074572E-5+5.796170732286221E-5i
93350                                             93350                                             -53.73205192202725                                7.58124470706667E-6+4.045115750361816E-5i
93500                                             93500                                             -58.08363990245421                                -2.9296889471064347E-6+2.4764526250442565E-5i
93650                                             93650                                             -58.3064224275083                                 -1.905788035350131E-5+1.5085299636563576E-5i
93800                                             93800                                             -54.30593686994541                                -3.749897140636893E-5+8.828242812453091E-6i
93950                                             93950                                             -50.73401634907076                                -5.723965544413012E-5+1.008026884985469E-5i
94100                                             94100                                             -48.044966635464874                               -7.725656206508669E-5+1.74841474002152E-5i
94250                                             94250                                             -38.46362749898921                                -9.464511311407797E-5+2.1913237079673742E-4i
94400                                             94400                                             -46.99701502571728                                -7.692050544838569E-5+4.549475230941624E-5i
94550                                             94550                                             -46.14933918631267                                -7.912430134693338E-5+5.8713391499432E-5i
94700                                             94700                                             -46.00573044816738                                -7.259583008101256E-5+6.902276684728204E-5i
94850                                             94850                                             -46.396805936032024                               -6.116567724168132E-5+7.368156070108878E-5i
95000                                             95000                                             -47.35971121253458                                -4.789247782910344E-5+7.108412231404682E-5i
95150                                             95150                                             -49.03055000835043                                -3.6083815827980814E-5+6.081415167979998E-5i
95300                                             95300                                             -51.62507426514428                                -2.899301373771035E-5+4.3712672692541865E-5i
95450                                             95450                                             -54.742073215301026                               -2.940777802268313E-5+2.185159285128524E-5i
95600                                             95600                                             -54.14536478303606                                -3.92060395592031E-5-1.7018704884241842E-6i
95750                                             95750                                             -49.96896084593705                                -5.905596812477709E-5-2.326119408146976E-5i
95900                                             95900                                             -46.33265668648604                                -8.823305064376008E-5-3.900767800513183E-5i
96050                                             96050                                             -43.55228135778855                                -1.2479757554739734E-4-4.5597227479543534E-5i
96200                                             96200                                             -41.58505273629993                                -1.6203009977955318E-4-3.892163457219766E-5i
96350                                             96350                                             -39.81847364047177                                -2.0313232356694577E-4-2.1085826396594065E-5i
96500                                             96500                                             -38.48928246620711                                -2.3777069402508566E-4+1.0305611751637578E-5i
96650                                             96650                                             -37.45236544460402                                -2.629246746393976E-4+5.278514517337296E-5i
96800                                             96800                                             -36.69130086416033                                -2.741660673455937E-4+1.0258128763496188E-4i
96950                                             96950                                             -36.06037730304149                                -2.728283093976769E-4+1.5701269696200004E-4i
97100                                             97100                                             -35.682237877069795                               -2.538457168934638E-4+2.089616424181262E-4i
97250                                             97250                                             -35.49471763755883                                -2.1981770269335899E-4+2.540722323033373E-4i
97400                                             97400                                             -35.570696662862424                               -1.709862637881976E-4+2.857948708335778E-4i
97550                                             97550                                             -35.4835105491629                                 -1.2470777295620072E-4+3.124294156944263E-4i
97700                                             97700                                             -35.87865539746146                                -6.568406977480734E-5+3.1465535892838403E-4i
97850                                             97850                                             -36.42362700142932                                -1.000373447102021E-5+3.0172415060403246E-4i
98000                                             98000                                             -37.1780714189225                                 3.876684820908194E-5+2.7404630766647564E-4i
98150                                             98150                                             -38.18811754151668                                7.697485731944509E-5+2.3405810066323696E-4i
98300                                             98300                                             -39.56502809476425                                1.0260580972826228E-4+1.8353686431660243E-4i
98450                                             98450                                             -42.97773833015994                                1.0864390251952294E-4+9.136201520942855E-5i
98600                                             98600                                             -42.45794966831233                                8.927125840729744E-5+1.2142136066117803E-4i
98750                                             98750                                             -45.25202996008573                                8.111339342836699E-5+7.318857512650379E-5i
98900                                             98900                                             -49.00465655512341                                5.770297209828357E-5+4.1239207253074284E-5i
99050                                             99050                                             -54.80163595292262                                2.885290353388248E-5+2.2170602149484964E-5i
99200                                             99200                                             -62.431513906677765                               -7.099900845575213E-7+1.509992377346503E-5i
99350                                             99350                                             -55.75432750761787                                -2.6861858427373875E-5+1.8484334096346977E-5i
99500                                             99500                                             -51.21249100862562                                -4.6261231612998444E-5+2.9757253285245255E-5i
99650                                             99650                                             -48.887983898733644                               -5.5522610274805206E-5+4.56564898090317E-5i
99800                                             99800                                             -45.36387220867522                                -9.198683689903842E-5+5.631086973012511E-5i
99950                                             99950                                             -46.09937367005603                                -6.308516714392809E-5+7.642325236567604E-5i
