% Model:              FEM_BEM_model_stl_ThreeProlSpheroids.mph
% Version:            COMSOL 6.3.0.335
% Date:               Oct 10 2025, 15:17
% Table:              Table 2 - TS_D_far
% f0 (1/s)               freq (Hz)                TS_Global_var_Point      Evaluate in the domain at the given coordinates in Geometry 1 (Pa), Ps_Global_var_Point
500                                               500                                               -93.10830085675241                                -3.825500125564929E-7+2.2179476810713084E-7i
650                                               650                                               -50.548623344403566                               -5.7888629261482194E-5+1.3199219458415179E-5i
800                                               800                                               -44.23122566873471                                -1.250824261755934E-5+1.222381681725837E-4i
950                                               950                                               -50.8116229616047                                 5.2134343231646785E-5+2.449843044560751E-5i
1100                                              1100                                              -44.53029437346948                                -7.643477624286188E-5+9.083834255829704E-5i
1250                                              1250                                              -80.40638535957582                                -1.631410078251072E-6-9.905477260652162E-7i
1400                                              1400                                              -22.721788386162416                               -0.0013581519884720006+5.411102287117275E-4i
1550                                              1550                                              -10.725367737928302                               0.0046444669786841475-0.0035037355932351355i
1700                                              1700                                              -33.426922099379524                               -3.0198243463674945E-4-3.008521017668908E-4i
1850                                              1850                                              -35.475750501243255                               2.534117487862364E-4-2.2169582411379896E-4i
2000                                              2000                                              -60.34697058858515                                1.717910681187096E-5-8.611873481445542E-6i
2150                                              2150                                              -31.55924294803547                                5.241253756174125E-4-6.80752686593733E-5i
2300                                              2300                                              -30.94925100488917                                1.2024361256374183E-4-5.540824474217221E-4i
2450                                              2450                                              -42.819475946186586                               -1.1922199403546774E-4-8.175870172222321E-5i
2600                                              2600                                              -41.64478511537271                                1.2044294119034626E-4-1.1350256563091854E-4i
2750                                              2750                                              -66.70523136564724                                8.203526047967369E-6-4.256488374432266E-6i
2900                                              2900                                              -34.786987029754954                               3.612805653759321E-4-4.823142511500844E-5i
3050                                              3050                                              -33.45715483954285                                8.944718802411655E-5-4.152638403785991E-4i
3200                                              3200                                              -44.81549190015204                                -9.498928278783847E-5-6.461514928524092E-5i
3350                                              3350                                              -43.293896136253814                               1.0032700016238127E-4-9.311397650935138E-5i
3500                                              3500                                              -68.58554296841395                                6.660307202643878E-6-3.3226177564849024E-6i
3650                                              3650                                              -35.93355658667862                                3.1705983243407454E-4-3.8697922458252876E-5i
3800                                              3800                                              -34.43481193511866                                8.406175419722883E-5-3.7014235142751595E-4i
3950                                              3950                                              -45.656555903516                                  -8.564431166380171E-5-5.949310272101993E-5i
4100                                              4100                                              -44.02972316988466                                9.333414907580773E-5-8.428765934143101E-5i
4250                                              4250                                              -69.44481840015123                                6.092268574509063E-6-2.887714695809507E-6i
4400                                              4400                                              -36.4993376182764                                 2.9756859502722E-4-3.186590247838961E-5i
4550                                              4550                                              -34.93817051654807                                8.443327456036931E-5-3.4810319256839417E-4i
4700                                              4700                                              -46.10749386586309                                -8.051951156340387E-5-5.760656099307315E-5i
4850                                              4850                                              -44.43553449751135                                9.032915632556371E-5-7.902797347036916E-5i
5000                                              5000                                              -69.92094262008392                                5.825149952509712E-6-2.608149008986871E-6i
5150                                              5150                                              -36.83022450011252                                2.869069422001824E-4-2.6012631184957336E-5i
5300                                              5300                                              -35.240794183668164                               8.697140290364613E-5-3.348203623118051E-4i
5450                                              5450                                              -46.386504474771414                               -7.708679721163403E-5-5.700540070219251E-5i
5600                                              5600                                              -44.69077731067057                                8.8992175361291E-5-7.525272332520316E-5i
5750                                              5750                                              -70.2180067362327                                 5.684553440521434E-6-2.3932195349907204E-6i
5900                                              5900                                              -37.04716950306312                                2.8022275848449407E-4-2.058039304209114E-5i
6050                                              6050                                              -35.44345941542163                                9.053573742900944E-5-3.2560081167343213E-4i
6200                                              6200                                              -46.577824633227856                               -7.446066324839906E-5-5.7021520726174835E-5i
6350                                              6350                                              -44.8675519498648                                 8.847707909298563E-5-7.219849962813996E-5i
6500                                              6500                                              -70.41988006776515                                5.606369486876872E-6-2.2096255771764106E-6i
6650                                              6650                                              -37.20240161280982                                2.7557358577978697E-4-1.534571685068986E-5i
6800                                              6800                                              -35.59106188644166                                9.46528751042397E-5-3.184916818474992E-4i
6950                                              6950                                              -46.72011964752943                                -7.225847909819727E-5-5.736753320328969E-5i
7100                                              7100                                              -44.999871290405                                  8.8406008685038E-5-6.952598902365548E-5i
7250                                              7250                                              -70.56689520710704                                5.5618254904965525E-6-2.042355971898502E-6i
7400                                              7400                                              -37.32188953772947                                2.720382953041445E-4-1.0206875166063334E-5i
7550                                              7550                                              -35.70642560899368                                9.908811756875746E-5-3.125440198732399E-4i
7700                                              7700                                              -46.83331932580116                                -7.02909569882948E-5-5.7900728911097765E-5i
7850                                              7850                                              -45.10449139193114                                8.859954146239746E-5-6.707105104941657E-5i
8000                                              8000                                              -70.67884309798761                                5.537100392027927E-6-1.88475465456861E-6i
8150                                              8150                                              -37.41818042414163                                2.69180015860071E-4-5.107368934886836E-6i
8300                                              8300                                              -35.80058617222193                                1.0373949624220558E-4-3.0730219189345487E-4i
8450                                              8450                                              -46.92724252673859                                -6.846430679574578E-5-5.855357348860668E-5i
8600                                              8600                                              -45.193056399047904                               8.893247125452142E-5-6.473137849116739E-5i
8750                                              8750                                              -70.77036716747854                                5.522373855648688E-6-1.7325490178077274E-6i
8900                                              8900                                              -37.50140644180069                                2.666611028107613E-4-2.9822117442179774E-8i
9050                                              9050                                              -35.88287105800331                                1.0849459855266641E-4-3.024087771238415E-4i
9200                                              9200                                              -47.01039021949207                                -6.670625483240489E-5-5.926426828628539E-5i
9350                                              9350                                              -45.27020822851967                                8.935849721591893E-5-6.245921223735351E-5i
9500                                              9500                                              -70.84667718698155                                5.514442399767727E-6-1.5829733911454369E-6i
9650                                              9650                                              -37.57517195745113                                2.643578915762501E-4+5.0465352366968474E-6i
9800                                              9800                                              -35.95632424433929                                1.1333315134559596E-4-2.977357973729111E-4i
9950                                              9950                                              -47.08546876457798                                -6.499007865873319E-5-6.001506509911714E-5i
10100                                             10100                                             -45.34111209275772                                8.982037163923762E-5-6.021557602819971E-5i
10250                                             10250                                             -70.91323181139482                                5.509784628654479E-6-1.4340800205125959E-6i
10400                                             10400                                             -37.64354798866575                                2.6213736472441296E-4+1.0124250871657026E-5i
10550                                             10550                                             -36.02516292815851                                1.1819489711717424E-4-2.931295859708305E-4i
10700                                             10700                                             -47.15636791469887                                -6.328476080352807E-5-6.077698516449015E-5i
10850                                             10850                                             -45.40746096940184                                9.030113264907325E-5-5.798301442205833E-5i
11000                                             11000                                             -70.97349488753336                                5.5055721169261496E-6-1.286977184822291E-6i
11150                                             11150                                             -37.70828432816372                                2.599405350481865E-4+1.5205569340537295E-5i
11300                                             11300                                             -36.09050203191729                                1.2307123346455562E-4-2.88542544281567E-4i
11450                                             11450                                             -47.2241220808541                                 -6.158043095894072E-5-6.154247829281978E-5i
11600                                             11600                                             -45.47093078024494                                9.078258339867418E-5-5.574734104762946E-5i
11750                                             11750                                             -71.02944242915487                                5.500826328275199E-6-1.1398972746823333E-6i
11900                                             11900                                             -37.77060593473333                                2.5772563838905027E-4+2.0292718117653763E-5i
12050                                             12050                                             -36.15368904988663                                1.2794276797672977E-4-2.83923646460682E-4i
12200                                             12200                                             -47.29000310352766                                -5.9866555595089466E-5-6.23017571947937E-5i
12350                                             12350                                             -45.53256361493194                                9.125187780695265E-5-5.350152461591762E-5i
12500                                             12500                                             -71.08231605337632                                5.4941879807923755E-6-9.952247145283977E-7i
12650                                             12650                                             -37.83139429757235                                2.554623316766147E-4+2.5383666499845248E-5i
12800                                             12800                                             -36.215612184743705                               1.3279616905947922E-4-2.7923856615996723E-4i
12950                                             12950                                             -47.35448050426882                                -5.81388780412917E-5-6.30505073326848E-5i
13100                                             13100                                             -45.59313793193841                                9.170029363464449E-5-5.123857913258423E-5i
13250                                             13250                                             -71.132502428446                                  5.4867532986446754E-6-8.449344172101192E-7i
13400                                             13400                                             -37.89158775752239                                2.5311893556084764E-4+3.0479293894880577E-5i
13550                                             13550                                             -36.276787167370614                               1.3762092371805146E-4-2.7446706072342675E-4i
13700                                             13700                                             -47.4186597970613                                 -5.638989283640594E-5-6.377912330723934E-5i
13850                                             13850                                             -45.65338801276597                                9.211809991738207E-5-4.8954755555330465E-5i
14000                                             14000                                             -71.18175763797535                                5.475844573943345E-6-6.971027368685156E-7i
14150                                             14150                                             -37.951547416727166                               2.506824631360871E-4+3.557066971859868E-5i
14300                                             14300                                             -36.337950642706026                               1.4239921225817076E-4-2.695844744261544E-4i
14450                                             14450                                             -47.48276912484981                                -5.4618074882717416E-5-6.448458176844252E-5i
14600                                             14600                                             -45.713631174065355                               9.250033696339699E-5-4.6648560943163275E-5i
14750                                             14750                                             -71.23095625762753                                5.461345434387699E-6-5.489027039562444E-7i
14900                                             14900                                             -38.01165854817417                                2.481390198260103E-4+4.065462094593464E-5i
15050                                             15050                                             -36.3993471669586                                 1.4712241872233411E-4-2.6458169932486175E-4i
15200                                             15200                                             -47.54716736023349                                -5.2821756250209795E-5-6.516244598497867E-5i
15350                                             15350                                             -45.772377854115234                               9.28607566827444E-5-4.4329240587615004E-5i
15500                                             15500                                             -71.28091534126419                                5.441813612450108E-6-4.1190494581844206E-7i
15650                                             15650                                             -38.07185284650106                                2.454887541270545E-4+4.572486284482036E-5i
15800                                             15800                                             -36.46085502032176                                1.5178385937625327E-4-2.594634838907206E-4i
15950                                             15950                                             -47.612591687616586                               -5.0996938310676754E-5-6.580570539160835E-5i
16100                                             16100                                             -45.83427033986344                                9.31494055272375E-5-4.197099892844225E-5i
16250                                             16250                                             -71.32842460672111                                5.421326072285737E-6-2.6113550688489084E-7i
16400                                             16400                                             -38.13385645124042                                2.4268115568376603E-4+5.0768420023827865E-5i
16550                                             16550                                             -36.524388018289045                               1.5634559336086262E-4-2.5417207629430116E-4i
16700                                             16700                                             -47.6791657554172                                 -4.914579782899775E-5-6.641032401821789E-5i
16850                                             16850                                             -45.89767272979182                                9.337688164784419E-5-3.959611359716231E-5i
17000                                             17000                                             -71.39072624146291                                5.387609298967977E-6-1.1422728418697403E-7i
17150                                             17150                                             -38.19786550730315                                2.3971286620561028E-4+5.5766968169668196E-5i
17300                                             17300                                             -36.590151701398185                               1.6078001828412347E-4-2.4871453386132725E-4i
17450                                             17450                                             -47.748475431393274                               -4.726281046613101E-5-6.696118708227061E-5i
17600                                             17600                                             -45.96554544401503                                9.351556488834678E-5-3.718082343251439E-5i
17750                                             17750                                             -71.43567416584798                                5.360833204515192E-6+4.303373968284063E-8i
17900                                             17900                                             -38.26659018399247                                2.365124028697041E-4+6.0688705636691154E-5i
18050                                             18050                                             -36.66136958029039                                1.6501323968959314E-4-2.4300862731163608E-4i
18200                                             18200                                             -47.823310589649424                               -4.53427288926167E-5-6.7430326586293E-5i
18350                                             18350                                             -46.038754257732776                               9.354576236403345E-5-3.474875061415528E-5i
18500                                             18500                                             -71.50110298244209                                5.3174587861248845E-6+1.8780957333763837E-7i
18650                                             18650                                             -38.344574036193684                               2.329726227103257E-4+6.545198222829285E-5i
18800                                             18800                                             -36.743787309122354                               1.688751365689911E-4-2.3694255070749737E-4i
18950                                             18950                                             -47.91240466326337                                -4.335852060655121E-5-6.774050595725889E-5i
19100                                             19100                                             -46.12997746762949                                9.33243448911214E-5-3.227786418480427E-5i
19250                                             19250                                             -71.59390261391015                                5.254104366136936E-6+3.2635252356083555E-7i
19400                                             19400                                             -38.451908187847216                               2.2860678196029438E-4+6.978244909694453E-5i
19550                                             19550                                             -36.865015627284365                               1.7166818193226074E-4-2.2991323294607735E-4i
19700                                             19700                                             -48.05408916292072                                -4.12016351540867E-5-6.755391571966474E-5i
19850                                             19850                                             -46.298084602715306                               9.218999491777957E-5-2.9699437242958204E-5i
20000                                             20000                                             -71.8334669896973                                 5.102557089020632E-6+4.344859420024605E-7i
20150                                             20150                                             -38.753998450163735                               2.1949371544138785E-4+7.15141878138148E-5i
20300                                             20300                                             -37.36812819745842                                1.651579870008968E-4-2.1458567524657024E-4i
20450                                             20450                                             -49.335536058341766                               -3.559978972456079E-5-5.825759853217427E-5i
20600                                             20600                                             -41.957787901627476                               1.58101140427358E-4-2.210944871705589E-5i
20750                                             20750                                             -70.4542440543214                                 5.927520389692464E-6+9.445226663018502E-7i
20900                                             20900                                             -37.94745201432526                                2.3725143529423898E-4+8.876490175990792E-5i
21050                                             21050                                             -36.48894125351697                                1.931525769155451E-4-2.290616569277093E-4i
21200                                             21200                                             -47.73803170180255                                -3.854422237670185E-5-7.244370452796911E-5i
21350                                             21350                                             -45.97310895940475                                9.732898295539139E-5-2.5239277272270932E-5i
21500                                             21500                                             -71.33708062459968                                5.353498347349106E-6+8.604456657179682E-7i
21650                                             21650                                             -38.32071581085948                                2.258145310682913E-4+8.882900260032134E-5i
21800                                             21800                                             -36.73513331535361                                1.9211436946076077E-4-2.1890984610362096E-4i
21950                                             21950                                             -47.922393514538975                               -3.622939892533594E-5-7.170290785174505E-5i
22100                                             22100                                             -46.1195534317459                                 9.62309061134925E-5-2.267906446828949E-5i
22250                                             22250                                             -71.46321022763095                                5.252103837394273E-6+9.86985516981953E-7i
22400                                             22400                                             -38.42675497735924                                2.2097860370162703E-4+9.290292590058424E-5i
22550                                             22550                                             -36.83026687525777                                1.9505048833823313E-4-2.1200648030583746E-4i
22700                                             22700                                             -48.01089101624648                                -3.417527185312075E-5-7.180351957114528E-5i
22850                                             22850                                             -46.198030788232145                               9.587558017615239E-5-2.0188030570245097E-5i
23000                                             23000                                             -71.52799394060929                                5.183456111390594E-6+1.1259080094916385E-6i
23150                                             23150                                             -38.49446108504041                                2.1698079097082212E-4+9.743174596710258E-5i
23300                                             23300                                             -36.894923586917095                               1.9862735318848523E-4-2.05699320925401E-4i
23450                                             23450                                             -48.07451391811778                                -3.2193621034570796E-5-7.207843192058583E-5i
23600                                             23600                                             -46.254996810329054                               9.570798281638426E-5-1.7736107547960955E-5i
23750                                             23750                                             -71.57159483466684                                5.1231856627032E-6+1.2679898984124804E-6i
23900                                             23900                                             -38.545271766346715                               2.1330468865310426E-4+1.0206217369879145E-4i
24050                                             24050                                             -36.944040725063466                               2.0240187810971477E-4-1.9969725160984275E-4i
24200                                             24200                                             -48.12354563893599                                -3.0272456495950006E-5-7.242477189228769E-5i
24350                                             24350                                             -46.29769888157899                                9.563751495345052E-5-1.5341143683289538E-5i
24500                                             24500                                             -71.60137982130414                                5.067559107396757E-6+1.4086492490239522E-6i
24650                                             24650                                             -38.581529731843624                               2.0992839977013178E-4+1.0668066870767046E-4i
24800                                             24800                                             -36.9781978759226                                 2.062754458421745E-4-1.9406854206915902E-4i
24950                                             24950                                             -48.156636386975144                               -2.845270419060686E-5-7.283846575212305E-5i
25100                                             25100                                             -46.323233132218384                               9.568866633752338E-5-1.306006662193937E-5i
25250                                             25250                                             -71.61642156723326                                5.017786572969474E-6+1.54616173786426E-6i
25400                                             25400                                             -38.59676965458021                                2.0709103943167273E-4+1.1121941037273153E-4i
25550                                             25550                                             -36.98798123450469                                2.102876368900719E-4-1.8923735800990826E-4i
25700                                             25700                                             -48.16124641386019                                -2.6871100675562865E-5-7.339247102478019E-5i
25850                                             25850                                             -46.315116944944926                               9.602986671314317E-5-1.1072374830223275E-5i
26000                                             26000                                             -71.60244711408097                                4.986280023433487E-6+1.6717241845265463E-6i
26150                                             26150                                             -38.560349781623                                  2.0587019350826186E-4+1.1549566017210466E-4i
26300                                             26300                                             -36.93147694360588                                2.1476396229858086E-4-1.8696569495335602E-4i
26450                                             26450                                             -48.07749178091299                                -2.613504273601963E-5-7.446084627382721E-5i
26600                                             26600                                             -46.185747115319614                               9.757788273057066E-5-1.026794174763257E-5i
26750                                             26750                                             -71.46954923516326                                5.045524896385434E-6+1.7492168044030976E-6i
26900                                             26900                                             -38.24141651446607                                2.144350316627408E-4+1.1826008645199337E-4i
27050                                             27050                                             -36.36485620371831                                2.2307498414320115E-4-2.0643834058020616E-4i
27200                                             27200                                             -46.778491947127925                               -3.876545484293725E-5-8.304164564798544E-5i
27350                                             27350                                             -34.55391841770749                                1.1449819266362571E-4-3.564609155755072E-4i
27500                                             27500                                             -73.27080996723082                                3.5216843506935547E-6+2.5363988629401035E-6i
27650                                             27650                                             -39.87970004877895                                1.5663070502985876E-4+1.288033940435307E-4i
27800                                             27800                                             -37.93961956256478                                2.1328057178710003E-4-1.3709368592462745E-4i
27950                                             27950                                             -48.96829841589076                                -1.4389684401372449E-5-6.975336207604155E-5i
28100                                             28100                                             -47.02088302437087                                8.909974521487118E-5+1.9999885536581274E-6i
28250                                             28250                                             -72.0394868938772                                 4.469968760634213E-6+2.2425970785944216E-6i
28400                                             28400                                             -39.199199050109456                               1.7570064569111254E-4+1.3125825854565232E-4i
28550                                             28550                                             -37.57042403049274                                2.204785482734506E-4-1.4620616835325784E-4i
28700                                             28700                                             -48.741236306278765                               -1.4794101330206644E-5-7.159605361906074E-5i
28850                                             28850                                             -46.86952337236182                                9.064547153020408E-5+2.804182681948042E-6i
29000                                             29000                                             -71.96207791389162                                4.467028947074958E-6+2.3463352184505126E-6i
29150                                             29150                                             -39.12532984215606                                1.7499447589441885E-4+1.3528304497256727E-4i
29300                                             29300                                             -37.51933711018171                                2.2448795894325357E-4-1.428996946902794E-4i
29450                                             29450                                             -48.70850989445661                                -1.3395357670198393E-5-7.215159898310564E-5i
29600                                             29600                                             -46.84526563093911                                9.081654291276386E-5+4.7840556611777885E-6i
29750                                             29750                                             -71.943492889846                                  4.4111233742372136E-6+2.472005572462521E-6i
29900                                             29900                                             -39.1168839482326                                 1.7194712192952766E-4+1.3947757598176125E-4i
30050                                             30050                                             -37.51759015893508                                2.2790046752146909E-4-1.374955799827715E-4i
30200                                             30200                                             -48.713804933136096                               -1.1618013527447957E-5-7.241373289812447E-5i
30350                                             30350                                             -46.85095900667622                                9.060875602795448E-5+7.053357448327802E-6i
30500                                             30500                                             -71.94211272280684                                4.336685645645044E-6+2.601942644231414E-6i
30650                                             30650                                             -39.12745687955344                                1.6810573623904368E-4+1.436700193160334E-4i
30800                                             30800                                             -37.53128213246949                                2.310258851208613E-4-1.313305044049473E-4i
30950                                             30950                                             -48.73173369372509                                -9.69984103210697E-6-7.25429602166372E-5i
31100                                             31100                                             -46.86677795934365                                9.022594340390988E-5+9.431058490050326E-6i
31250                                             31250                                             -71.94520873445467                                4.2529877208319355E-6+2.7332794377832315E-6i
31400                                             31400                                             -39.1450682168927                                 1.638726263991641E-4+1.4781230336469164E-4i
31550                                             31550                                             -37.55074965636203                                2.3394923926001177E-4-1.2479006896892741E-4i
31700                                             31700                                             -48.75454144055417                                -7.714097133348918E-6-7.258790166120299E-5i
31850                                             31850                                             -46.88656381537954                                8.97317089414984E-5+1.1852349817265129E-5i
32000                                             32000                                             -71.94988130884094                                4.1617572001384495E-6+2.8654867308963716E-6i
32150                                             32150                                             -39.16538521161471                                1.5939783194907076E-4+1.5188067305060837E-4i
32300                                             32300                                             -37.57244855402185                                2.3669456971930902E-4-1.1802583091147234E-4i
32450                                             32450                                             -48.77932624542584                                -5.694236331621472E-6-7.256558205137598E-5i
32600                                             32600                                             -46.90760123530279                                8.915240922569012E-5+1.4300979328862873E-5i
32750                                             32750                                             -71.95431107593411                                4.067985386546624E-6+2.992775254284652E-6i
32900                                             32900                                             -39.18644217423712                                1.5474512668689488E-4+1.5586817226620475E-4i
33050                                             33050                                             -37.594661287993944                               2.3927528919920338E-4-1.1110747811149402E-4i
33200                                             33200                                             -48.80403074565176                                -3.658077559531847E-6-7.248968013273682E-5i
33350                                             33350                                             -46.929052655583575                               8.84983316710164E-5+1.6749495204249065E-5i
33500                                             33500                                             -71.95930995838853                                3.968093754469493E-6+3.119310866050995E-6i
33650                                             33650                                             -39.207705464153996                               1.4995056013661356E-4+1.597502986048216E-4i
33800                                             33800                                             -37.617032016494605                               2.4167700074334553E-4-1.0407778024679182E-4i
33950                                             33950                                             -48.82869585820754                                -1.6134421940705579E-6-7.235811819028548E-5i
34100                                             34100                                             -46.950513147067035                               8.7773575312311E-5+1.919143183104488E-5i
34250                                             34250                                             -71.96080187606145                                3.865207687414607E-6+3.244578203331905E-6i
34400                                             34400                                             -39.22917095746095                                1.4502524146992046E-4+1.6351245028056738E-4i
34550                                             34550                                             -37.63967904506481                                2.438857478376799E-4-9.695140644727651E-5i
34700                                             34700                                             -48.854469459480285                               4.3704748398099014E-7-7.21603377558111E-5i
34850                                             34850                                             -46.97275803237646                                8.697028554482955E-5+2.1620331208227483E-5i
35000                                             35000                                             -71.96694734889422                                3.755875419508836E-6+3.3651903843523456E-6i
35150                                             35150                                             -39.25199105756417                                1.3995677652872685E-4+1.671239051268536E-4i
35300                                             35300                                             -37.66422901681858                                2.4584917616937707E-4-8.972038542509608E-5i
35450                                             35450                                             -48.88246126684194                                2.4856894990099576E-6-7.188651972733773E-5i
35600                                             35600                                             -46.99852114349282                                8.60609252800737E-5+2.4026746842764624E-5i
35750                                             35750                                             -71.98006753191322                                3.6399393744668274E-6+3.4792579010067826E-6i
35900                                             35900                                             -39.28147219371373                                1.3465254823780137E-4+1.704861136447855E-4i
36050                                             36050                                             -37.697727163878895                               2.4737242005790083E-4-8.229332622311514E-5i
36200                                             36200                                             -48.92248311987892                                4.541828718673813E-6-7.145461652047214E-5i
36350                                             36350                                             -47.04178383122372                                8.489983385562283E-5+2.6394115600569812E-5i
36500                                             36500                                             -72.02484243493126                                3.5061384575652E-6+3.5778948250797526E-6i
36650                                             36650                                             -39.34924760599289                                1.2848560889527905E-4+1.7308218328282443E-4i
36800                                             36800                                             -37.79325287690406                                2.470583782485658E-4-7.381630169456255E-5i
36950                                             36950                                             -49.07479444051984                                6.750592443316439E-6-7.002962612401298E-5i
37100                                             37100                                             -47.35788352860887                                8.081420485178681E-5+2.8614656764069935E-5i
37250                                             37250                                             -74.93127713948468                                2.157397360036395E-6+2.8629528721069164E-6i
37400                                             37400                                             -38.6999579891933                                 1.3696750059205565E-4+1.8761380825282892E-4i
37550                                             37550                                             -37.41212690816869                                2.592715502734988E-4-7.323478207488243E-5i
37700                                             37700                                             -48.72267422644566                                8.166708911405696E-6-7.280836783030153E-5i
37850                                             37850                                             -46.859479953292734                               8.528622845593858E-5+3.1141065330753115E-5i
38000                                             38000                                             -71.78011157201136                                3.384462997690907E-6+3.885157779159876E-6i
38150                                             38150                                             -39.16695930326475                                1.226293758017083E-4+1.8281104243489388E-4i
38300                                             38300                                             -37.58800832946412                                2.5620385024360814E-4-6.374810605358494E-5i
38450                                             38450                                             -48.817969946264284                               1.0119795455343361E-5-7.175544155979541E-5i
38600                                             38600                                             -46.91457082386088                                8.38865547123091E-5+3.320606946044524E-5i
38750                                             38750                                             -71.81258170345725                                3.260332017362977E-6+3.9650373926392035E-6i
38900                                             38900                                             -39.177262955602394                               1.1819662058942804E-4+1.8539840828479814E-4i
39050                                             39050                                             -37.57955316487138                                2.5771930778489827E-4-5.848786043893828E-5i
39200                                             39200                                             -48.786024941358846                               1.133930557256635E-5-7.184317908348614E-5i
39350                                             39350                                             -46.839298131196685                               8.43022653813641E-5+3.427873666750347E-5i
39500                                             39500                                             -71.71532123623261                                3.3112111394451027E-6+3.997994904469948E-6i
39650                                             39650                                             -38.50996631881361                                1.4651706352164506E-4+1.868281007192385E-4i
39800                                             39800                                             -38.410801223859494                               2.4015096603141606E-4-1.2191810517814261E-6i
39950                                             39950                                             -49.16550330740807                                1.8082432604649146E-5-6.72341771978946E-5i
40100                                             40100                                             -47.15115947122078                                7.797847236856725E-5+4.034103799743782E-5i
40250                                             40250                                             -71.89706013188348                                2.8293921729982685E-6+4.2235290351744226E-6i
40400                                             40400                                             -39.358310772171095                               9.905294136713927E-5+1.912005262504346E-4i
40550                                             40550                                             -37.760030678407134                               2.5653533123537464E-4-3.4450915825545714E-5i
40700                                             40700                                             -48.983970296182704                               1.7554738860059427E-5-6.889233474671741E-5i
40850                                             40850                                             -47.06009437012468                                7.847567326269012E-5+4.1387713414997584E-5i
41000                                             41000                                             -71.85266916739246                                2.75794208226543E-6+4.301502759207487E-6i
41150                                             41150                                             -39.32094069513794                                9.564284099611298E-5+1.939646643551729E-4i
41300                                             41300                                             -37.73441872791153                                2.579989418036721E-4-2.8810807616297396E-5i
41450                                             41450                                             -48.967466244574126                               1.9226414580852946E-5-6.858506831941558E-5i
41600                                             41600                                             -47.04517291795434                                7.75464528024461E-5+4.341673277885594E-5i
41750                                             41750                                             -71.82967171386127                                2.6377899967067187E-6+4.392022153743014E-6i
41900                                             41900                                             -39.31128414107773                                9.05735573042965E-5+1.9664786648432298E-4i
42050                                             42050                                             -37.727466275727465                               2.588901187419168E-4-2.1849418728958625E-5i
42200                                             42200                                             -48.96440102755115                                2.111052975412031E-5-6.805508280616213E-5i
42350                                             42350                                             -47.03962166669912                                7.635145936585319E-5+4.559629517564279E-5i
42500                                             42500                                             -71.8102554580201                                 2.500370436475663E-6+4.484813551863809E-6i
42650                                             42650                                             -39.30716306626042                                8.492354751832298E-5+1.9926475891218765E-4i
42800                                             42800                                             -37.725157466984896                               2.59487428082239E-4-1.427095736694639E-5i
42950                                             42950                                             -48.965322725800995                               2.312920201558155E-5-6.738776872095009E-5i
43100                                             43100                                             -47.03835722979916                                7.492663187097515E-5+4.792567382150281E-5i
43250                                             43250                                             -71.80054710744098                                2.341407001782425E-6+4.576267269018608E-6i
43400                                             43400                                             -39.308027165648944                               7.823016183905462E-5+2.0196326543864274E-4i
43550                                             43550                                             -37.729510577915335                               2.597025317351842E-4-4.9314301715508435E-6i
43700                                             43700                                             -48.97645853518681                                2.58278814203039E-5-6.630228459780785E-5i
43850                                             43850                                             -47.05629541127888                                7.208433880107057E-5+5.178909782954655E-5i
44000                                             44000                                             -71.98425686700324                                1.6665549572025817E-6+4.748951773603238E-6i
44150                                             44150                                             -39.12411835293653                                9.616699094633363E-5+1.9922381482673224E-4i
44300                                             44300                                             -37.666392480461695                               2.6144516781811955E-4-1.0192066887015905E-5i
44450                                             44450                                             -48.93003026743305                                2.5162928797783923E-5-6.696503987402291E-5i
44600                                             44600                                             -47.00156171626286                                7.361870056421527E-5+5.0581288339235364E-5i
44750                                             44750                                             -71.69068262543456                                2.185667624332588E-6+4.7248552569323365E-6i
44900                                             44900                                             -39.27421392799189                                7.149418141699782E-5+2.0533959835877802E-4i
45050                                             45050                                             -37.69614240580171                                2.607240333010741E-4+3.617947626710638E-6i
45200                                             45200                                             -48.94423866726519                                2.781530942769228E-5-6.57805675382539E-5i
45350                                             45350                                             -47.00589558204916                                7.171581013548645E-5+5.317014998396097E-5i
45500                                             45500                                             -71.6838995054624                                 2.010434373145298E-6+4.806445231264611E-6i
45650                                             45650                                             -39.27271473042671                                6.493640227261954E-5+2.075460306646404E-4i
45800                                             45800                                             -37.694057333287574                               2.605515297899874E-4+1.1647389672853059E-5i
45950                                             45950                                             -48.94381974838144                                2.978409280451899E-5-6.491667245489552E-5i
46100                                             46100                                             -47.001759212188546                               7.014054810089432E-5+5.5300275899061724E-5i
46250                                             46250                                             -71.6729142178829                                 1.8465739206607878E-6+4.878798288920905E-6i
46400                                             46400                                             -39.266966342262556                               5.8946659762526554E-5+2.094755844190832E-4i
46550                                             46550                                             -37.68915674384753                                2.602566226516112E-4+1.913248805729406E-5i
46700                                             46700                                             -48.93980823376231                                3.164203509131713E-5-6.40684189304741E-5i
46850                                             46850                                             -46.99439978875051                                6.860429396754464E-5+5.7313159752658827E-5i
47000                                             47000                                             -71.641765230101                                  1.702646746815084E-6+4.950694946881384E-6i
47150                                             47150                                             -39.25972643737182                                5.310322681278956E-5+2.1121975521154468E-4i
47300                                             47300                                             -37.682471250917175                               2.598197225793242E-4+2.64232117263008E-5i
47450                                             47450                                             -48.93692472332792                                3.342471671835545E-5-6.318354419632133E-5i
47600                                             47600                                             -46.98705884469172                                6.704107321903185E-5+5.92483016559342E-5i
47750                                             47750                                             -71.58961563557364                                1.5567782463143942E-6+5.031493680474064E-6i
47900                                             47900                                             -39.25147592320277                                4.7292880601290666E-5+2.128081743700827E-4i
48050                                             48050                                             -37.67536158815409                                2.5920591661460213E-4+3.359335402264296E-5i
48200                                             48200                                             -48.9321643505921                                 3.516768874700649E-5-6.227526916546822E-5i
48350                                             48350                                             -46.9787472813396                                 6.544910819489269E-5+6.112786134326864E-5i
48500                                             48500                                             -71.58171903241428                                1.4069139026573474E-6+5.080409818059017E-6i
48650                                             48650                                             -39.2428489831476                                 4.152148412489565E-5+2.1422977993945658E-4i
48800                                             48800                                             -37.66765179815821                                2.5842622388722036E-4+4.0663167299670455E-5i
48950                                             48950                                             -48.92677741343532                                3.687185267098325E-5-6.133343666669955E-5i
49100                                             49100                                             -46.97003697432274                                6.382991113951242E-5+6.294477957524691E-5i
49250                                             49250                                             -71.55240757248093                                1.2564178029639272E-6+5.138052136310911E-6i
49400                                             49400                                             -39.23362194708345                                3.577629499468271E-5+2.1549887891580966E-4i
49550                                             49550                                             -37.659681552357625                               2.5747514258323E-4+4.764315787531004E-5i
49700                                             49700                                             -48.92054093223439                                3.853556780375467E-5-6.036301438427927E-5i
49850                                             49850                                             -46.9612080356384                                 6.218256205825501E-5+6.469919422102954E-5i
50000                                             50000                                             -71.52532979239513                                1.106518867255435E-6+5.189293511898008E-6i
50150                                             50150                                             -39.22487694553367                                3.0061778139689466E-5+2.1659220977354732E-4i
50300                                             50300                                             -37.65180392724315                                2.563522845042132E-4+5.450967772968607E-5i
50450                                             50450                                             -48.915793976329326                               4.0142812009091866E-5-5.9353576048581935E-5i
50600                                             50600                                             -46.952669658934184                               6.0511088367409815E-5+6.638457886287696E-5i
50750                                             50750                                             -71.49730585516149                                9.56611954761044E-7+5.236439377442892E-6i
50900                                             50900                                             -39.21652517618029                                2.4412040476318175E-5+2.1751319434382133E-4i
51050                                             51050                                             -37.64460528168674                                2.550563029172226E-4+6.122114756468289E-5i
51200                                             51200                                             -48.91135036069442                                4.169251976615662E-5-5.832051214282874E-5i
51350                                             51350                                             -46.94494049782208                                5.882885087288292E-5+6.798560711451795E-5i
51500                                             51500                                             -71.46984068141319                                8.092660134240148E-7+5.2782815166407815E-6i
51650                                             51650                                             -39.20962839956193                                1.8896015673619537E-5+2.1823615250327055E-4i
51800                                             51800                                             -37.63913315357887                                2.535940540178694E-4+6.76649647299854E-5i
51950                                             51950                                             -48.907286767739386                               4.3154504304310226E-5-5.7289163951423916E-5i
52100                                             52100                                             -46.940238115836024                               5.7171042254611226E-5+6.94485779582088E-5i
52250                                             52250                                             -71.45029668939402                                6.679612259974377E-7+5.310141931724743E-6i
52400                                             52400                                             -39.20633105163833                                1.3782864468792067E-5+2.1870197917628342E-4i
52550                                             52550                                             -37.63793155331661                                2.520394471518528E-4+7.337350597325099E-5i
52700                                             52700                                             -48.91087286241782                                4.4333976674137965E-5-5.634369501239522E-5i
52850                                             52850                                             -46.94118352655632                                5.584663616342578E-5+7.050549634912695E-5i
53000                                             53000                                             -71.46026999160921                                5.803130636028442E-7+5.314255648536381E-6i
53150                                             53150                                             -39.20115857244881                                1.379993510308708E-5+2.1883169721859108E-4i
53300                                             53300                                             -37.409048821065355                               2.6737193876263943E-4+3.389365383121845E-5i
53450                                             53450                                             -49.04246291111761                                4.90197070752707E-5-5.0830832980630625E-5i
53600                                             53600                                             -47.24753707623512                                4.659955979657848E-5+7.32622108261527E-5i
53750                                             53750                                             -70.98597889590353                                4.890949694691393E-7+5.624647556157214E-6i
53900                                             53900                                             -39.1150982446456                                 3.3579877690148585E-6+2.2142423229398744E-4i
54050                                             54050                                             -37.59411785649353                                2.4930979351961424E-4+8.631843276152296E-5i
54200                                             54200                                             -48.901034472578615                               4.716447737823648E-5-5.410437138009261E-5i
54350                                             54350                                             -46.94666533562727                                5.235536296199772E-5+7.306560676889617E-5i
54500                                             54500                                             -71.3606224086525                                 3.25867264561186E-7+5.397701625775575E-6i
54650                                             54650                                             -39.32333016555273                                3.4567188315071107E-6+2.1617624672609637E-4i
54800                                             54800                                             -37.9575399427364                                 2.4213673225881305E-4+7.340556540058607E-5i
54950                                             54950                                             -52.7013803861162                                 1.4188087739119837E-5-4.4115107246889274E-5i
55100                                             55100                                             -46.387599946730596                               4.150885002068838E-5+8.640999405373773E-5i
55250                                             55250                                             -71.12824311720051                                -3.892003925809462E-7+5.540499860678949E-6i
55400                                             55400                                             -38.94587836037321                                -2.1097434222738798E-5+2.2481856863787453E-4i
55550                                             55550                                             -37.41403991635916                                2.4448594681797386E-4+1.130474510937507E-4i
55700                                             55700                                             -48.7098441624778                                 5.344445407368115E-5-5.02725066217069E-5i
55850                                             55850                                             -46.70282421960153                                4.502290734414993E-5+8.074172841887606E-5i
56000                                             56000                                             -71.21838269223707                                1.7984490957578814E-7+5.493868839856475E-6i
56150                                             56150                                             -39.07759751814026                                -1.738038723925195E-5+2.217277061782319E-4i
56300                                             56300                                             -37.5031158265181                                 2.4227762653022955E-4+1.1127314877956707E-4i
56450                                             56450                                             -48.786549483347954                               5.303638736259275E-5-4.9764695875254006E-5i
56600                                             56600                                             -46.79662210570647                                4.516176941266048E-5+7.952422122126102E-5i
56750                                             56750                                             -71.17734173541652                                -3.7427666832456907E-7+5.510148951337612E-6i
56900                                             56900                                             -39.059905494974686                               -2.4503295416311577E-5+2.2151018394755972E-4i
57050                                             57050                                             -37.496752356474914                               2.39365626485466E-4+1.1784941608672383E-4i
57200                                             57200                                             -48.78513396393586                                5.429608506724026E-5-4.8404986980776776E-5i
57350                                             57350                                             -46.79116566025172                                4.317454855728986E-5+8.068556386431336E-5i
57500                                             57500                                             -71.15046991976436                                -5.391882617056254E-7+5.5136570930036655E-6i
57650                                             57650                                             -39.05437484300255                                -2.9987515881124693E-5+2.2097785499142208E-4i
57800                                             57800                                             -37.49176166050375                                2.3651567935595308E-4+1.2380052506943962E-4i
57950                                             57950                                             -48.78228340904491                                5.549761759310323E-5-4.7059495269619056E-5i
58100                                             58100                                             -46.78454122471324                                4.1193182414911433E-5+8.17930728859162E-5i
58250                                             58250                                             -71.12984462580704                                -6.804887879297006E-7+5.511277256009528E-6i
58400                                             58400                                             -39.047232554376386                               -3.547268123116343E-5+2.2034973347773157E-4i
58550                                             58550                                             -37.48546132561292                                2.335493175750769E-4+1.297089596512535E-4i
58700                                             58700                                             -48.77860943881737                                5.6669512893792184E-5-4.569057754821859E-5i
58850                                             58850                                             -46.77746944443957                                3.9191726309617536E-5+8.28532534451476E-5i
59000                                             59000                                             -71.11586518967147                                -8.286159426384998E-7+5.500005367142791E-6i
59150                                             59150                                             -39.04085772204042                                -4.085629205152763E-5+2.1958199088867314E-4i
59300                                             59300                                             -37.48153904669181                                2.3046949181637633E-4+1.35343995449122E-4i
59450                                             59450                                             -48.77941004525791                                5.7716189254541916E-5-4.4350054035247055E-5i
59600                                             59600                                             -46.78257140911523                                3.7368628559020234E-5+8.363238350084234E-5i
59750                                             59750                                             -71.16962294730502                                -9.028069094529911E-7+5.45353314640451E-6i
59900                                             59900                                             -38.980487803008835                               -4.9396252777222927E-5+2.1941691407434405E-4i
60050                                             60050                                             -37.447842977372815                               2.270159173656805E-4+1.4301872868793808E-4i
60200                                             60200                                             -48.75124368182719                                5.923772641497349E-5-4.270187587618324E-5i
60350                                             60350                                             -46.74586664098533                                3.4849013562765485E-5+8.513255676012577E-5i
60500                                             60500                                             -71.02254338312315                                -1.1632148556595112E-6+5.500505409483658E-6i
60650                                             60650                                             -39.009647993182                                  -5.261548364676738E-5+2.1789190386856117E-4i
60800                                             60800                                             -37.451082431365556                               2.2371274210408743E-4+1.479510524000638E-4i
60950                                             60950                                             -48.752031463754264                               6.022286024354173E-5-4.128920360790822E-5i
61100                                             61100                                             -46.740148475699144                               3.280946167583121E-5+8.600403526648481E-5i
61250                                             61250                                             -70.99899834791243                                -1.3142872918869841E-6+5.482071439577574E-6i
61400                                             61400                                             -39.00151638354653                                -5.8016561491291974E-5+2.1673374325892336E-4i
61550                                             61550                                             -37.443190769417804                               2.2018165292297942E-4+1.5358314228697267E-4i
61700                                             61700                                             -48.74535917272197                                6.127724769794396E-5-3.981064732294648E-5i
61850                                             61850                                             -46.73268757940864                                3.0691907397073503E-5+8.686616439423922E-5i
62000                                             62000                                             -70.96606931341799                                -1.4794942441165304E-6+5.461999309619436E-6i
62150                                             62150                                             -38.99223045537786                                -6.346426400161143E-5+2.1545178855419955E-4i
62300                                             62300                                             -37.43502275218848                                2.1648687560643642E-4+1.5917551290656196E-4i
62450                                             62450                                             -48.7386020444401                                 6.230064928214318E-5-3.829794244292195E-5i
62600                                             62600                                             -46.7225889047658                                 2.8535056647349677E-5+8.771108114602466E-5i
62750                                             62750                                             -70.94278505721023                                -1.6266633913186723E-6+5.435848733914561E-6i
62900                                             62900                                             -38.98314893366678                                -6.888899955448391E-5+2.1402591455443876E-4i
63050                                             63050                                             -37.427764511094615                               2.1264243038709996E-4+1.6464319127984517E-4i
63200                                             63200                                             -48.734522591709464                               6.326863083350176E-5-3.6745198814136515E-5i
63350                                             63350                                             -46.71323896423356                                2.635482229185193E-5+8.849430532598124E-5i
63500                                             63500                                             -70.92281397637876                                -1.7797390025053872E-6+5.401425918538649E-6i
63650                                             63650                                             -38.97540304112782                                -7.425547466988203E-5+2.1243623774169773E-4i
63800                                             63800                                             -37.42003407434917                                2.086530705278089E-4+1.7004979094947803E-4i
63950                                             63950                                             -48.72979777691994                                6.419790776041046E-5-3.517932511143407E-5i
64100                                             64100                                             -46.70614247478552                                2.4172659769006177E-5+8.919329604806236E-5i
64250                                             64250                                             -70.88817085904371                                -1.9367058611274857E-6+5.371319203972824E-6i
64400                                             64400                                             -38.968981560936896                               -7.953825819628779E-5+2.1069321845346156E-4i
64550                                             64550                                             -37.4149530268635                                 2.0451656742132007E-4+1.7524504343235936E-4i
64700                                             64700                                             -48.72805184898362                                6.505838984122159E-5-3.359340709163661E-5i
64850                                             64850                                             -46.70173153576937                                2.197953724825119E-5+8.980723440132898E-5i
65000                                             65000                                             -70.86136194928578                                -2.0875748979465314E-6+5.333460783463195E-6i
65150                                             65150                                             -38.96589271494362                                -8.468139330897184E-5+2.087656906026858E-4i
65300                                             65300                                             -37.414598929483205                               2.001980512887913E-4+1.8017909533341037E-4i
65450                                             65450                                             -48.731102919165565                               6.583201401877403E-5-3.199206111192954E-5i
65600                                             65600                                             -46.70424217321778                                1.98012683607085E-5+9.028515266862325E-5i
65750                                             65750                                             -70.84471193272861                                -2.2321813656356326E-6+5.286505838975053E-6i
65900                                             65900                                             -38.97467617097332                                -8.949461286833493E-5+2.064999312975102E-4i
66050                                             66050                                             -37.429383710799186                               1.9561146930230366E-4+1.8448137246795948E-4i
66200                                             66200                                             -48.755452836358174                               6.636424973827104E-5-3.0383861058136397E-5i
66350                                             66350                                             -46.73616510235642                                1.772361186830329E-5+9.037036920500618E-5i
66500                                             66500                                             -70.8785078010247                                 -2.340568180936309E-6+5.2150033752473846E-6i
66650                                             66650                                             -39.06061273133286                                -9.252499427236938E-5+2.0272693706713252E-4i
66800                                             66800                                             -37.60326751277465                                1.8900985655817548E-4+1.8367097754545814E-4i
66950                                             66950                                             -49.38834493620615                                6.160888422740429E-5-2.8448225252719617E-5i
67100                                             67100                                             -45.97454313935763                                1.2747527661172153E-5+9.972018100168345E-5i
67250                                             67250                                             -70.58321837353577                                -2.6911319203626327E-6+5.266045295937438E-6i
67400                                             67400                                             -38.79648596629131                                -1.0180638459078573E-4+2.059330299702955E-4i
67550                                             67550                                             -37.329593693665934                               1.914540486008809E-4+1.9319164766240515E-4i
67700                                             67700                                             -48.23118617837927                                7.492936423592056E-5-1.9912716167858058E-5i
67850                                             67850                                             -46.505007318152714                               1.0913562984216085E-5+9.39439187264135E-5i
68000                                             68000                                             -70.61003007394883                                -2.833767256849029E-6+5.169907118296457E-6i
68150                                             68150                                             -38.81363943502589                                -1.09607454658045E-4+2.0137311322421247E-4i
68300                                             68300                                             -37.27070886113949                                1.8176208513137615E-4+2.048171969538659E-4i
68450                                             68450                                             -48.5946057361862                                 7.00980336443835E-5-2.4792441640220098E-5i
68600                                             68600                                             -46.53437985396962                                9.489852217714478E-6+9.377749180072836E-5i
68750                                             68750                                             -70.29699848734472                                -3.4166203918273297E-6+5.067808778846938E-6i
68900                                             68900                                             -38.90518931202387                                -1.1059927908935174E-4+1.98081412533746E-4i
69050                                             69050                                             -37.33017475174959                                1.7719086642015158E-4+2.0632781013651957E-4i
69200                                             69200                                             -48.650384530721894                               7.007764839878083E-5-2.3387442653177715E-5i
69350                                             69350                                             -46.60211644091316                                7.869207902133635E-6+9.319258804829644E-5i
69500                                             69500                                             -70.65042741893618                                -3.0476385713962273E-6+5.01480407799626E-6i
69650                                             69650                                             -38.86804966727526                                -1.1834220646639304E-4+1.946936048468073E-4i
69800                                             69800                                             -37.33826897011212                                1.6663907998776262E-4+2.1461932676913875E-4i
69950                                             69950                                             -48.582261621849995                               7.041751339970093E-5-2.419729776514945E-5i
70100                                             70100                                             -46.57002266687606                                6.88551875527299E-6+9.361757043091501E-5i
70250                                             70250                                             -70.58782613468323                                -3.154330851073972E-6+4.998653284626897E-6i
70400                                             70400                                             -38.840517611121804                               -1.2081978860561948E-4+1.9401852378497786E-4i
70550                                             70550                                             -37.29602473660331                                1.6855555465544736E-4+2.1480390884454081E-4i
70700                                             70700                                             -48.628035222495456                               7.120767808604933E-5-2.038320367603319E-5i
70850                                             70850                                             -46.57763801432989                                3.949467314134925E-6+9.370498319716258E-5i
71000                                             71000                                             -70.59274657654777                                -3.299856040639426E-6+4.899768193955545E-6i
71150                                             71150                                             -38.84135241315148                                -1.257603227281523E-4+1.9082690947236358E-4i
71300                                             71300                                             -37.302308316421495                               1.6317345406408057E-4+2.1867402953790194E-4i
71450                                             71450                                             -48.707581582335735                               7.08719598273011E-5-1.906843966348326E-5i
71600                                             71600                                             -46.542851714060944                               1.383472107208128E-6+9.415438092086337E-5i
71750                                             71750                                             -70.53470132334476                                -3.451691765077314E-6+4.84274125733819E-6i
71900                                             71900                                             -38.819435097307455                               -1.30933165346514E-4+1.8801949346403113E-4i
72050                                             72050                                             -37.27524811923192                                1.5791533278208814E-4+2.2354406990743314E-4i
72200                                             72200                                             -48.612382358516975                               7.226081128630657E-5-1.6857993286989448E-5i
72350                                             72350                                             -46.55295087634465                                -6.709364687162989E-7+9.405272909113194E-5i
72500                                             72500                                             -70.51789302863766                                -3.585699051567026E-6+4.758804792337479E-6i
72650                                             72650                                             -38.81263971712567                                -1.3531903878405416E-4+1.851101944475575E-4i
72800                                             72800                                             -37.26814397330828                                1.5289531150136648E-4+2.2727706273439896E-4i
72950                                             72950                                             -48.60580865519765                                7.267989441822609E-5-1.5224648732825585E-5i
73100                                             73100                                             -46.542610095624696                               -2.7856560865791025E-6+9.412595224644882E-5i
73250                                             73250                                             -70.4890960225933                                 -3.7133694505975257E-6+4.685140878812888E-6i
73400                                             73400                                             -38.80034767802517                                -1.395233960074238E-4+1.823712431076041E-4i
73550                                             73550                                             -37.25556505124462                                1.4820296988260484E-4+2.3083621202391047E-4i
73700                                             73700                                             -48.593689123907026                               7.30845235645261E-5-1.3719286916069606E-5i
73850                                             73850                                             -46.52717094868899                                -4.707921097746315E-6+9.421714335466902E-5i
74000                                             74000                                             -70.46118494209553                                -3.824405933272601E-6+4.619957466589497E-6i
74150                                             74150                                             -38.78053366073373                                -1.431962395168629E-4+1.8017211048437787E-4i
74300                                             74300                                             -37.23322263065838                                1.4460121246329116E-4+2.339403498525794E-4i
74450                                             74450                                             -48.568328702947724                               7.349906793607808E-5-1.2642686939567938E-5i
74600                                             74600                                             -46.494458337179324                               -5.922139414638039E-6+9.450527328969116E-5i
74750                                             74750                                             -70.42342775498844                                -3.8880674884111954E-6+4.600772012253174E-6i
74900                                             74900                                             -38.7238912340453                                 -1.4455120732870252E-4+1.8101780109303078E-4i
75050                                             75050                                             -37.139975143020266                               1.4821233883649532E-4+2.351856237226002E-4i
75200                                             75200                                             -48.439774806493546                               7.40553795777199E-5-1.5647664738049905E-5i
75350                                             75350                                             -46.18891971303089                                6.817637913714147E-6+9.78435670155875E-5i
75500                                             75500                                             -71.97935982028618                                -4.813034358619461E-6-1.4809545764160603E-6i
75650                                             75650                                             -39.09697859197236                                -1.699813242308501E-4+1.42658151950803E-4i
75800                                             75800                                             -37.4250256918156                                 1.0784292580784394E-4+2.464542790047153E-4i
75950                                             75950                                             -48.73274139082203                                7.309368239366565E-5-3.5551149676349425E-6i
76100                                             76100                                             -46.6222573091619                                 -1.6335561357272432E-5+9.186654513382297E-5i
76250                                             76250                                             -70.41631656561337                                -4.438194360301129E-6+4.079958765057512E-6i
76400                                             76400                                             -38.85416377051183                                -1.6181916690571896E-4+1.6090766357645947E-4i
76550                                             76550                                             -37.30972161945026                                1.1564325392848795E-4+2.4686753441860443E-4i
76700                                             76700                                             -48.658978677637066                               7.369532157608383E-5-4.0073846895305465E-6i
76850                                             76850                                             -46.57142792071965                                -1.6829068410439962E-5+9.233413007236901E-5i
77000                                             77000                                             -70.38596546363948                                -4.486491345434551E-6+4.058313540999947E-6i
77150                                             77150                                             -38.82597457065985                                -1.6449460153317164E-4+1.5923995779987266E-4i
77300                                             77300                                             -37.28702546969217                                1.1202597582410379E-4+2.4931208964140694E-4i
77450                                             77450                                             -48.642103813650564                               7.389788960265875E-5-2.7143378992233735E-6i
77600                                             77600                                             -46.55668759344653                                -1.859069322257545E-5+9.215825461938998E-5i
77750                                             77750                                             -70.37517922491412                                -4.581944592407794E-6+3.961730307699973E-6i
77900                                             77900                                             -38.81483870643932                                -1.67930555105833E-4+1.5604403258384636E-4i
78050                                             78050                                             -37.2786829626211                                 1.068578721051261E-4+2.5185586409193217E-4i
78200                                             78200                                             -48.63730000554991                                7.398010940634636E-5-1.122952391963139E-6i
78350                                             78350                                             -46.550374452277545                               -2.062155195425852E-5+9.179524610203327E-5i
78500                                             78500                                             -70.33488420460432                                -4.694785504133492E-6+3.871758234796907E-6i
78650                                             78650                                             -38.813497499563326                               -1.714290786098971E-4+1.5224557070780964E-4i
78800                                             78800                                             -37.280708992625016                               1.0105916251412772E-4+2.5416946435530274E-4i
78950                                             78950                                             -48.64467537521943                                7.39234964818869E-5+5.877527300413021E-7i
79100                                             79100                                             -46.55979539884313                                -2.273503796257348E-5+9.118965444254723E-5i
79250                                             79250                                             -70.33027227971667                                -4.793672254976844E-6+3.7538746684440127E-6i
79400                                             79400                                             -38.84020227232749                                -1.744969936611218E-4+1.4763197957334828E-4i
79550                                             79550                                             -37.327541545679665                               9.424701909876987E-5+2.552060527600819E-4i
79700                                             79700                                             -48.73646419919639                                7.310607674676506E-5+2.49762461312919E-6i
79850                                             79850                                             -46.81635931805459                                -2.484173102512699E-5+8.7798927636773E-5i
80000                                             80000                                             -69.38379696954564                                -5.51469189291609E-6+3.96055342255508E-6i
80150                                             80150                                             -38.57818760949854                                -1.8256532562499483E-4+1.4887339792768461E-4i
80300                                             80300                                             -37.13043522008987                                9.144399196020503E-5+2.6284427535139265E-4i
80450                                             80450                                             -48.52923092517544                                7.481310868662217E-5+3.9047854841767204E-6i
80600                                             80600                                             -46.44879090644441                                -2.7145967790520587E-5+9.123703173075093E-5i
80750                                             80750                                             -70.19292597126845                                -5.059446244959354E-6+3.5586485676031288E-6i
80900                                             80900                                             -38.72557541167128                                -1.8332287671585235E-4+1.4154297102408897E-4i
81050                                             81050                                             -37.1979987753135                                 8.411879435310521E-5+2.630163238755978E-4i
81200                                             81200                                             -48.56901973192482                                7.435284612217208E-5+5.720128759323373E-6i
81350                                             81350                                             -46.47280079175214                                -2.9274092721631728E-5+9.03004492117665E-5i
81500                                             81500                                             -70.1957738325554                                 -5.149031180651242E-6+3.4240870295798587E-6i
81650                                             81650                                             -38.73714052841925                                -1.8639513594898016E-4+1.3695213423492447E-4i
81800                                             81800                                             -37.20671149979644                                7.779353845333015E-5+2.646675246952279E-4i
81950                                             81950                                             -48.575064315232126                               7.414434037777973E-5+7.479825469447476E-6i
82100                                             82100                                             -46.46038600397355                                -3.1471353678313996E-5+8.97022504361411E-5i
82250                                             82250                                             -70.45146345918955                                -5.001598707088384E-6+3.3218527489831118E-6i
82400                                             82400                                             -39.08683052981334                                -1.77475933315685E-4+1.3365064995440878E-4i
82550                                             82550                                             -37.110782208944435                               6.881444154549499E-5+2.703053125429067E-4i
82700                                             82700                                             -48.54441699204116                                7.414610505307451E-5+9.747486293676388E-6i
82850                                             82850                                             -46.44921568146284                                -3.40224962700475E-5+8.889703633208068E-5i
83000                                             83000                                             -70.1262012074583                                 -5.373757716919947E-6+3.1586544468886757E-6i
83150                                             83150                                             -38.72134529763291                                -1.9344493074635594E-4+1.2756575583294794E-4i
83300                                             83300                                             -37.19408757247432                                6.440083970798982E-5+2.6865366921924316E-4i
83450                                             83450                                             -48.57144044548417                                7.370225931707663E-5+1.1222466439253509E-5i
83600                                             83600                                             -46.46717110568744                                -3.5878255909005397E-5+8.79521628673885E-5i
83750                                             83750                                             -70.12930723389775                                -5.455154276412522E-6+3.011292654564457E-6i
83900                                             83900                                             -38.66401356717                                   -1.9793209145624324E-4+1.2341138569482712E-4i
84050                                             84050                                             -37.18214805249404                                5.804361464567531E-5+2.7048717707300884E-4i
84200                                             84200                                             -48.5643208253206                                 7.347278826785875E-5+1.2993656464788117E-5i
84350                                             84350                                             -46.454558760673436                               -3.803788307610301E-5+8.719055534445186E-5i
84500                                             84500                                             -70.09540382235164                                -5.546915187615298E-6+2.891818008832203E-6i
84650                                             84650                                             -38.71629432801527                                -1.993315458439504E-4+1.1842036173992376E-4i
84800                                             84800                                             -37.188649587674696                               5.16890697924155E-5+2.715623839768533E-4i
84950                                             84950                                             -48.567972867648805                               7.31170292318506E-5+1.4707354926812855E-5i
85100                                             85100                                             -46.45389679620298                                -4.0091320784974016E-5+8.627362794921822E-5i
85250                                             85250                                             -70.08233642384786                                -5.627420277765083E-6+2.7533503104137935E-6i
85400                                             85400                                             -38.71294871967135                                -2.021801385233557E-4+1.1367086839353391E-4i
85550                                             85550                                             -37.18389246272242                                4.50899588910203E-5+2.7288923676682675E-4i
85700                                             85700                                             -48.56003337988402                                7.278290527329423E-5+1.6590150110795676E-5i
85850                                             85850                                             -46.423642793389476                               -4.2942135545398497E-5+8.526249838725075E-5i
86000                                             86000                                             -70.09854125964667                                -5.604481820631335E-6+2.7735183849575407E-6i
86150                                             86150                                             -38.74170905217138                                -2.0286241444794628E-4+1.1085858703430151E-4i
86300                                             86300                                             -37.20952080935689                                4.13776829686352E-5+2.726525434283422E-4i
86450                                             86450                                             -48.59217440662549                                7.232332437195899E-5+1.7344511793360162E-5i
86600                                             86600                                             -46.46776596389841                                -4.3012409662979145E-5+8.468488077517655E-5i
86750                                             86750                                             -70.09593675786692                                -5.709282791865888E-6+2.555419325034336E-6i
86900                                             86900                                             -38.763096328335884                               -2.0356159368850602E-4+1.0836478026043928E-4i
87050                                             87050                                             -37.269745973352556                               4.3223843627371306E-5+2.7043643738411394E-4i
87200                                             87200                                             -48.779030112485884                               7.19705441279972E-5+1.089908639861914E-5i
87350                                             87350                                             -46.02782295957646                                -6.354605333225294E-5+7.710564992358115E-5i
87500                                             87500                                             -69.79602448063515                                -6.159360270818759E-6+1.996442353435768E-6i
87650                                             87650                                             -38.632390925329474                               -2.1507698832845534E-4+9.244987580014907E-5i
87800                                             87800                                             -37.12803849236742                                1.8475728511768708E-5+2.777598200075504E-4i
87950                                             87950                                             -48.529056550330026                               7.121016408223602E-5+2.3272010140296118E-5i
88100                                             88100                                             -46.405222410360345                               -4.996056042583241E-5+8.158676682934463E-5i
88250                                             88250                                             -69.90795433903298                                -6.043856679460724E-6+2.0805326426120985E-6i
88400                                             88400                                             -38.670273232873                                  -2.1454010291932502E-4+9.111346729517855E-5i
88550                                             88550                                             -37.14991185201694                                1.5118997440666249E-5+2.7726156849661177E-4i
88700                                             88700                                             -48.544973533746784                               7.070403137288128E-5+2.4349161927061935E-5i
88850                                             88850                                             -46.41563559525133                                -5.1375358944727445E-5+8.05674365280673E-5i
89000                                             89000                                             -69.93349143696845                                -6.073892708846618E-6+1.930053981524793E-6i
89150                                             89150                                             -38.67312380842548                                -2.1630921196524877E-4+8.662445519380668E-5i
89300                                             89300                                             -37.151568468418624                               9.134176623903922E-6+2.774702202057444E-4i
89450                                             89450                                             -48.543204234974844                               7.016836606316135E-5+2.5896346118936542E-5i
89600                                             89600                                             -46.41364088755972                                -5.317469982890621E-5+7.941778918485465E-5i
89750                                             89750                                             -69.90272492142842                                -6.141016894001261E-6+1.7871645714429008E-6i
89900                                             89900                                             -38.671104508524714                               -2.182934108505563E-4+8.16499137388238E-5i
90050                                             90050                                             -37.15097611865588                                2.7016326868412044E-6+2.7762631443106756E-4i
90200                                             90200                                             -48.54267919624321                                6.954400803593774E-5+2.7541380442808183E-5i
90350                                             90350                                             -46.408911209919424                               -5.506866314952674E-5+7.81801117121228E-5i
90500                                             90500                                             -69.8922506597942                                 -6.190924711102497E-6+1.6362373572720301E-6i
90650                                             90650                                             -38.666150903140164                               -2.2030854903004604E-4+7.645166232250755E-5i
90800                                             90800                                             -37.14389547511756                                -3.960432625627064E-6+2.778376545999883E-4i
90950                                             90950                                             -48.542225266680965                               6.886315913973151E-5+2.9212100562281407E-5i
91100                                             91100                                             -46.399341789779704                               -5.701984321104803E-5+7.689991546422359E-5i
91250                                             91250                                             -69.83311185205727                                -6.272808746987657E-6+1.4895913383883297E-6i
91400                                             91400                                             -38.658153849310885                               -2.223021837871597E-4+7.115251835121406E-5i
91550                                             91550                                             -37.13761500961089                                -1.075141511874822E-5+2.778589392700148E-4i
91700                                             91700                                             -48.536680089396526                               6.816740205300986E-5+3.091659445764172E-5i
91850                                             91850                                             -46.39018865568203                                -5.895846581693842E-5+7.555193534736215E-5i
92000                                             92000                                             -69.8343753400066                                 -6.310003855258817E-6+1.3186250392704935E-6i
92150                                             92150                                             -38.647131314570615                               -2.242971901740276E-4+6.565182618711862E-5i
92300                                             92300                                             -37.12566649150148                                -1.77768869569217E-5+2.7788160788710936E-4i
92450                                             92450                                             -48.52777436130432                                6.743128573571955E-5+3.2667305851719064E-5i
92600                                             92600                                             -46.378417162115525                               -6.0967091312202903E-5+7.410895228920911E-5i
92750                                             92750                                             -69.80994960394457                                -6.365013155151811E-6+1.12955797937353E-6i
92900                                             92900                                             -38.629524060560016                               -2.264298074633464E-4+5.975636046717803E-5i
93050                                             93050                                             -37.10795613191469                                -2.5495994188107218E-5+2.7785065597207836E-4i
93200                                             93200                                             -48.51108349810174                                6.657187906228268E-5+3.469775069786518E-5i
93350                                             93350                                             -46.36889925239397                                -6.340571556073815E-5+7.217369968215426E-5i
93500                                             93500                                             -69.84452636112947                                -6.379083098528859E-6+8.747594676394854E-7i
93650                                             93650                                             -37.71942585661375                                -2.489678632829895E-4+7.511045237029723E-5i
93800                                             93800                                             -36.816621956129445                               -3.0501012199590782E-5+2.869186058372941E-4i
93950                                             93950                                             -48.152885696584065                               6.85615520289451E-5+3.7677518755607764E-5i
94100                                             94100                                             -45.66358057558443                                -7.13429915782382E-5+7.594063444293919E-5i
94250                                             94250                                             -61.45328583751941                                -1.4168789099211487E-5+9.245870978502602E-6i
94400                                             94400                                             -39.40953973965728                                -2.0673952796002038E-4+5.553504749489235E-5i
94550                                             94550                                             -37.52358094166674                                -2.9131886889799397E-5+2.6438104011716757E-4i
94700                                             94700                                             -48.81544554306083                                6.346192709033582E-5+3.502699990576286E-5i
94850                                             94850                                             -46.59565640420577                                -6.336848449051136E-5+6.887843207914468E-5i
95000                                             95000                                             -69.89179909305267                                -6.36143971599612E-6+7.356425701932068E-7i
95150                                             95150                                             -38.797073301315216                               -2.2507599048804394E-4+4.5897873689249025E-5i
95300                                             95300                                             -37.26628239266575                                -4.045121966778087E-5+2.709754735253922E-4i
95450                                             95450                                             -48.66897205916931                                6.33761828635615E-5+3.765633270214064E-5i
95600                                             95600                                             -46.49765122305538                                -6.609381518374313E-5+6.775940150183235E-5i
95750                                             95750                                             -69.81348682764283                                -6.438618086745951E-6+5.472369810632927E-7i
95900                                             95900                                             -38.73797568987582                                -2.2775392330776079E-4+4.021065975090554E-5i
96050                                             96050                                             -37.19941866220863                                -4.7746927664849004E-5+2.7193540178571673E-4i
96200                                             96200                                             -48.77287133369439                                6.17183162875401E-5+3.869002460055171E-5i
96350                                             96350                                             -46.5099904588876                                 -6.76299094993782E-5+6.603411133943027E-5i
96500                                             96500                                             -69.82602599588051                                -6.4402592642176515E-6+3.974264065620403E-7i
96650                                             96650                                             -38.761677770864935                               -2.2800181695759036E-4+3.482517557273912E-5i
96800                                             96800                                             -37.29087127343116                                -5.339606951276776E-5+2.6793482736053864E-4i
96950                                             96950                                             -48.65753300738536                                6.163653813034964E-5+4.061785603648449E-5i
97100                                             97100                                             -46.50254239074683                                -6.906815415852474E-5+6.464699464403534E-5i
97250                                             97250                                             -69.83509379162234                                -6.441329712891797E-6+2.3941247284664513E-7i
97400                                             97400                                             -38.9083467761289                                 -2.2465703959750893E-4+3.098798843104156E-5i
97550                                             97550                                             -37.125167065290356                               -6.0675103921881135E-5+2.717750065772684E-4i
97700                                             97700                                             -48.626021842221604                               6.105453405280681E-5+4.19630334214105E-5i
97850                                             97850                                             -46.48254999330311                                -7.02487769275173E-5+6.368710321125182E-5i
98000                                             98000                                             -69.7686864545624                                 -6.493834014742461E-6+1.3547604238439703E-7i
98150                                             98150                                             -38.814068456944526                               -2.2728472458299898E-4+3.0023097742026827E-5i
98300                                             98300                                             -37.42415327268385                                -5.059938803436692E-5+2.64242406634585E-4i
98450                                             98450                                             -50.446176539796184                               5.596312471867204E-5+2.185382200525776E-5i
98600                                             98600                                             -46.20821392185896                                -8.147264182212233E-5+5.421632196145332E-5i
98750                                             98750                                             -69.63185267848735                                -6.585323744423555E-6-4.148946763926631E-7i
98900                                             98900                                             -38.6341861384333                                 -2.3382236283264746E-4+1.0466296534783481E-5i
99050                                             99050                                             -37.152379019910356                               -8.061082340582448E-5+2.656325810607152E-4i
99200                                             99200                                             -48.5992008094988                                 5.800426468988151E-5+4.645490830068599E-5i
99350                                             99350                                             -46.46578944759864                                -7.47421858954267E-5+5.864562059476608E-5i
99500                                             99500                                             -69.83396768834456                                -6.440056783851844E-6-2.9067166185114957E-7i
99650                                             99650                                             -38.97776923877727                                -2.2428026154835967E-4+1.7714689249825888E-5i
99800                                             99800                                             -35.48340583421553                                -1.7622278819107162E-4+2.865526582334077E-4i
99950                                             99950                                             -48.31581272460832                                5.692218209246702E-5+5.1524713373773956E-5i
